part_id,part_class,ata_chapter,aircraft_type,location_id,period_start_date,demand_quantity,issues_quantity,opening_inventory,closing_inventory,stockout_indicator,flight_cycles,lead_time_days
P001,fast_moving,32,A320,BASE_HYD,01-01-2018,10,10,25,15,0,609,15
P001,fast_moving,32,A320,BASE_HYD,01-02-2018,13,13,15,2,0,609,60
P001,fast_moving,32,A320,BASE_HYD,01-03-2018,5,2,2,0,1,610,60
P001,fast_moving,32,A320,BASE_HYD,01-04-2018,6,6,12,6,0,605,60
P001,fast_moving,32,A320,BASE_HYD,01-05-2018,6,6,6,0,0,603,15
P001,fast_moving,32,A320,BASE_HYD,01-06-2018,10,8,8,0,1,696,30
P001,fast_moving,32,A320,BASE_HYD,01-07-2018,4,4,9,5,0,685,60
P001,fast_moving,32,A320,BASE_HYD,01-08-2018,10,5,5,0,1,687,45
P001,fast_moving,32,A320,BASE_HYD,01-09-2018,10,10,11,1,0,598,60
P001,fast_moving,32,A320,BASE_HYD,01-10-2018,5,1,1,0,1,600,30
P001,fast_moving,32,A320,BASE_HYD,01-11-2018,5,5,10,5,0,608,30
P001,fast_moving,32,A320,BASE_HYD,01-12-2018,0,0,15,15,0,691,15
P001,fast_moving,32,A320,BASE_HYD,01-01-2019,5,5,15,10,0,602,45
P001,fast_moving,32,A320,BASE_HYD,01-02-2019,5,5,10,5,0,612,45
P001,fast_moving,32,A320,BASE_HYD,01-03-2019,4,4,5,1,0,602,45
P001,fast_moving,32,A320,BASE_HYD,01-04-2019,10,10,12,2,0,609,60
P001,fast_moving,32,A320,BASE_HYD,01-05-2019,8,2,2,0,1,599,45
P001,fast_moving,32,A320,BASE_HYD,01-06-2019,12,12,12,0,0,693,30
P001,fast_moving,32,A320,BASE_HYD,01-07-2019,9,7,7,0,1,688,60
P001,fast_moving,32,A320,BASE_HYD,01-08-2019,11,0,0,0,1,692,45
P001,fast_moving,32,A320,BASE_HYD,01-09-2019,10,10,12,2,0,609,60
P001,fast_moving,32,A320,BASE_HYD,01-10-2019,9,2,2,0,1,594,60
P001,fast_moving,32,A320,BASE_HYD,01-11-2019,10,10,12,2,0,607,45
P001,fast_moving,32,A320,BASE_HYD,01-12-2019,8,2,2,0,1,696,15
P001,fast_moving,32,A320,BASE_HYD,01-01-2020,10,7,7,0,1,599,15
P001,fast_moving,32,A320,BASE_HYD,01-02-2020,6,6,9,3,0,594,45
P001,fast_moving,32,A320,BASE_HYD,01-03-2020,6,3,3,0,1,603,15
P001,fast_moving,32,A320,BASE_HYD,01-04-2020,10,9,9,0,1,599,15
P001,fast_moving,32,A320,BASE_HYD,01-05-2020,8,8,12,4,0,604,60
P001,fast_moving,32,A320,BASE_HYD,01-06-2020,7,4,4,0,1,693,60
P001,fast_moving,32,A320,BASE_HYD,01-07-2020,13,9,9,0,1,704,45
P001,fast_moving,32,A320,BASE_HYD,01-08-2020,6,0,0,0,1,691,60
P001,fast_moving,32,A320,BASE_HYD,01-09-2020,6,6,12,6,0,596,45
P001,fast_moving,32,A320,BASE_HYD,01-10-2020,11,6,6,0,1,603,45
P001,fast_moving,32,A320,BASE_HYD,01-11-2020,11,9,9,0,1,604,30
P001,fast_moving,32,A320,BASE_HYD,01-12-2020,6,6,9,3,0,702,45
P001,fast_moving,32,A320,BASE_HYD,01-01-2021,9,3,3,0,1,606,45
P001,fast_moving,32,A320,BASE_HYD,01-02-2021,4,4,10,6,0,603,30
P001,fast_moving,32,A320,BASE_HYD,01-03-2021,9,9,15,6,0,609,15
P001,fast_moving,32,A320,BASE_HYD,01-04-2021,6,6,16,10,0,593,45
P001,fast_moving,32,A320,BASE_HYD,01-05-2021,7,7,10,3,0,597,60
P001,fast_moving,32,A320,BASE_HYD,01-06-2021,12,3,3,0,1,684,30
P001,fast_moving,32,A320,BASE_HYD,01-07-2021,8,8,10,2,0,688,15
P001,fast_moving,32,A320,BASE_HYD,01-08-2021,5,5,10,5,0,681,30
P001,fast_moving,32,A320,BASE_HYD,01-09-2021,18,14,14,0,1,604,30
P001,fast_moving,32,A320,BASE_HYD,01-10-2021,6,6,9,3,0,599,60
P001,fast_moving,32,A320,BASE_HYD,01-11-2021,8,3,3,0,1,592,30
P001,fast_moving,32,A320,BASE_HYD,01-12-2021,8,7,7,0,1,684,15
P001,fast_moving,32,A320,BASE_HYD,01-01-2022,5,5,8,3,0,601,45
P001,fast_moving,32,A320,BASE_HYD,01-02-2022,11,3,3,0,1,604,30
P001,fast_moving,32,A320,BASE_HYD,01-03-2022,11,7,7,0,1,611,15
P001,fast_moving,32,A320,BASE_HYD,01-04-2022,4,4,12,8,0,616,45
P001,fast_moving,32,A320,BASE_HYD,01-05-2022,0,0,8,8,0,601,15
P001,fast_moving,32,A320,BASE_HYD,01-06-2022,13,13,16,3,0,682,15
P001,fast_moving,32,A320,BASE_HYD,01-07-2022,9,9,12,3,0,674,60
P001,fast_moving,32,A320,BASE_HYD,01-08-2022,12,3,3,0,1,690,60
P001,fast_moving,32,A320,BASE_HYD,01-09-2022,3,3,10,7,0,594,30
P001,fast_moving,32,A320,BASE_HYD,01-10-2022,4,4,15,11,0,596,30
P001,fast_moving,32,A320,BASE_HYD,01-11-2022,5,5,11,6,0,595,15
P001,fast_moving,32,A320,BASE_HYD,01-12-2022,4,4,18,14,0,688,15
P001,fast_moving,32,A320,BASE_HYD,01-01-2023,8,8,14,6,0,603,30
P001,fast_moving,32,A320,BASE_HYD,01-02-2023,4,4,16,12,0,598,15
P001,fast_moving,32,A320,BASE_HYD,01-03-2023,3,3,12,9,0,596,30
P001,fast_moving,32,A320,BASE_HYD,01-04-2023,5,5,9,4,0,591,30
P001,fast_moving,32,A320,BASE_HYD,01-05-2023,11,11,12,1,0,587,15
P001,fast_moving,32,A320,BASE_HYD,01-06-2023,5,5,8,3,0,683,15
P001,fast_moving,32,A320,BASE_HYD,01-07-2023,8,8,12,4,0,686,15
P001,fast_moving,32,A320,BASE_HYD,01-08-2023,5,5,16,11,0,699,15
P001,fast_moving,32,A320,BASE_HYD,01-09-2023,7,7,11,4,0,598,45
P001,fast_moving,32,A320,BASE_HYD,01-10-2023,5,4,4,0,1,603,30
P001,fast_moving,32,A320,BASE_HYD,01-11-2023,11,11,11,0,0,594,60
P001,fast_moving,32,A320,BASE_HYD,01-12-2023,8,0,0,0,1,678,15
P001,fast_moving,32,A320,LINE_DEL,01-01-2018,10,10,18,8,0,609,15
P001,fast_moving,32,A320,LINE_DEL,01-02-2018,8,8,20,12,0,609,15
P001,fast_moving,32,A320,LINE_DEL,01-03-2018,8,8,12,4,0,610,15
P001,fast_moving,32,A320,LINE_DEL,01-04-2018,9,9,16,7,0,605,45
P001,fast_moving,32,A320,LINE_DEL,01-05-2018,9,7,7,0,1,603,60
P001,fast_moving,32,A320,LINE_DEL,01-06-2018,7,7,7,0,0,696,60
P001,fast_moving,32,A320,LINE_DEL,01-07-2018,11,0,0,0,1,685,30
P001,fast_moving,32,A320,LINE_DEL,01-08-2018,9,7,7,0,1,687,30
P001,fast_moving,32,A320,LINE_DEL,01-09-2018,3,3,7,4,0,598,15
P001,fast_moving,32,A320,LINE_DEL,01-10-2018,7,7,12,5,0,600,15
P001,fast_moving,32,A320,LINE_DEL,01-11-2018,7,7,14,7,0,608,30
P001,fast_moving,32,A320,LINE_DEL,01-12-2018,16,15,15,0,1,691,30
P001,fast_moving,32,A320,LINE_DEL,01-01-2019,6,6,8,2,0,602,60
P001,fast_moving,32,A320,LINE_DEL,01-02-2019,7,2,2,0,1,612,60
P001,fast_moving,32,A320,LINE_DEL,01-03-2019,12,8,8,0,1,602,45
P001,fast_moving,32,A320,LINE_DEL,01-04-2019,0,0,0,0,0,609,45
P001,fast_moving,32,A320,LINE_DEL,01-05-2019,15,11,11,0,1,599,30
P001,fast_moving,32,A320,LINE_DEL,01-06-2019,9,9,10,1,0,693,30
P001,fast_moving,32,A320,LINE_DEL,01-07-2019,6,6,8,2,0,688,30
P001,fast_moving,32,A320,LINE_DEL,01-08-2019,9,9,10,1,0,692,15
P001,fast_moving,32,A320,LINE_DEL,01-09-2019,9,8,8,0,1,609,60
P001,fast_moving,32,A320,LINE_DEL,01-10-2019,10,0,0,0,1,594,30
P001,fast_moving,32,A320,LINE_DEL,01-11-2019,12,10,10,0,1,607,60
P001,fast_moving,32,A320,LINE_DEL,01-12-2019,3,0,0,0,1,696,30
P001,fast_moving,32,A320,LINE_DEL,01-01-2020,5,5,8,3,0,599,60
P001,fast_moving,32,A320,LINE_DEL,01-02-2020,10,3,3,0,1,594,30
P001,fast_moving,32,A320,LINE_DEL,01-03-2020,4,4,10,6,0,603,30
P001,fast_moving,32,A320,LINE_DEL,01-04-2020,11,11,13,2,0,599,15
P001,fast_moving,32,A320,LINE_DEL,01-05-2020,8,8,9,1,0,604,60
P001,fast_moving,32,A320,LINE_DEL,01-06-2020,11,1,1,0,1,693,30
P001,fast_moving,32,A320,LINE_DEL,01-07-2020,4,4,10,6,0,704,60
P001,fast_moving,32,A320,LINE_DEL,01-08-2020,8,6,6,0,1,691,15
P001,fast_moving,32,A320,LINE_DEL,01-09-2020,6,6,7,1,0,596,30
P001,fast_moving,32,A320,LINE_DEL,01-10-2020,7,7,13,6,0,603,45
P001,fast_moving,32,A320,LINE_DEL,01-11-2020,8,6,6,0,1,604,15
P001,fast_moving,32,A320,LINE_DEL,01-12-2020,12,12,12,0,0,702,60
P001,fast_moving,32,A320,LINE_DEL,01-01-2021,10,0,0,0,1,606,15
P001,fast_moving,32,A320,LINE_DEL,01-02-2021,7,7,7,0,0,603,45
P001,fast_moving,32,A320,LINE_DEL,01-03-2021,10,0,0,0,1,609,60
P001,fast_moving,32,A320,LINE_DEL,01-04-2021,4,4,7,3,0,593,60
P001,fast_moving,32,A320,LINE_DEL,01-05-2021,6,3,3,0,1,597,30
P001,fast_moving,32,A320,LINE_DEL,01-06-2021,12,10,10,0,1,684,15
P001,fast_moving,32,A320,LINE_DEL,01-07-2021,11,10,10,0,1,688,45
P001,fast_moving,32,A320,LINE_DEL,01-08-2021,8,0,0,0,1,681,45
P001,fast_moving,32,A320,LINE_DEL,01-09-2021,6,6,11,5,0,604,15
P001,fast_moving,32,A320,LINE_DEL,01-10-2021,8,8,12,4,0,599,60
P001,fast_moving,32,A320,LINE_DEL,01-11-2021,6,4,4,0,1,592,60
P001,fast_moving,32,A320,LINE_DEL,01-12-2021,6,6,7,1,0,684,15
P001,fast_moving,32,A320,LINE_DEL,01-01-2022,7,7,12,5,0,601,60
P001,fast_moving,32,A320,LINE_DEL,01-02-2022,10,5,5,0,1,604,15
P001,fast_moving,32,A320,LINE_DEL,01-03-2022,10,9,9,0,1,611,60
P001,fast_moving,32,A320,LINE_DEL,01-04-2022,6,0,0,0,1,616,45
P001,fast_moving,32,A320,LINE_DEL,01-05-2022,6,6,8,2,0,601,60
P001,fast_moving,32,A320,LINE_DEL,01-06-2022,11,2,2,0,1,682,15
P001,fast_moving,32,A320,LINE_DEL,01-07-2022,10,10,11,1,0,674,60
P001,fast_moving,32,A320,LINE_DEL,01-08-2022,9,1,1,0,1,690,45
P001,fast_moving,32,A320,LINE_DEL,01-09-2022,5,5,7,2,0,594,45
P001,fast_moving,32,A320,LINE_DEL,01-10-2022,11,2,2,0,1,596,30
P001,fast_moving,32,A320,LINE_DEL,01-11-2022,10,8,8,0,1,595,15
P001,fast_moving,32,A320,LINE_DEL,01-12-2022,8,8,12,4,0,688,15
P001,fast_moving,32,A320,LINE_DEL,01-01-2023,8,8,12,4,0,603,45
P001,fast_moving,32,A320,LINE_DEL,01-02-2023,10,4,4,0,1,598,45
P001,fast_moving,32,A320,LINE_DEL,01-03-2023,6,6,11,5,0,596,45
P001,fast_moving,32,A320,LINE_DEL,01-04-2023,14,5,5,0,1,591,60
P001,fast_moving,32,A320,LINE_DEL,01-05-2023,0,0,10,10,0,587,30
P001,fast_moving,32,A320,LINE_DEL,01-06-2023,13,10,10,0,1,683,60
P001,fast_moving,32,A320,LINE_DEL,01-07-2023,7,0,0,0,1,686,60
P001,fast_moving,32,A320,LINE_DEL,01-08-2023,10,10,11,1,0,699,60
P001,fast_moving,32,A320,LINE_DEL,01-09-2023,10,1,1,0,1,598,15
P001,fast_moving,32,A320,LINE_DEL,01-10-2023,0,0,11,11,0,603,60
P001,fast_moving,32,A320,LINE_DEL,01-11-2023,5,5,11,6,0,594,45
P001,fast_moving,32,A320,LINE_DEL,01-12-2023,11,6,6,0,1,678,45
P001,fast_moving,32,A320,MRO_BLR,01-01-2018,11,11,23,12,0,609,15
P001,fast_moving,32,A320,MRO_BLR,01-02-2018,11,11,12,1,0,609,15
P001,fast_moving,32,A320,MRO_BLR,01-03-2018,6,6,8,2,0,610,30
P001,fast_moving,32,A320,MRO_BLR,01-04-2018,10,10,13,3,0,605,15
P001,fast_moving,32,A320,MRO_BLR,01-05-2018,9,9,15,6,0,603,30
P001,fast_moving,32,A320,MRO_BLR,01-06-2018,10,10,13,3,0,696,30
P001,fast_moving,32,A320,MRO_BLR,01-07-2018,7,7,14,7,0,685,15
P001,fast_moving,32,A320,MRO_BLR,01-08-2018,9,9,14,5,0,687,60
P001,fast_moving,32,A320,MRO_BLR,01-09-2018,8,5,5,0,1,598,30
P001,fast_moving,32,A320,MRO_BLR,01-10-2018,9,9,10,1,0,600,60
P001,fast_moving,32,A320,MRO_BLR,01-11-2018,4,1,1,0,1,608,30
P001,fast_moving,32,A320,MRO_BLR,01-12-2018,13,12,12,0,1,691,45
P001,fast_moving,32,A320,MRO_BLR,01-01-2019,8,0,0,0,1,602,30
P001,fast_moving,32,A320,MRO_BLR,01-02-2019,0,0,7,7,0,612,45
P001,fast_moving,32,A320,MRO_BLR,01-03-2019,6,6,7,1,0,602,60
P001,fast_moving,32,A320,MRO_BLR,01-04-2019,11,9,9,0,1,609,60
P001,fast_moving,32,A320,MRO_BLR,01-05-2019,12,0,0,0,1,599,30
P001,fast_moving,32,A320,MRO_BLR,01-06-2019,13,8,8,0,1,693,15
P001,fast_moving,32,A320,MRO_BLR,01-07-2019,7,7,10,3,0,688,15
P001,fast_moving,32,A320,MRO_BLR,01-08-2019,4,4,12,8,0,692,45
P001,fast_moving,32,A320,MRO_BLR,01-09-2019,7,7,8,1,0,609,45
P001,fast_moving,32,A320,MRO_BLR,01-10-2019,10,10,11,1,0,594,15
P001,fast_moving,32,A320,MRO_BLR,01-11-2019,4,4,12,8,0,607,45
P001,fast_moving,32,A320,MRO_BLR,01-12-2019,9,8,8,0,1,696,30
P001,fast_moving,32,A320,MRO_BLR,01-01-2020,7,7,11,4,0,599,60
P001,fast_moving,32,A320,MRO_BLR,01-02-2020,7,4,4,0,1,594,60
P001,fast_moving,32,A320,MRO_BLR,01-03-2020,9,9,9,0,0,603,15
P001,fast_moving,32,A320,MRO_BLR,01-04-2020,9,8,8,0,1,599,45
P001,fast_moving,32,A320,MRO_BLR,01-05-2020,9,0,0,0,1,604,45
P001,fast_moving,32,A320,MRO_BLR,01-06-2020,9,9,10,1,0,693,30
P001,fast_moving,32,A320,MRO_BLR,01-07-2020,7,7,13,6,0,704,30
P001,fast_moving,32,A320,MRO_BLR,01-08-2020,5,5,16,11,0,691,60
P001,fast_moving,32,A320,MRO_BLR,01-09-2020,3,3,11,8,0,596,45
P001,fast_moving,32,A320,MRO_BLR,01-10-2020,6,6,8,2,0,603,60
P001,fast_moving,32,A320,MRO_BLR,01-11-2020,5,5,13,8,0,604,60
P001,fast_moving,32,A320,MRO_BLR,01-12-2020,10,8,8,0,1,702,30
P001,fast_moving,32,A320,MRO_BLR,01-01-2021,6,6,9,3,0,606,15
P001,fast_moving,32,A320,MRO_BLR,01-02-2021,5,5,13,8,0,603,60
P001,fast_moving,32,A320,MRO_BLR,01-03-2021,11,8,8,0,1,609,30
P001,fast_moving,32,A320,MRO_BLR,01-04-2021,4,4,9,5,0,593,15
P001,fast_moving,32,A320,MRO_BLR,01-05-2021,8,8,14,6,0,597,15
P001,fast_moving,32,A320,MRO_BLR,01-06-2021,5,5,18,13,0,684,45
P001,fast_moving,32,A320,MRO_BLR,01-07-2021,12,12,13,1,0,688,15
P001,fast_moving,32,A320,MRO_BLR,01-08-2021,4,4,8,4,0,681,60
P001,fast_moving,32,A320,MRO_BLR,01-09-2021,6,4,4,0,1,604,60
P001,fast_moving,32,A320,MRO_BLR,01-10-2021,0,0,12,12,0,599,15
P001,fast_moving,32,A320,MRO_BLR,01-11-2021,15,12,12,0,1,592,15
P001,fast_moving,32,A320,MRO_BLR,01-12-2021,8,8,8,0,0,684,60
P001,fast_moving,32,A320,MRO_BLR,01-01-2022,5,0,0,0,1,601,60
P001,fast_moving,32,A320,MRO_BLR,01-02-2022,8,8,11,3,0,604,15
P001,fast_moving,32,A320,MRO_BLR,01-03-2022,10,10,10,0,0,611,60
P001,fast_moving,32,A320,MRO_BLR,01-04-2022,6,0,0,0,1,616,45
P001,fast_moving,32,A320,MRO_BLR,01-05-2022,7,7,12,5,0,601,15
P001,fast_moving,32,A320,MRO_BLR,01-06-2022,11,11,12,1,0,682,15
P001,fast_moving,32,A320,MRO_BLR,01-07-2022,10,10,12,2,0,674,60
P001,fast_moving,32,A320,MRO_BLR,01-08-2022,9,2,2,0,1,690,30
P001,fast_moving,32,A320,MRO_BLR,01-09-2022,5,5,10,5,0,594,60
P001,fast_moving,32,A320,MRO_BLR,01-10-2022,11,5,5,0,1,596,60
P001,fast_moving,32,A320,MRO_BLR,01-11-2022,9,7,7,0,1,595,60
P001,fast_moving,32,A320,MRO_BLR,01-12-2022,10,0,0,0,1,688,60
P001,fast_moving,32,A320,MRO_BLR,01-01-2023,8,8,11,3,0,603,45
P001,fast_moving,32,A320,MRO_BLR,01-02-2023,4,3,3,0,1,598,30
P001,fast_moving,32,A320,MRO_BLR,01-03-2023,0,0,9,9,0,596,60
P001,fast_moving,32,A320,MRO_BLR,01-04-2023,11,9,9,0,1,591,45
P001,fast_moving,32,A320,MRO_BLR,01-05-2023,7,0,0,0,1,587,60
P001,fast_moving,32,A320,MRO_BLR,01-06-2023,7,7,8,1,0,683,15
P001,fast_moving,32,A320,MRO_BLR,01-07-2023,8,8,11,3,0,686,15
P001,fast_moving,32,A320,MRO_BLR,01-08-2023,7,7,13,6,0,699,30
P001,fast_moving,32,A320,MRO_BLR,01-09-2023,0,0,15,15,0,598,45
P001,fast_moving,32,A320,MRO_BLR,01-10-2023,10,10,15,5,0,603,60
P001,fast_moving,32,A320,MRO_BLR,01-11-2023,9,5,5,0,1,594,60
P001,fast_moving,32,A320,MRO_BLR,01-12-2023,8,8,9,1,0,678,30
P002,fast_moving,27,A321,BASE_HYD,01-01-2018,9,9,27,18,0,663,30
P002,fast_moving,27,A321,BASE_HYD,01-02-2018,8,8,18,10,0,676,15
P002,fast_moving,27,A321,BASE_HYD,01-03-2018,8,8,10,2,0,668,30
P002,fast_moving,27,A321,BASE_HYD,01-04-2018,7,7,14,7,0,666,30
P002,fast_moving,27,A321,BASE_HYD,01-05-2018,7,7,17,10,0,671,60
P002,fast_moving,27,A321,BASE_HYD,01-06-2018,10,10,10,0,0,774,15
P002,fast_moving,27,A321,BASE_HYD,01-07-2018,4,4,11,7,0,770,30
P002,fast_moving,27,A321,BASE_HYD,01-08-2018,10,10,18,8,0,780,15
P002,fast_moving,27,A321,BASE_HYD,01-09-2018,7,7,15,8,0,671,60
P002,fast_moving,27,A321,BASE_HYD,01-10-2018,9,8,8,0,1,681,60
P002,fast_moving,27,A321,BASE_HYD,01-11-2018,11,11,11,0,0,676,45
P002,fast_moving,27,A321,BASE_HYD,01-12-2018,13,0,0,0,1,770,15
P002,fast_moving,27,A321,BASE_HYD,01-01-2019,13,9,9,0,1,666,30
P002,fast_moving,27,A321,BASE_HYD,01-02-2019,8,8,10,2,0,661,30
P002,fast_moving,27,A321,BASE_HYD,01-03-2019,11,11,11,0,0,674,15
P002,fast_moving,27,A321,BASE_HYD,01-04-2019,11,9,9,0,1,670,15
P002,fast_moving,27,A321,BASE_HYD,01-05-2019,8,7,7,0,1,656,15
P002,fast_moving,27,A321,BASE_HYD,01-06-2019,8,8,10,2,0,769,30
P002,fast_moving,27,A321,BASE_HYD,01-07-2019,7,7,9,2,0,766,45
P002,fast_moving,27,A321,BASE_HYD,01-08-2019,4,2,2,0,1,785,15
P002,fast_moving,27,A321,BASE_HYD,01-09-2019,8,7,7,0,1,661,15
P002,fast_moving,27,A321,BASE_HYD,01-10-2019,7,7,9,2,0,662,60
P002,fast_moving,27,A321,BASE_HYD,01-11-2019,12,2,2,0,1,679,30
P002,fast_moving,27,A321,BASE_HYD,01-12-2019,12,8,8,0,1,783,15
P002,fast_moving,27,A321,BASE_HYD,01-01-2020,4,4,9,5,0,665,45
P002,fast_moving,27,A321,BASE_HYD,01-02-2020,12,5,5,0,1,666,45
P002,fast_moving,27,A321,BASE_HYD,01-03-2020,6,6,8,2,0,674,60
P002,fast_moving,27,A321,BASE_HYD,01-04-2020,6,2,2,0,1,654,45
P002,fast_moving,27,A321,BASE_HYD,01-05-2020,0,0,12,12,0,657,45
P002,fast_moving,27,A321,BASE_HYD,01-06-2020,11,11,12,1,0,768,60
P002,fast_moving,27,A321,BASE_HYD,01-07-2020,10,1,1,0,1,782,30
P002,fast_moving,27,A321,BASE_HYD,01-08-2020,6,6,11,5,0,767,15
P002,fast_moving,27,A321,BASE_HYD,01-09-2020,11,11,12,1,0,671,60
P002,fast_moving,27,A321,BASE_HYD,01-10-2020,5,1,1,0,1,678,30
P002,fast_moving,27,A321,BASE_HYD,01-11-2020,3,3,10,7,0,684,30
P002,fast_moving,27,A321,BASE_HYD,01-12-2020,5,5,15,10,0,766,60
P002,fast_moving,27,A321,BASE_HYD,01-01-2021,5,5,10,5,0,668,45
P002,fast_moving,27,A321,BASE_HYD,01-02-2021,7,5,5,0,1,680,30
P002,fast_moving,27,A321,BASE_HYD,01-03-2021,10,10,12,2,0,658,30
P002,fast_moving,27,A321,BASE_HYD,01-04-2021,7,7,9,2,0,675,60
P002,fast_moving,27,A321,BASE_HYD,01-05-2021,3,2,2,0,1,661,45
P002,fast_moving,27,A321,BASE_HYD,01-06-2021,10,10,10,0,0,769,30
P002,fast_moving,27,A321,BASE_HYD,01-07-2021,4,4,8,4,0,766,60
P002,fast_moving,27,A321,BASE_HYD,01-08-2021,9,4,4,0,1,761,45
P002,fast_moving,27,A321,BASE_HYD,01-09-2021,5,5,9,4,0,661,15
P002,fast_moving,27,A321,BASE_HYD,01-10-2021,9,9,12,3,0,670,60
P002,fast_moving,27,A321,BASE_HYD,01-11-2021,12,3,3,0,1,675,15
P002,fast_moving,27,A321,BASE_HYD,01-12-2021,4,4,7,3,0,767,60
P002,fast_moving,27,A321,BASE_HYD,01-01-2022,9,3,3,0,1,666,30
P002,fast_moving,27,A321,BASE_HYD,01-02-2022,6,6,8,2,0,670,45
P002,fast_moving,27,A321,BASE_HYD,01-03-2022,10,2,2,0,1,659,15
P002,fast_moving,27,A321,BASE_HYD,01-04-2022,8,8,8,0,0,671,15
P002,fast_moving,27,A321,BASE_HYD,01-05-2022,6,6,7,1,0,671,15
P002,fast_moving,27,A321,BASE_HYD,01-06-2022,15,12,12,0,1,786,30
P002,fast_moving,27,A321,BASE_HYD,01-07-2022,8,7,7,0,1,763,15
P002,fast_moving,27,A321,BASE_HYD,01-08-2022,10,9,9,0,1,762,60
P002,fast_moving,27,A321,BASE_HYD,01-09-2022,8,0,0,0,1,671,15
P002,fast_moving,27,A321,BASE_HYD,01-10-2022,9,9,9,0,0,671,15
P002,fast_moving,27,A321,BASE_HYD,01-11-2022,9,9,9,0,0,662,15
P002,fast_moving,27,A321,BASE_HYD,01-12-2022,9,9,12,3,0,763,60
P002,fast_moving,27,A321,BASE_HYD,01-01-2023,6,3,3,0,1,667,60
P002,fast_moving,27,A321,BASE_HYD,01-02-2023,8,8,9,1,0,658,30
P002,fast_moving,27,A321,BASE_HYD,01-03-2023,7,7,8,1,0,661,60
P002,fast_moving,27,A321,BASE_HYD,01-04-2023,2,1,1,0,1,664,30
P002,fast_moving,27,A321,BASE_HYD,01-05-2023,4,4,12,8,0,671,45
P002,fast_moving,27,A321,BASE_HYD,01-06-2023,10,8,8,0,1,759,45
P002,fast_moving,27,A321,BASE_HYD,01-07-2023,8,8,8,0,0,749,45
P002,fast_moving,27,A321,BASE_HYD,01-08-2023,5,0,0,0,1,749,45
P002,fast_moving,27,A321,BASE_HYD,01-09-2023,4,4,11,7,0,656,45
P002,fast_moving,27,A321,BASE_HYD,01-10-2023,10,7,7,0,1,655,60
P002,fast_moving,27,A321,BASE_HYD,01-11-2023,2,2,10,8,0,663,15
P002,fast_moving,27,A321,BASE_HYD,01-12-2023,8,8,17,9,0,754,30
P002,fast_moving,27,A321,LINE_DEL,01-01-2018,4,4,23,19,0,663,15
P002,fast_moving,27,A321,LINE_DEL,01-02-2018,9,9,19,10,0,676,15
P002,fast_moving,27,A321,LINE_DEL,01-03-2018,6,6,10,4,0,668,15
P002,fast_moving,27,A321,LINE_DEL,01-04-2018,3,3,11,8,0,666,45
P002,fast_moving,27,A321,LINE_DEL,01-05-2018,6,6,8,2,0,671,60
P002,fast_moving,27,A321,LINE_DEL,01-06-2018,3,3,9,6,0,774,30
P002,fast_moving,27,A321,LINE_DEL,01-07-2018,10,10,17,7,0,770,30
P002,fast_moving,27,A321,LINE_DEL,01-08-2018,9,9,14,5,0,780,15
P002,fast_moving,27,A321,LINE_DEL,01-09-2018,6,6,15,9,0,671,45
P002,fast_moving,27,A321,LINE_DEL,01-10-2018,10,9,9,0,1,681,30
P002,fast_moving,27,A321,LINE_DEL,01-11-2018,6,6,9,3,0,676,60
P002,fast_moving,27,A321,LINE_DEL,01-12-2018,5,3,3,0,1,770,30
P002,fast_moving,27,A321,LINE_DEL,01-01-2019,10,10,12,2,0,666,15
P002,fast_moving,27,A321,LINE_DEL,01-02-2019,5,5,10,5,0,661,45
P002,fast_moving,27,A321,LINE_DEL,01-03-2019,10,5,5,0,1,674,15
P002,fast_moving,27,A321,LINE_DEL,01-04-2019,4,4,10,6,0,670,15
P002,fast_moving,27,A321,LINE_DEL,01-05-2019,7,7,15,8,0,656,60
P002,fast_moving,27,A321,LINE_DEL,01-06-2019,10,8,8,0,1,769,30
P002,fast_moving,27,A321,LINE_DEL,01-07-2019,4,4,7,3,0,766,15
P002,fast_moving,27,A321,LINE_DEL,01-08-2019,8,8,11,3,0,785,45
P002,fast_moving,27,A321,LINE_DEL,01-09-2019,8,3,3,0,1,661,30
P002,fast_moving,27,A321,LINE_DEL,01-10-2019,11,8,8,0,1,662,60
P002,fast_moving,27,A321,LINE_DEL,01-11-2019,14,0,0,0,1,679,15
P002,fast_moving,27,A321,LINE_DEL,01-12-2019,9,8,8,0,1,783,60
P002,fast_moving,27,A321,LINE_DEL,01-01-2020,16,0,0,0,1,665,15
P002,fast_moving,27,A321,LINE_DEL,01-02-2020,5,5,10,5,0,666,30
P002,fast_moving,27,A321,LINE_DEL,01-03-2020,2,2,15,13,0,674,30
P002,fast_moving,27,A321,LINE_DEL,01-04-2020,7,7,13,6,0,654,45
P002,fast_moving,27,A321,LINE_DEL,01-05-2020,10,6,6,0,1,657,30
P002,fast_moving,27,A321,LINE_DEL,01-06-2020,16,10,10,0,1,768,60
P002,fast_moving,27,A321,LINE_DEL,01-07-2020,9,0,0,0,1,782,60
P002,fast_moving,27,A321,LINE_DEL,01-08-2020,11,9,9,0,1,767,15
P002,fast_moving,27,A321,LINE_DEL,01-09-2020,9,8,8,0,1,671,45
P002,fast_moving,27,A321,LINE_DEL,01-10-2020,9,0,0,0,1,678,15
P002,fast_moving,27,A321,LINE_DEL,01-11-2020,12,12,12,0,0,684,60
P002,fast_moving,27,A321,LINE_DEL,01-12-2020,9,0,0,0,1,766,30
P002,fast_moving,27,A321,LINE_DEL,01-01-2021,5,5,8,3,0,668,30
P002,fast_moving,27,A321,LINE_DEL,01-02-2021,5,5,12,7,0,680,60
P002,fast_moving,27,A321,LINE_DEL,01-03-2021,8,7,7,0,1,658,60
P002,fast_moving,27,A321,LINE_DEL,01-04-2021,8,8,11,3,0,675,30
P002,fast_moving,27,A321,LINE_DEL,01-05-2021,5,5,15,10,0,661,30
P002,fast_moving,27,A321,LINE_DEL,01-06-2021,6,6,10,4,0,769,45
P002,fast_moving,27,A321,LINE_DEL,01-07-2021,6,4,4,0,1,766,45
P002,fast_moving,27,A321,LINE_DEL,01-08-2021,8,8,11,3,0,761,45
P002,fast_moving,27,A321,LINE_DEL,01-09-2021,22,3,3,0,1,661,45
P002,fast_moving,27,A321,LINE_DEL,01-10-2021,7,7,9,2,0,670,60
P002,fast_moving,27,A321,LINE_DEL,01-11-2021,7,2,2,0,1,675,45
P002,fast_moving,27,A321,LINE_DEL,01-12-2021,10,9,9,0,1,767,15
P002,fast_moving,27,A321,LINE_DEL,01-01-2022,12,9,9,0,1,666,60
P002,fast_moving,27,A321,LINE_DEL,01-02-2022,10,0,0,0,1,670,15
P002,fast_moving,27,A321,LINE_DEL,01-03-2022,3,3,10,7,0,659,45
P002,fast_moving,27,A321,LINE_DEL,01-04-2022,6,6,7,1,0,671,15
P002,fast_moving,27,A321,LINE_DEL,01-05-2022,3,3,12,9,0,671,15
P002,fast_moving,27,A321,LINE_DEL,01-06-2022,9,9,9,0,0,786,30
P002,fast_moving,27,A321,LINE_DEL,01-07-2022,10,10,10,0,0,763,30
P002,fast_moving,27,A321,LINE_DEL,01-08-2022,8,8,11,3,0,762,60
P002,fast_moving,27,A321,LINE_DEL,01-09-2022,11,3,3,0,1,671,30
P002,fast_moving,27,A321,LINE_DEL,01-10-2022,7,7,10,3,0,671,15
P002,fast_moving,27,A321,LINE_DEL,01-11-2022,8,8,14,6,0,662,60
P002,fast_moving,27,A321,LINE_DEL,01-12-2022,3,3,6,3,0,763,45
P002,fast_moving,27,A321,LINE_DEL,01-01-2023,7,7,12,5,0,667,60
P002,fast_moving,27,A321,LINE_DEL,01-02-2023,10,5,5,0,1,658,15
P002,fast_moving,27,A321,LINE_DEL,01-03-2023,11,11,11,0,0,661,45
P002,fast_moving,27,A321,LINE_DEL,01-04-2023,10,0,0,0,1,664,60
P002,fast_moving,27,A321,LINE_DEL,01-05-2023,9,9,12,3,0,671,30
P002,fast_moving,27,A321,LINE_DEL,01-06-2023,6,6,13,7,0,759,30
P002,fast_moving,27,A321,LINE_DEL,01-07-2023,9,9,17,8,0,749,15
P002,fast_moving,27,A321,LINE_DEL,01-08-2023,7,7,17,10,0,749,30
P002,fast_moving,27,A321,LINE_DEL,01-09-2023,5,5,10,5,0,656,30
P002,fast_moving,27,A321,LINE_DEL,01-10-2023,5,5,14,9,0,655,15
P002,fast_moving,27,A321,LINE_DEL,01-11-2023,6,6,9,3,0,663,45
P002,fast_moving,27,A321,LINE_DEL,01-12-2023,8,3,3,0,1,754,60
P002,fast_moving,27,A321,MRO_BLR,01-01-2018,12,12,26,14,0,663,30
P002,fast_moving,27,A321,MRO_BLR,01-02-2018,8,8,14,6,0,676,15
P002,fast_moving,27,A321,MRO_BLR,01-03-2018,8,8,14,6,0,668,30
P002,fast_moving,27,A321,MRO_BLR,01-04-2018,4,4,18,14,0,666,15
P002,fast_moving,27,A321,MRO_BLR,01-05-2018,10,10,14,4,0,671,30
P002,fast_moving,27,A321,MRO_BLR,01-06-2018,14,14,14,0,0,774,15
P002,fast_moving,27,A321,MRO_BLR,01-07-2018,15,12,12,0,1,770,60
P002,fast_moving,27,A321,MRO_BLR,01-08-2018,9,0,0,0,1,780,45
P002,fast_moving,27,A321,MRO_BLR,01-09-2018,7,7,9,2,0,671,60
P002,fast_moving,27,A321,MRO_BLR,01-10-2018,6,2,2,0,1,681,15
P002,fast_moving,27,A321,MRO_BLR,01-11-2018,6,6,11,5,0,676,15
P002,fast_moving,27,A321,MRO_BLR,01-12-2018,13,13,14,1,0,770,15
P002,fast_moving,27,A321,MRO_BLR,01-01-2019,6,6,9,3,0,666,45
P002,fast_moving,27,A321,MRO_BLR,01-02-2019,4,3,3,0,1,661,15
P002,fast_moving,27,A321,MRO_BLR,01-03-2019,5,5,10,5,0,674,15
P002,fast_moving,27,A321,MRO_BLR,01-04-2019,6,6,13,7,0,670,30
P002,fast_moving,27,A321,MRO_BLR,01-05-2019,4,4,18,14,0,656,30
P002,fast_moving,27,A321,MRO_BLR,01-06-2019,8,8,14,6,0,769,30
P002,fast_moving,27,A321,MRO_BLR,01-07-2019,11,11,16,5,0,766,15
P002,fast_moving,27,A321,MRO_BLR,01-08-2019,6,6,13,7,0,785,15
P002,fast_moving,27,A321,MRO_BLR,01-09-2019,5,5,17,12,0,661,30
P002,fast_moving,27,A321,MRO_BLR,01-10-2019,14,12,12,0,1,662,45
P002,fast_moving,27,A321,MRO_BLR,01-11-2019,5,0,0,0,1,679,30
P002,fast_moving,27,A321,MRO_BLR,01-12-2019,7,7,10,3,0,783,60
P002,fast_moving,27,A321,MRO_BLR,01-01-2020,11,3,3,0,1,665,15
P002,fast_moving,27,A321,MRO_BLR,01-02-2020,8,8,12,4,0,666,60
P002,fast_moving,27,A321,MRO_BLR,01-03-2020,10,4,4,0,1,674,15
P002,fast_moving,27,A321,MRO_BLR,01-04-2020,7,7,8,1,0,654,45
P002,fast_moving,27,A321,MRO_BLR,01-05-2020,0,0,1,1,0,657,30
P002,fast_moving,27,A321,MRO_BLR,01-06-2020,0,0,8,8,0,768,15
P002,fast_moving,27,A321,MRO_BLR,01-07-2020,11,11,17,6,0,782,60
P002,fast_moving,27,A321,MRO_BLR,01-08-2020,12,6,6,0,1,767,15
P002,fast_moving,27,A321,MRO_BLR,01-09-2020,6,6,12,6,0,671,45
P002,fast_moving,27,A321,MRO_BLR,01-10-2020,5,5,6,1,0,678,30
P002,fast_moving,27,A321,MRO_BLR,01-11-2020,9,9,10,1,0,684,45
P002,fast_moving,27,A321,MRO_BLR,01-12-2020,10,1,1,0,1,766,30
P002,fast_moving,27,A321,MRO_BLR,01-01-2021,7,7,12,5,0,668,15
P002,fast_moving,27,A321,MRO_BLR,01-02-2021,4,4,17,13,0,680,60
P002,fast_moving,27,A321,MRO_BLR,01-03-2021,0,0,13,13,0,658,30
P002,fast_moving,27,A321,MRO_BLR,01-04-2021,6,6,13,7,0,675,45
P002,fast_moving,27,A321,MRO_BLR,01-05-2021,6,6,7,1,0,661,45
P002,fast_moving,27,A321,MRO_BLR,01-06-2021,8,8,13,5,0,769,30
P002,fast_moving,27,A321,MRO_BLR,01-07-2021,9,9,17,8,0,766,60
P002,fast_moving,27,A321,MRO_BLR,01-08-2021,8,8,8,0,0,761,15
P002,fast_moving,27,A321,MRO_BLR,01-09-2021,7,7,10,3,0,661,30
P002,fast_moving,27,A321,MRO_BLR,01-10-2021,11,11,14,3,0,670,30
P002,fast_moving,27,A321,MRO_BLR,01-11-2021,10,10,13,3,0,675,45
P002,fast_moving,27,A321,MRO_BLR,01-12-2021,0,0,3,3,0,767,45
P002,fast_moving,27,A321,MRO_BLR,01-01-2022,7,7,10,3,0,666,45
P002,fast_moving,27,A321,MRO_BLR,01-02-2022,6,3,3,0,1,670,45
P002,fast_moving,27,A321,MRO_BLR,01-03-2022,9,8,8,0,1,659,45
P002,fast_moving,27,A321,MRO_BLR,01-04-2022,8,0,0,0,1,671,45
P002,fast_moving,27,A321,MRO_BLR,01-05-2022,4,4,7,3,0,671,30
P002,fast_moving,27,A321,MRO_BLR,01-06-2022,6,6,12,6,0,786,45
P002,fast_moving,27,A321,MRO_BLR,01-07-2022,8,6,6,0,1,763,15
P002,fast_moving,27,A321,MRO_BLR,01-08-2022,8,7,7,0,1,762,30
P002,fast_moving,27,A321,MRO_BLR,01-09-2022,5,5,12,7,0,671,15
P002,fast_moving,27,A321,MRO_BLR,01-10-2022,13,13,18,5,0,671,15
P002,fast_moving,27,A321,MRO_BLR,01-11-2022,11,11,14,3,0,662,30
P002,fast_moving,27,A321,MRO_BLR,01-12-2022,10,10,12,2,0,763,15
P002,fast_moving,27,A321,MRO_BLR,01-01-2023,9,9,13,4,0,667,30
P002,fast_moving,27,A321,MRO_BLR,01-02-2023,6,6,15,9,0,658,45
P002,fast_moving,27,A321,MRO_BLR,01-03-2023,1,1,9,8,0,661,45
P002,fast_moving,27,A321,MRO_BLR,01-04-2023,6,6,8,2,0,664,45
P002,fast_moving,27,A321,MRO_BLR,01-05-2023,6,6,10,4,0,671,60
P002,fast_moving,27,A321,MRO_BLR,01-06-2023,10,4,4,0,1,759,60
P002,fast_moving,27,A321,MRO_BLR,01-07-2023,5,5,12,7,0,749,15
P002,fast_moving,27,A321,MRO_BLR,01-08-2023,8,8,17,9,0,749,30
P002,fast_moving,27,A321,MRO_BLR,01-09-2023,13,9,9,0,1,656,60
P002,fast_moving,27,A321,MRO_BLR,01-10-2023,4,0,0,0,1,655,60
P002,fast_moving,27,A321,MRO_BLR,01-11-2023,9,9,12,3,0,663,15
P002,fast_moving,27,A321,MRO_BLR,01-12-2023,8,8,11,3,0,754,45
P003,fast_moving,32,A320,BASE_HYD,01-01-2018,7,7,24,17,0,456,45
P003,fast_moving,32,A320,BASE_HYD,01-02-2018,9,9,17,8,0,454,15
P003,fast_moving,32,A320,BASE_HYD,01-03-2018,10,10,17,7,0,459,45
P003,fast_moving,32,A320,BASE_HYD,01-04-2018,9,7,7,0,1,457,30
P003,fast_moving,32,A320,BASE_HYD,01-05-2018,7,7,8,1,0,457,15
P003,fast_moving,32,A320,BASE_HYD,01-06-2018,12,9,9,0,1,531,60
P003,fast_moving,32,A320,BASE_HYD,01-07-2018,12,0,0,0,1,526,15
P003,fast_moving,32,A320,BASE_HYD,01-08-2018,11,10,10,0,1,529,30
P003,fast_moving,32,A320,BASE_HYD,01-09-2018,6,6,8,2,0,452,30
P003,fast_moving,32,A320,BASE_HYD,01-10-2018,3,3,9,6,0,451,45
P003,fast_moving,32,A320,BASE_HYD,01-11-2018,4,4,6,2,0,463,45
P003,fast_moving,32,A320,BASE_HYD,01-12-2018,11,11,12,1,0,525,30
P003,fast_moving,32,A320,BASE_HYD,01-01-2019,4,4,9,5,0,452,15
P003,fast_moving,32,A320,BASE_HYD,01-02-2019,8,8,13,5,0,452,30
P003,fast_moving,32,A320,BASE_HYD,01-03-2019,7,7,14,7,0,452,45
P003,fast_moving,32,A320,BASE_HYD,01-04-2019,8,7,7,0,1,451,30
P003,fast_moving,32,A320,BASE_HYD,01-05-2019,8,7,7,0,1,449,60
P003,fast_moving,32,A320,BASE_HYD,01-06-2019,0,0,0,0,0,515,60
P003,fast_moving,32,A320,BASE_HYD,01-07-2019,8,8,12,4,0,522,30
P003,fast_moving,32,A320,BASE_HYD,01-08-2019,9,9,11,2,0,520,15
P003,fast_moving,32,A320,BASE_HYD,01-09-2019,6,6,9,3,0,460,60
P003,fast_moving,32,A320,BASE_HYD,01-10-2019,7,3,3,0,1,456,60
P003,fast_moving,32,A320,BASE_HYD,01-11-2019,7,7,12,5,0,456,45
P003,fast_moving,32,A320,BASE_HYD,01-12-2019,10,5,5,0,1,519,30
P003,fast_moving,32,A320,BASE_HYD,01-01-2020,11,9,9,0,1,453,60
P003,fast_moving,32,A320,BASE_HYD,01-02-2020,10,0,0,0,1,455,45
P003,fast_moving,32,A320,BASE_HYD,01-03-2020,8,8,11,3,0,457,60
P003,fast_moving,32,A320,BASE_HYD,01-04-2020,7,3,3,0,1,453,30
P003,fast_moving,32,A320,BASE_HYD,01-05-2020,3,3,9,6,0,458,60
P003,fast_moving,32,A320,BASE_HYD,01-06-2020,12,6,6,0,1,521,60
P003,fast_moving,32,A320,BASE_HYD,01-07-2020,2,2,9,7,0,525,30
P003,fast_moving,32,A320,BASE_HYD,01-08-2020,10,10,15,5,0,519,15
P003,fast_moving,32,A320,BASE_HYD,01-09-2020,5,5,15,10,0,445,30
P003,fast_moving,32,A320,BASE_HYD,01-10-2020,4,4,10,6,0,454,30
P003,fast_moving,32,A320,BASE_HYD,01-11-2020,0,0,17,17,0,457,15
P003,fast_moving,32,A320,BASE_HYD,01-12-2020,7,7,17,10,0,524,15
P003,fast_moving,32,A320,BASE_HYD,01-01-2021,9,9,10,1,0,454,60
P003,fast_moving,32,A320,BASE_HYD,01-02-2021,2,1,1,0,1,450,45
P003,fast_moving,32,A320,BASE_HYD,01-03-2021,5,5,10,5,0,448,15
P003,fast_moving,32,A320,BASE_HYD,01-04-2021,4,4,15,11,0,454,30
P003,fast_moving,32,A320,BASE_HYD,01-05-2021,5,5,11,6,0,454,45
P003,fast_moving,32,A320,BASE_HYD,01-06-2021,0,0,6,6,0,517,45
P003,fast_moving,32,A320,BASE_HYD,01-07-2021,9,9,13,4,0,525,45
P003,fast_moving,32,A320,BASE_HYD,01-08-2021,7,4,4,0,1,515,15
P003,fast_moving,32,A320,BASE_HYD,01-09-2021,9,8,8,0,1,449,60
P003,fast_moving,32,A320,BASE_HYD,01-10-2021,6,0,0,0,1,459,45
P003,fast_moving,32,A320,BASE_HYD,01-11-2021,15,11,11,0,1,456,60
P003,fast_moving,32,A320,BASE_HYD,01-12-2021,12,0,0,0,1,518,15
P003,fast_moving,32,A320,BASE_HYD,01-01-2022,5,5,11,6,0,452,30
P003,fast_moving,32,A320,BASE_HYD,01-02-2022,7,7,18,11,0,451,30
P003,fast_moving,32,A320,BASE_HYD,01-03-2022,5,5,11,6,0,438,60
P003,fast_moving,32,A320,BASE_HYD,01-04-2022,4,4,6,2,0,446,30
P003,fast_moving,32,A320,BASE_HYD,01-05-2022,9,9,9,0,0,450,30
P003,fast_moving,32,A320,BASE_HYD,01-06-2022,6,6,10,4,0,516,15
P003,fast_moving,32,A320,BASE_HYD,01-07-2022,14,12,12,0,1,519,45
P003,fast_moving,32,A320,BASE_HYD,01-08-2022,11,0,0,0,1,524,60
P003,fast_moving,32,A320,BASE_HYD,01-09-2022,8,8,8,0,0,449,60
P003,fast_moving,32,A320,BASE_HYD,01-10-2022,8,0,0,0,1,446,45
P003,fast_moving,32,A320,BASE_HYD,01-11-2022,5,5,8,3,0,452,30
P003,fast_moving,32,A320,BASE_HYD,01-12-2022,8,8,12,4,0,516,45
P003,fast_moving,32,A320,BASE_HYD,01-01-2023,5,4,4,0,1,448,15
P003,fast_moving,32,A320,BASE_HYD,01-02-2023,6,6,8,2,0,448,30
P003,fast_moving,32,A320,BASE_HYD,01-03-2023,9,9,14,5,0,459,30
P003,fast_moving,32,A320,BASE_HYD,01-04-2023,9,9,14,5,0,439,45
P003,fast_moving,32,A320,BASE_HYD,01-05-2023,3,3,5,2,0,447,30
P003,fast_moving,32,A320,BASE_HYD,01-06-2023,6,6,9,3,0,517,15
P003,fast_moving,32,A320,BASE_HYD,01-07-2023,7,7,15,8,0,512,60
P003,fast_moving,32,A320,BASE_HYD,01-08-2023,8,8,8,0,0,521,15
P003,fast_moving,32,A320,BASE_HYD,01-09-2023,0,0,11,11,0,453,45
P003,fast_moving,32,A320,BASE_HYD,01-10-2023,10,10,11,1,0,449,45
P003,fast_moving,32,A320,BASE_HYD,01-11-2023,4,1,1,0,1,448,15
P003,fast_moving,32,A320,BASE_HYD,01-12-2023,9,9,12,3,0,516,45
P003,fast_moving,32,A320,LINE_DEL,01-01-2018,4,4,18,14,0,456,60
P003,fast_moving,32,A320,LINE_DEL,01-02-2018,14,14,14,0,0,454,45
P003,fast_moving,32,A320,LINE_DEL,01-03-2018,7,0,0,0,1,459,30
P003,fast_moving,32,A320,LINE_DEL,01-04-2018,7,7,12,5,0,457,45
P003,fast_moving,32,A320,LINE_DEL,01-05-2018,6,5,5,0,1,457,30
P003,fast_moving,32,A320,LINE_DEL,01-06-2018,6,6,8,2,0,531,15
P003,fast_moving,32,A320,LINE_DEL,01-07-2018,7,7,13,6,0,526,15
P003,fast_moving,32,A320,LINE_DEL,01-08-2018,10,10,14,4,0,529,30
P003,fast_moving,32,A320,LINE_DEL,01-09-2018,7,7,13,6,0,452,30
P003,fast_moving,32,A320,LINE_DEL,01-10-2018,5,5,15,10,0,451,30
P003,fast_moving,32,A320,LINE_DEL,01-11-2018,10,10,10,0,0,463,60
P003,fast_moving,32,A320,LINE_DEL,01-12-2018,10,0,0,0,1,525,60
P003,fast_moving,32,A320,LINE_DEL,01-01-2019,9,9,10,1,0,452,60
P003,fast_moving,32,A320,LINE_DEL,01-02-2019,4,1,1,0,1,452,60
P003,fast_moving,32,A320,LINE_DEL,01-03-2019,10,10,10,0,0,452,15
P003,fast_moving,32,A320,LINE_DEL,01-04-2019,5,5,12,7,0,451,30
P003,fast_moving,32,A320,LINE_DEL,01-05-2019,13,13,18,5,0,449,15
P003,fast_moving,32,A320,LINE_DEL,01-06-2019,12,12,12,0,0,515,60
P003,fast_moving,32,A320,LINE_DEL,01-07-2019,7,0,0,0,1,522,15
P003,fast_moving,32,A320,LINE_DEL,01-08-2019,13,9,9,0,1,520,45
P003,fast_moving,32,A320,LINE_DEL,01-09-2019,14,0,0,0,1,460,30
P003,fast_moving,32,A320,LINE_DEL,01-10-2019,8,7,7,0,1,456,45
P003,fast_moving,32,A320,LINE_DEL,01-11-2019,9,0,0,0,1,456,30
P003,fast_moving,32,A320,LINE_DEL,01-12-2019,11,11,11,0,0,519,30
P003,fast_moving,32,A320,LINE_DEL,01-01-2020,9,9,12,3,0,453,15
P003,fast_moving,32,A320,LINE_DEL,01-02-2020,7,7,10,3,0,455,15
P003,fast_moving,32,A320,LINE_DEL,01-03-2020,6,6,14,8,0,457,30
P003,fast_moving,32,A320,LINE_DEL,01-04-2020,7,7,15,8,0,453,15
P003,fast_moving,32,A320,LINE_DEL,01-05-2020,9,9,15,6,0,458,60
P003,fast_moving,32,A320,LINE_DEL,01-06-2020,7,6,6,0,1,521,15
P003,fast_moving,32,A320,LINE_DEL,01-07-2020,6,6,9,3,0,525,15
P003,fast_moving,32,A320,LINE_DEL,01-08-2020,8,8,13,5,0,519,45
P003,fast_moving,32,A320,LINE_DEL,01-09-2020,6,5,5,0,1,445,15
P003,fast_moving,32,A320,LINE_DEL,01-10-2020,6,6,11,5,0,454,15
P003,fast_moving,32,A320,LINE_DEL,01-11-2020,6,6,12,6,0,457,30
P003,fast_moving,32,A320,LINE_DEL,01-12-2020,8,8,17,9,0,524,45
P003,fast_moving,32,A320,LINE_DEL,01-01-2021,9,9,9,0,0,454,15
P003,fast_moving,32,A320,LINE_DEL,01-02-2021,7,7,10,3,0,450,45
P003,fast_moving,32,A320,LINE_DEL,01-03-2021,5,3,3,0,1,448,45
P003,fast_moving,32,A320,LINE_DEL,01-04-2021,9,8,8,0,1,454,30
P003,fast_moving,32,A320,LINE_DEL,01-05-2021,10,7,7,0,1,454,30
P003,fast_moving,32,A320,LINE_DEL,01-06-2021,9,9,11,2,0,517,45
P003,fast_moving,32,A320,LINE_DEL,01-07-2021,8,2,2,0,1,525,60
P003,fast_moving,32,A320,LINE_DEL,01-08-2021,8,8,8,0,0,515,30
P003,fast_moving,32,A320,LINE_DEL,01-09-2021,11,9,9,0,1,449,15
P003,fast_moving,32,A320,LINE_DEL,01-10-2021,4,4,12,8,0,459,60
P003,fast_moving,32,A320,LINE_DEL,01-11-2021,6,6,8,2,0,456,45
P003,fast_moving,32,A320,LINE_DEL,01-12-2021,10,10,10,0,0,518,60
P003,fast_moving,32,A320,LINE_DEL,01-01-2022,0,0,0,0,0,452,15
P003,fast_moving,32,A320,LINE_DEL,01-02-2022,8,8,10,2,0,451,60
P003,fast_moving,32,A320,LINE_DEL,01-03-2022,5,2,2,0,1,438,30
P003,fast_moving,32,A320,LINE_DEL,01-04-2022,0,0,8,8,0,446,30
P003,fast_moving,32,A320,LINE_DEL,01-05-2022,7,7,20,13,0,450,45
P003,fast_moving,32,A320,LINE_DEL,01-06-2022,7,7,13,6,0,516,45
P003,fast_moving,32,A320,LINE_DEL,01-07-2022,9,6,6,0,1,519,60
P003,fast_moving,32,A320,LINE_DEL,01-08-2022,9,9,12,3,0,524,60
P003,fast_moving,32,A320,LINE_DEL,01-09-2022,5,3,3,0,1,449,60
P003,fast_moving,32,A320,LINE_DEL,01-10-2022,5,5,12,7,0,446,60
P003,fast_moving,32,A320,LINE_DEL,01-11-2022,0,0,7,7,0,452,15
P003,fast_moving,32,A320,LINE_DEL,01-12-2022,8,8,17,9,0,516,15
P003,fast_moving,32,A320,LINE_DEL,01-01-2023,5,5,9,4,0,448,60
P003,fast_moving,32,A320,LINE_DEL,01-02-2023,9,4,4,0,1,448,60
P003,fast_moving,32,A320,LINE_DEL,01-03-2023,1,1,8,7,0,459,60
P003,fast_moving,32,A320,LINE_DEL,01-04-2023,12,7,7,0,1,439,60
P003,fast_moving,32,A320,LINE_DEL,01-05-2023,7,7,10,3,0,447,30
P003,fast_moving,32,A320,LINE_DEL,01-06-2023,9,9,12,3,0,517,60
P003,fast_moving,32,A320,LINE_DEL,01-07-2023,8,3,3,0,1,512,15
P003,fast_moving,32,A320,LINE_DEL,01-08-2023,6,6,11,5,0,521,60
P003,fast_moving,32,A320,LINE_DEL,01-09-2023,7,5,5,0,1,453,60
P003,fast_moving,32,A320,LINE_DEL,01-10-2023,5,5,9,4,0,449,45
P003,fast_moving,32,A320,LINE_DEL,01-11-2023,7,4,4,0,1,448,15
P003,fast_moving,32,A320,LINE_DEL,01-12-2023,8,8,10,2,0,516,30
P003,fast_moving,32,A320,MRO_BLR,01-01-2018,11,11,27,16,0,456,60
P003,fast_moving,32,A320,MRO_BLR,01-02-2018,7,7,16,9,0,454,45
P003,fast_moving,32,A320,MRO_BLR,01-03-2018,9,9,9,0,0,459,30
P003,fast_moving,32,A320,MRO_BLR,01-04-2018,16,10,10,0,1,457,15
P003,fast_moving,32,A320,MRO_BLR,01-05-2018,10,10,10,0,0,457,15
P003,fast_moving,32,A320,MRO_BLR,01-06-2018,9,7,7,0,1,531,45
P003,fast_moving,32,A320,MRO_BLR,01-07-2018,10,0,0,0,1,526,60
P003,fast_moving,32,A320,MRO_BLR,01-08-2018,9,9,10,1,0,529,45
P003,fast_moving,32,A320,MRO_BLR,01-09-2018,0,0,1,1,0,452,60
P003,fast_moving,32,A320,MRO_BLR,01-10-2018,6,6,13,7,0,451,30
P003,fast_moving,32,A320,MRO_BLR,01-11-2018,9,9,19,10,0,463,30
P003,fast_moving,32,A320,MRO_BLR,01-12-2018,4,4,10,6,0,525,45
P003,fast_moving,32,A320,MRO_BLR,01-01-2019,7,6,6,0,1,452,15
P003,fast_moving,32,A320,MRO_BLR,01-02-2019,12,7,7,0,1,452,45
P003,fast_moving,32,A320,MRO_BLR,01-03-2019,11,0,0,0,1,452,45
P003,fast_moving,32,A320,MRO_BLR,01-04-2019,10,8,8,0,1,451,15
P003,fast_moving,32,A320,MRO_BLR,01-05-2019,11,8,8,0,1,449,45
P003,fast_moving,32,A320,MRO_BLR,01-06-2019,6,0,0,0,1,515,60
P003,fast_moving,32,A320,MRO_BLR,01-07-2019,9,9,10,1,0,522,60
P003,fast_moving,32,A320,MRO_BLR,01-08-2019,9,1,1,0,1,520,15
P003,fast_moving,32,A320,MRO_BLR,01-09-2019,7,7,11,4,0,460,45
P003,fast_moving,32,A320,MRO_BLR,01-10-2019,5,4,4,0,1,456,30
P003,fast_moving,32,A320,MRO_BLR,01-11-2019,10,8,8,0,1,456,15
P003,fast_moving,32,A320,MRO_BLR,01-12-2019,8,8,9,1,0,519,15
P003,fast_moving,32,A320,MRO_BLR,01-01-2020,9,9,11,2,0,453,15
P003,fast_moving,32,A320,MRO_BLR,01-02-2020,15,12,12,0,1,455,45
P003,fast_moving,32,A320,MRO_BLR,01-03-2020,4,0,0,0,1,457,15
P003,fast_moving,32,A320,MRO_BLR,01-04-2020,7,7,8,1,0,453,60
P003,fast_moving,32,A320,MRO_BLR,01-05-2020,0,0,1,1,0,458,30
P003,fast_moving,32,A320,MRO_BLR,01-06-2020,6,6,12,6,0,521,60
P003,fast_moving,32,A320,MRO_BLR,01-07-2020,0,0,6,6,0,525,60
P003,fast_moving,32,A320,MRO_BLR,01-08-2020,7,7,14,7,0,519,15
P003,fast_moving,32,A320,MRO_BLR,01-09-2020,3,3,17,14,0,445,15
P003,fast_moving,32,A320,MRO_BLR,01-10-2020,0,0,14,14,0,454,15
P003,fast_moving,32,A320,MRO_BLR,01-11-2020,9,9,14,5,0,457,30
P003,fast_moving,32,A320,MRO_BLR,01-12-2020,8,8,12,4,0,524,30
P003,fast_moving,32,A320,MRO_BLR,01-01-2021,8,8,12,4,0,454,15
P003,fast_moving,32,A320,MRO_BLR,01-02-2021,11,11,16,5,0,450,60
P003,fast_moving,32,A320,MRO_BLR,01-03-2021,8,5,5,0,1,448,15
P003,fast_moving,32,A320,MRO_BLR,01-04-2021,11,11,12,1,0,454,30
P003,fast_moving,32,A320,MRO_BLR,01-05-2021,7,7,9,2,0,454,30
P003,fast_moving,32,A320,MRO_BLR,01-06-2021,8,8,11,3,0,517,45
P003,fast_moving,32,A320,MRO_BLR,01-07-2021,12,3,3,0,1,525,30
P003,fast_moving,32,A320,MRO_BLR,01-08-2021,8,8,9,1,0,515,60
P003,fast_moving,32,A320,MRO_BLR,01-09-2021,5,1,1,0,1,449,30
P003,fast_moving,32,A320,MRO_BLR,01-10-2021,2,2,12,10,0,459,15
P003,fast_moving,32,A320,MRO_BLR,01-11-2021,7,7,10,3,0,456,45
P003,fast_moving,32,A320,MRO_BLR,01-12-2021,11,3,3,0,1,518,60
P003,fast_moving,32,A320,MRO_BLR,01-01-2022,10,9,9,0,1,452,30
P003,fast_moving,32,A320,MRO_BLR,01-02-2022,9,7,7,0,1,451,15
P003,fast_moving,32,A320,MRO_BLR,01-03-2022,9,7,7,0,1,438,30
P003,fast_moving,32,A320,MRO_BLR,01-04-2022,10,8,8,0,1,446,60
P003,fast_moving,32,A320,MRO_BLR,01-05-2022,8,0,0,0,1,450,15
P003,fast_moving,32,A320,MRO_BLR,01-06-2022,9,9,12,3,0,516,60
P003,fast_moving,32,A320,MRO_BLR,01-07-2022,10,3,3,0,1,519,30
P003,fast_moving,32,A320,MRO_BLR,01-08-2022,9,9,10,1,0,524,30
P003,fast_moving,32,A320,MRO_BLR,01-09-2022,5,5,10,5,0,449,15
P003,fast_moving,32,A320,MRO_BLR,01-10-2022,7,7,17,10,0,446,15
P003,fast_moving,32,A320,MRO_BLR,01-11-2022,4,4,10,6,0,452,15
P003,fast_moving,32,A320,MRO_BLR,01-12-2022,11,11,14,3,0,516,15
P003,fast_moving,32,A320,MRO_BLR,01-01-2023,3,3,10,7,0,448,30
P003,fast_moving,32,A320,MRO_BLR,01-02-2023,16,16,16,0,0,448,15
P003,fast_moving,32,A320,MRO_BLR,01-03-2023,9,9,11,2,0,459,60
P003,fast_moving,32,A320,MRO_BLR,01-04-2023,10,2,2,0,1,439,45
P003,fast_moving,32,A320,MRO_BLR,01-05-2023,13,11,11,0,1,447,60
P003,fast_moving,32,A320,MRO_BLR,01-06-2023,9,0,0,0,1,517,30
P003,fast_moving,32,A320,MRO_BLR,01-07-2023,9,9,9,0,0,512,15
P003,fast_moving,32,A320,MRO_BLR,01-08-2023,10,10,11,1,0,521,15
P003,fast_moving,32,A320,MRO_BLR,01-09-2023,0,0,11,11,0,453,60
P003,fast_moving,32,A320,MRO_BLR,01-10-2023,13,11,11,0,1,449,15
P003,fast_moving,32,A320,MRO_BLR,01-11-2023,3,3,10,7,0,448,30
P003,fast_moving,32,A320,MRO_BLR,01-12-2023,4,4,16,12,0,516,45
P004,fast_moving,28,A320,BASE_HYD,01-01-2018,14,14,25,11,0,703,15
P004,fast_moving,28,A320,BASE_HYD,01-02-2018,7,7,11,4,0,705,60
P004,fast_moving,28,A320,BASE_HYD,01-03-2018,4,4,4,0,0,702,15
P004,fast_moving,28,A320,BASE_HYD,01-04-2018,7,7,9,2,0,704,45
P004,fast_moving,28,A320,BASE_HYD,01-05-2018,9,2,2,0,1,722,30
P004,fast_moving,28,A320,BASE_HYD,01-06-2018,7,7,11,4,0,813,30
P004,fast_moving,28,A320,BASE_HYD,01-07-2018,8,8,11,3,0,823,60
P004,fast_moving,28,A320,BASE_HYD,01-08-2018,6,3,3,0,1,812,60
P004,fast_moving,28,A320,BASE_HYD,01-09-2018,3,3,8,5,0,717,45
P004,fast_moving,28,A320,BASE_HYD,01-10-2018,8,5,5,0,1,705,45
P004,fast_moving,28,A320,BASE_HYD,01-11-2018,14,11,11,0,1,712,60
P004,fast_moving,28,A320,BASE_HYD,01-12-2018,7,0,0,0,1,819,60
P004,fast_moving,28,A320,BASE_HYD,01-01-2019,7,7,7,0,0,726,15
P004,fast_moving,28,A320,BASE_HYD,01-02-2019,9,9,12,3,0,714,30
P004,fast_moving,28,A320,BASE_HYD,01-03-2019,8,8,15,7,0,706,15
P004,fast_moving,28,A320,BASE_HYD,01-04-2019,11,11,16,5,0,715,45
P004,fast_moving,28,A320,BASE_HYD,01-05-2019,7,5,5,0,1,725,15
P004,fast_moving,28,A320,BASE_HYD,01-06-2019,5,5,12,7,0,803,15
P004,fast_moving,28,A320,BASE_HYD,01-07-2019,12,12,17,5,0,809,15
P004,fast_moving,28,A320,BASE_HYD,01-08-2019,7,7,16,9,0,814,15
P004,fast_moving,28,A320,BASE_HYD,01-09-2019,4,4,9,5,0,707,60
P004,fast_moving,28,A320,BASE_HYD,01-10-2019,11,5,5,0,1,708,60
P004,fast_moving,28,A320,BASE_HYD,01-11-2019,10,10,10,0,0,701,15
P004,fast_moving,28,A320,BASE_HYD,01-12-2019,7,7,8,1,0,828,30
P004,fast_moving,28,A320,BASE_HYD,01-01-2020,3,3,8,5,0,698,15
P004,fast_moving,28,A320,BASE_HYD,01-02-2020,0,0,13,13,0,706,45
P004,fast_moving,28,A320,BASE_HYD,01-03-2020,12,12,13,1,0,715,45
P004,fast_moving,28,A320,BASE_HYD,01-04-2020,9,1,1,0,1,708,15
P004,fast_moving,28,A320,BASE_HYD,01-05-2020,4,4,7,3,0,701,45
P004,fast_moving,28,A320,BASE_HYD,01-06-2020,10,3,3,0,1,803,60
P004,fast_moving,28,A320,BASE_HYD,01-07-2020,8,8,9,1,0,812,30
P004,fast_moving,28,A320,BASE_HYD,01-08-2020,12,10,10,0,1,808,15
P004,fast_moving,28,A320,BASE_HYD,01-09-2020,5,5,8,3,0,709,45
P004,fast_moving,28,A320,BASE_HYD,01-10-2020,8,3,3,0,1,698,45
P004,fast_moving,28,A320,BASE_HYD,01-11-2020,10,9,9,0,1,713,15
P004,fast_moving,28,A320,BASE_HYD,01-12-2020,9,9,10,1,0,815,30
P004,fast_moving,28,A320,BASE_HYD,01-01-2021,0,0,13,13,0,707,30
P004,fast_moving,28,A320,BASE_HYD,01-02-2021,11,11,13,2,0,716,15
P004,fast_moving,28,A320,BASE_HYD,01-03-2021,6,6,13,7,0,703,15
P004,fast_moving,28,A320,BASE_HYD,01-04-2021,7,7,19,12,0,700,30
P004,fast_moving,28,A320,BASE_HYD,01-05-2021,4,4,12,8,0,702,60
P004,fast_moving,28,A320,BASE_HYD,01-06-2021,10,8,8,0,1,810,30
P004,fast_moving,28,A320,BASE_HYD,01-07-2021,7,7,10,3,0,811,45
P004,fast_moving,28,A320,BASE_HYD,01-08-2021,8,3,3,0,1,805,15
P004,fast_moving,28,A320,BASE_HYD,01-09-2021,6,6,8,2,0,691,60
P004,fast_moving,28,A320,BASE_HYD,01-10-2021,2,2,2,0,0,702,60
P004,fast_moving,28,A320,BASE_HYD,01-11-2021,9,9,12,3,0,708,30
P004,fast_moving,28,A320,BASE_HYD,01-12-2021,17,12,12,0,1,813,30
P004,fast_moving,28,A320,BASE_HYD,01-01-2022,12,11,11,0,1,712,45
P004,fast_moving,28,A320,BASE_HYD,01-02-2022,6,0,0,0,1,717,60
P004,fast_moving,28,A320,BASE_HYD,01-03-2022,3,3,11,8,0,709,30
P004,fast_moving,28,A320,BASE_HYD,01-04-2022,8,8,18,10,0,713,45
P004,fast_moving,28,A320,BASE_HYD,01-05-2022,6,6,10,4,0,709,60
P004,fast_moving,28,A320,BASE_HYD,01-06-2022,13,4,4,0,1,823,15
P004,fast_moving,28,A320,BASE_HYD,01-07-2022,14,9,9,0,1,824,30
P004,fast_moving,28,A320,BASE_HYD,01-08-2022,7,7,10,3,0,817,60
P004,fast_moving,28,A320,BASE_HYD,01-09-2022,7,3,3,0,1,708,15
P004,fast_moving,28,A320,BASE_HYD,01-10-2022,9,9,11,2,0,702,45
P004,fast_moving,28,A320,BASE_HYD,01-11-2022,7,2,2,0,1,703,30
P004,fast_moving,28,A320,BASE_HYD,01-12-2022,8,7,7,0,1,806,60
P004,fast_moving,28,A320,BASE_HYD,01-01-2023,11,0,0,0,1,706,15
P004,fast_moving,28,A320,BASE_HYD,01-02-2023,10,10,12,2,0,696,15
P004,fast_moving,28,A320,BASE_HYD,01-03-2023,6,6,13,7,0,700,30
P004,fast_moving,28,A320,BASE_HYD,01-04-2023,5,5,16,11,0,685,60
P004,fast_moving,28,A320,BASE_HYD,01-05-2023,9,9,11,2,0,713,60
P004,fast_moving,28,A320,BASE_HYD,01-06-2023,13,2,2,0,1,805,60
P004,fast_moving,28,A320,BASE_HYD,01-07-2023,9,9,12,3,0,810,60
P004,fast_moving,28,A320,BASE_HYD,01-08-2023,12,3,3,0,1,818,60
P004,fast_moving,28,A320,BASE_HYD,01-09-2023,7,7,11,4,0,703,45
P004,fast_moving,28,A320,BASE_HYD,01-10-2023,8,4,4,0,1,711,60
P004,fast_moving,28,A320,BASE_HYD,01-11-2023,6,6,7,1,0,693,60
P004,fast_moving,28,A320,BASE_HYD,01-12-2023,9,1,1,0,1,826,30
P004,fast_moving,28,A320,LINE_DEL,01-01-2018,7,7,16,9,0,703,30
P004,fast_moving,28,A320,LINE_DEL,01-02-2018,5,5,9,4,0,705,45
P004,fast_moving,28,A320,LINE_DEL,01-03-2018,7,4,4,0,1,702,15
P004,fast_moving,28,A320,LINE_DEL,01-04-2018,10,10,12,2,0,704,15
P004,fast_moving,28,A320,LINE_DEL,01-05-2018,6,6,10,4,0,722,30
P004,fast_moving,28,A320,LINE_DEL,01-06-2018,6,6,12,6,0,813,30
P004,fast_moving,28,A320,LINE_DEL,01-07-2018,0,0,18,18,0,823,30
P004,fast_moving,28,A320,LINE_DEL,01-08-2018,19,18,18,0,1,812,45
P004,fast_moving,28,A320,LINE_DEL,01-09-2018,7,0,0,0,1,717,15
P004,fast_moving,28,A320,LINE_DEL,01-10-2018,9,9,11,2,0,705,15
P004,fast_moving,28,A320,LINE_DEL,01-11-2018,9,9,11,2,0,712,30
P004,fast_moving,28,A320,LINE_DEL,01-12-2018,7,7,9,2,0,819,45
P004,fast_moving,28,A320,LINE_DEL,01-01-2019,8,2,2,0,1,726,30
P004,fast_moving,28,A320,LINE_DEL,01-02-2019,16,8,8,0,1,714,45
P004,fast_moving,28,A320,LINE_DEL,01-03-2019,6,0,0,0,1,706,60
P004,fast_moving,28,A320,LINE_DEL,01-04-2019,4,4,12,8,0,715,60
P004,fast_moving,28,A320,LINE_DEL,01-05-2019,9,8,8,0,1,725,15
P004,fast_moving,28,A320,LINE_DEL,01-06-2019,5,5,9,4,0,803,15
P004,fast_moving,28,A320,LINE_DEL,01-07-2019,9,9,13,4,0,809,30
P004,fast_moving,28,A320,LINE_DEL,01-08-2019,11,11,12,1,0,814,15
P004,fast_moving,28,A320,LINE_DEL,01-09-2019,11,9,9,0,1,707,45
P004,fast_moving,28,A320,LINE_DEL,01-10-2019,7,0,0,0,1,708,15
P004,fast_moving,28,A320,LINE_DEL,01-11-2019,7,7,9,2,0,701,45
P004,fast_moving,28,A320,LINE_DEL,01-12-2019,11,2,2,0,1,828,30
P004,fast_moving,28,A320,LINE_DEL,01-01-2020,10,10,12,2,0,698,30
P004,fast_moving,28,A320,LINE_DEL,01-02-2020,7,7,10,3,0,706,30
P004,fast_moving,28,A320,LINE_DEL,01-03-2020,12,11,11,0,1,715,60
P004,fast_moving,28,A320,LINE_DEL,01-04-2020,5,0,0,0,1,708,30
P004,fast_moving,28,A320,LINE_DEL,01-05-2020,9,9,12,3,0,701,60
P004,fast_moving,28,A320,LINE_DEL,01-06-2020,10,3,3,0,1,803,15
P004,fast_moving,28,A320,LINE_DEL,01-07-2020,11,11,12,1,0,812,30
P004,fast_moving,28,A320,LINE_DEL,01-08-2020,7,7,11,4,0,808,30
P004,fast_moving,28,A320,LINE_DEL,01-09-2020,9,9,13,4,0,709,30
P004,fast_moving,28,A320,LINE_DEL,01-10-2020,12,12,15,3,0,698,30
P004,fast_moving,28,A320,LINE_DEL,01-11-2020,9,9,13,4,0,713,15
P004,fast_moving,28,A320,LINE_DEL,01-12-2020,8,8,16,8,0,815,15
P004,fast_moving,28,A320,LINE_DEL,01-01-2021,2,2,15,13,0,707,15
P004,fast_moving,28,A320,LINE_DEL,01-02-2021,10,10,13,3,0,716,30
P004,fast_moving,28,A320,LINE_DEL,01-03-2021,7,7,13,6,0,703,60
P004,fast_moving,28,A320,LINE_DEL,01-04-2021,8,6,6,0,1,700,15
P004,fast_moving,28,A320,LINE_DEL,01-05-2021,6,6,9,3,0,702,30
P004,fast_moving,28,A320,LINE_DEL,01-06-2021,8,8,10,2,0,810,30
P004,fast_moving,28,A320,LINE_DEL,01-07-2021,10,10,13,3,0,811,15
P004,fast_moving,28,A320,LINE_DEL,01-08-2021,8,8,14,6,0,805,15
P004,fast_moving,28,A320,LINE_DEL,01-09-2021,10,10,17,7,0,691,60
P004,fast_moving,28,A320,LINE_DEL,01-10-2021,10,7,7,0,1,702,45
P004,fast_moving,28,A320,LINE_DEL,01-11-2021,15,11,11,0,1,708,45
P004,fast_moving,28,A320,LINE_DEL,01-12-2021,8,0,0,0,1,813,15
P004,fast_moving,28,A320,LINE_DEL,01-01-2022,7,7,8,1,0,712,30
P004,fast_moving,28,A320,LINE_DEL,01-02-2022,0,0,11,11,0,717,45
P004,fast_moving,28,A320,LINE_DEL,01-03-2022,12,11,11,0,1,709,60
P004,fast_moving,28,A320,LINE_DEL,01-04-2022,7,0,0,0,1,713,60
P004,fast_moving,28,A320,LINE_DEL,01-05-2022,15,8,8,0,1,709,30
P004,fast_moving,28,A320,LINE_DEL,01-06-2022,6,6,8,2,0,823,45
P004,fast_moving,28,A320,LINE_DEL,01-07-2022,0,0,2,2,0,824,30
P004,fast_moving,28,A320,LINE_DEL,01-08-2022,14,9,9,0,1,817,60
P004,fast_moving,28,A320,LINE_DEL,01-09-2022,2,0,0,0,1,708,30
P004,fast_moving,28,A320,LINE_DEL,01-10-2022,9,9,11,2,0,702,15
P004,fast_moving,28,A320,LINE_DEL,01-11-2022,8,8,9,1,0,703,15
P004,fast_moving,28,A320,LINE_DEL,01-12-2022,8,8,12,4,0,806,60
P004,fast_moving,28,A320,LINE_DEL,01-01-2023,7,4,4,0,1,706,45
P004,fast_moving,28,A320,LINE_DEL,01-02-2023,0,0,10,10,0,696,30
P004,fast_moving,28,A320,LINE_DEL,01-03-2023,14,10,10,0,1,700,15
P004,fast_moving,28,A320,LINE_DEL,01-04-2023,9,7,7,0,1,685,45
P004,fast_moving,28,A320,LINE_DEL,01-05-2023,8,0,0,0,1,713,15
P004,fast_moving,28,A320,LINE_DEL,01-06-2023,5,5,7,2,0,805,60
P004,fast_moving,28,A320,LINE_DEL,01-07-2023,7,2,2,0,1,810,30
P004,fast_moving,28,A320,LINE_DEL,01-08-2023,10,10,10,0,0,818,15
P004,fast_moving,28,A320,LINE_DEL,01-09-2023,5,5,7,2,0,703,30
P004,fast_moving,28,A320,LINE_DEL,01-10-2023,10,10,11,1,0,711,45
P004,fast_moving,28,A320,LINE_DEL,01-11-2023,5,1,1,0,1,693,15
P004,fast_moving,28,A320,LINE_DEL,01-12-2023,5,5,7,2,0,826,15
P004,fast_moving,28,A320,MRO_BLR,01-01-2018,5,5,19,14,0,703,30
P004,fast_moving,28,A320,MRO_BLR,01-02-2018,5,5,14,9,0,705,15
P004,fast_moving,28,A320,MRO_BLR,01-03-2018,0,0,9,9,0,702,30
P004,fast_moving,28,A320,MRO_BLR,01-04-2018,4,4,9,5,0,704,45
P004,fast_moving,28,A320,MRO_BLR,01-05-2018,9,5,5,0,1,722,15
P004,fast_moving,28,A320,MRO_BLR,01-06-2018,7,7,9,2,0,813,30
P004,fast_moving,28,A320,MRO_BLR,01-07-2018,13,12,12,0,1,823,60
P004,fast_moving,28,A320,MRO_BLR,01-08-2018,7,0,0,0,1,812,45
P004,fast_moving,28,A320,MRO_BLR,01-09-2018,8,8,11,3,0,717,15
P004,fast_moving,28,A320,MRO_BLR,01-10-2018,9,9,11,2,0,705,30
P004,fast_moving,28,A320,MRO_BLR,01-11-2018,11,10,10,0,1,712,45
P004,fast_moving,28,A320,MRO_BLR,01-12-2018,5,0,0,0,1,819,60
P004,fast_moving,28,A320,MRO_BLR,01-01-2019,20,9,9,0,1,726,30
P004,fast_moving,28,A320,MRO_BLR,01-02-2019,5,5,9,4,0,714,45
P004,fast_moving,28,A320,MRO_BLR,01-03-2019,5,4,4,0,1,706,60
P004,fast_moving,28,A320,MRO_BLR,01-04-2019,11,8,8,0,1,715,45
P004,fast_moving,28,A320,MRO_BLR,01-05-2019,7,0,0,0,1,725,30
P004,fast_moving,28,A320,MRO_BLR,01-06-2019,6,6,10,4,0,803,60
P004,fast_moving,28,A320,MRO_BLR,01-07-2019,8,4,4,0,1,809,15
P004,fast_moving,28,A320,MRO_BLR,01-08-2019,0,0,11,11,0,814,45
P004,fast_moving,28,A320,MRO_BLR,01-09-2019,4,4,11,7,0,707,60
P004,fast_moving,28,A320,MRO_BLR,01-10-2019,6,6,7,1,0,708,45
P004,fast_moving,28,A320,MRO_BLR,01-11-2019,9,9,9,0,0,701,60
P004,fast_moving,28,A320,MRO_BLR,01-12-2019,11,0,0,0,1,828,45
P004,fast_moving,28,A320,MRO_BLR,01-01-2020,0,0,8,8,0,698,45
P004,fast_moving,28,A320,MRO_BLR,01-02-2020,8,8,8,0,0,706,15
P004,fast_moving,28,A320,MRO_BLR,01-03-2020,6,6,8,2,0,715,45
P004,fast_moving,28,A320,MRO_BLR,01-04-2020,7,2,2,0,1,708,60
P004,fast_moving,28,A320,MRO_BLR,01-05-2020,7,7,8,1,0,701,45
P004,fast_moving,28,A320,MRO_BLR,01-06-2020,10,1,1,0,1,803,30
P004,fast_moving,28,A320,MRO_BLR,01-07-2020,4,4,11,7,0,812,30
P004,fast_moving,28,A320,MRO_BLR,01-08-2020,11,11,16,5,0,808,45
P004,fast_moving,28,A320,MRO_BLR,01-09-2020,10,5,5,0,1,709,30
P004,fast_moving,28,A320,MRO_BLR,01-10-2020,1,1,9,8,0,698,15
P004,fast_moving,28,A320,MRO_BLR,01-11-2020,5,5,18,13,0,713,45
P004,fast_moving,28,A320,MRO_BLR,01-12-2020,15,13,13,0,1,815,45
P004,fast_moving,28,A320,MRO_BLR,01-01-2021,9,0,0,0,1,707,15
P004,fast_moving,28,A320,MRO_BLR,01-02-2021,5,5,8,3,0,716,30
P004,fast_moving,28,A320,MRO_BLR,01-03-2021,10,10,12,2,0,703,15
P004,fast_moving,28,A320,MRO_BLR,01-04-2021,10,10,14,4,0,700,30
P004,fast_moving,28,A320,MRO_BLR,01-05-2021,7,7,12,5,0,702,45
P004,fast_moving,28,A320,MRO_BLR,01-06-2021,4,4,5,1,0,810,30
P004,fast_moving,28,A320,MRO_BLR,01-07-2021,9,9,12,3,0,811,45
P004,fast_moving,28,A320,MRO_BLR,01-08-2021,13,3,3,0,1,805,45
P004,fast_moving,28,A320,MRO_BLR,01-09-2021,13,7,7,0,1,691,15
P004,fast_moving,28,A320,MRO_BLR,01-10-2021,6,6,7,1,0,702,45
P004,fast_moving,28,A320,MRO_BLR,01-11-2021,8,1,1,0,1,708,15
P004,fast_moving,28,A320,MRO_BLR,01-12-2021,8,8,8,0,0,813,15
P004,fast_moving,28,A320,MRO_BLR,01-01-2022,8,8,11,3,0,712,45
P004,fast_moving,28,A320,MRO_BLR,01-02-2022,6,3,3,0,1,717,60
P004,fast_moving,28,A320,MRO_BLR,01-03-2022,7,7,9,2,0,709,30
P004,fast_moving,28,A320,MRO_BLR,01-04-2022,12,12,14,2,0,713,30
P004,fast_moving,28,A320,MRO_BLR,01-05-2022,7,7,9,2,0,709,15
P004,fast_moving,28,A320,MRO_BLR,01-06-2022,8,8,10,2,0,823,15
P004,fast_moving,28,A320,MRO_BLR,01-07-2022,13,9,9,0,1,824,30
P004,fast_moving,28,A320,MRO_BLR,01-08-2022,11,11,12,1,0,817,15
P004,fast_moving,28,A320,MRO_BLR,01-09-2022,11,9,9,0,1,708,60
P004,fast_moving,28,A320,MRO_BLR,01-10-2022,10,0,0,0,1,702,60
P004,fast_moving,28,A320,MRO_BLR,01-11-2022,8,8,8,0,0,703,45
P004,fast_moving,28,A320,MRO_BLR,01-12-2022,10,0,0,0,1,806,45
P004,fast_moving,28,A320,MRO_BLR,01-01-2023,5,5,12,7,0,706,45
P004,fast_moving,28,A320,MRO_BLR,01-02-2023,6,6,7,1,0,696,45
P004,fast_moving,28,A320,MRO_BLR,01-03-2023,9,9,9,0,0,700,45
P004,fast_moving,28,A320,MRO_BLR,01-04-2023,6,0,0,0,1,685,15
P004,fast_moving,28,A320,MRO_BLR,01-05-2023,5,5,12,7,0,713,15
P004,fast_moving,28,A320,MRO_BLR,01-06-2023,9,9,14,5,0,805,60
P004,fast_moving,28,A320,MRO_BLR,01-07-2023,8,5,5,0,1,810,60
P004,fast_moving,28,A320,MRO_BLR,01-08-2023,11,7,7,0,1,818,30
P004,fast_moving,28,A320,MRO_BLR,01-09-2023,11,8,8,0,1,703,60
P004,fast_moving,28,A320,MRO_BLR,01-10-2023,10,0,0,0,1,711,45
P004,fast_moving,28,A320,MRO_BLR,01-11-2023,15,11,11,0,1,693,60
P004,fast_moving,28,A320,MRO_BLR,01-12-2023,12,0,0,0,1,826,45
P005,fast_moving,32,B737,BASE_HYD,01-01-2018,3,3,19,16,0,618,30
P005,fast_moving,32,B737,BASE_HYD,01-02-2018,8,8,16,8,0,642,60
P005,fast_moving,32,B737,BASE_HYD,01-03-2018,7,7,8,1,0,617,15
P005,fast_moving,32,B737,BASE_HYD,01-04-2018,5,5,10,5,0,614,30
P005,fast_moving,32,B737,BASE_HYD,01-05-2018,10,10,16,6,0,627,60
P005,fast_moving,32,B737,BASE_HYD,01-06-2018,9,6,6,0,1,713,15
P005,fast_moving,32,B737,BASE_HYD,01-07-2018,10,10,10,0,0,721,60
P005,fast_moving,32,B737,BASE_HYD,01-08-2018,15,0,0,0,1,721,45
P005,fast_moving,32,B737,BASE_HYD,01-09-2018,6,6,11,5,0,626,60
P005,fast_moving,32,B737,BASE_HYD,01-10-2018,9,5,5,0,1,622,15
P005,fast_moving,32,B737,BASE_HYD,01-11-2018,8,8,11,3,0,630,30
P005,fast_moving,32,B737,BASE_HYD,01-12-2018,13,13,13,0,0,719,30
P005,fast_moving,32,B737,BASE_HYD,01-01-2019,5,5,10,5,0,632,45
P005,fast_moving,32,B737,BASE_HYD,01-02-2019,0,0,5,5,0,624,45
P005,fast_moving,32,B737,BASE_HYD,01-03-2019,6,6,12,6,0,619,15
P005,fast_moving,32,B737,BASE_HYD,01-04-2019,5,5,16,11,0,615,30
P005,fast_moving,32,B737,BASE_HYD,01-05-2019,12,11,11,0,1,624,15
P005,fast_moving,32,B737,BASE_HYD,01-06-2019,3,3,12,9,0,710,30
P005,fast_moving,32,B737,BASE_HYD,01-07-2019,12,9,9,0,1,709,15
P005,fast_moving,32,B737,BASE_HYD,01-08-2019,7,7,9,2,0,723,60
P005,fast_moving,32,B737,BASE_HYD,01-09-2019,9,2,2,0,1,614,30
P005,fast_moving,32,B737,BASE_HYD,01-10-2019,6,6,7,1,0,634,30
P005,fast_moving,32,B737,BASE_HYD,01-11-2019,7,7,13,6,0,626,15
P005,fast_moving,32,B737,BASE_HYD,01-12-2019,9,9,13,4,0,719,45
P005,fast_moving,32,B737,BASE_HYD,01-01-2020,7,4,4,0,1,617,45
P005,fast_moving,32,B737,BASE_HYD,01-02-2020,2,2,8,6,0,628,30
P005,fast_moving,32,B737,BASE_HYD,01-03-2020,2,2,16,14,0,623,15
P005,fast_moving,32,B737,BASE_HYD,01-04-2020,7,7,14,7,0,619,45
P005,fast_moving,32,B737,BASE_HYD,01-05-2020,7,7,7,0,0,624,15
P005,fast_moving,32,B737,BASE_HYD,01-06-2020,0,0,10,10,0,705,30
P005,fast_moving,32,B737,BASE_HYD,01-07-2020,12,10,10,0,1,705,15
P005,fast_moving,32,B737,BASE_HYD,01-08-2020,8,7,7,0,1,709,45
P005,fast_moving,32,B737,BASE_HYD,01-09-2020,6,0,0,0,1,625,60
P005,fast_moving,32,B737,BASE_HYD,01-10-2020,4,4,9,5,0,623,30
P005,fast_moving,32,B737,BASE_HYD,01-11-2020,7,7,16,9,0,630,45
P005,fast_moving,32,B737,BASE_HYD,01-12-2020,2,2,9,7,0,710,45
P005,fast_moving,32,B737,BASE_HYD,01-01-2021,5,5,7,2,0,625,45
P005,fast_moving,32,B737,BASE_HYD,01-02-2021,6,6,13,7,0,621,45
P005,fast_moving,32,B737,BASE_HYD,01-03-2021,7,7,7,0,0,615,30
P005,fast_moving,32,B737,BASE_HYD,01-04-2021,13,11,11,0,1,624,45
P005,fast_moving,32,B737,BASE_HYD,01-05-2021,8,0,0,0,1,621,45
P005,fast_moving,32,B737,BASE_HYD,01-06-2021,7,7,12,5,0,710,45
P005,fast_moving,32,B737,BASE_HYD,01-07-2021,9,5,5,0,1,715,30
P005,fast_moving,32,B737,BASE_HYD,01-08-2021,8,7,7,0,1,714,15
P005,fast_moving,32,B737,BASE_HYD,01-09-2021,6,6,7,1,0,620,30
P005,fast_moving,32,B737,BASE_HYD,01-10-2021,7,7,10,3,0,619,45
P005,fast_moving,32,B737,BASE_HYD,01-11-2021,0,0,3,3,0,613,60
P005,fast_moving,32,B737,BASE_HYD,01-12-2021,8,8,15,7,0,715,30
P005,fast_moving,32,B737,BASE_HYD,01-01-2022,4,4,16,12,0,615,45
P005,fast_moving,32,B737,BASE_HYD,01-02-2022,10,10,12,2,0,613,30
P005,fast_moving,32,B737,BASE_HYD,01-03-2022,7,7,14,7,0,618,60
P005,fast_moving,32,B737,BASE_HYD,01-04-2022,7,7,7,0,0,624,15
P005,fast_moving,32,B737,BASE_HYD,01-05-2022,7,7,11,4,0,621,45
P005,fast_moving,32,B737,BASE_HYD,01-06-2022,11,4,4,0,1,709,15
P005,fast_moving,32,B737,BASE_HYD,01-07-2022,9,9,11,2,0,708,15
P005,fast_moving,32,B737,BASE_HYD,01-08-2022,5,5,12,7,0,717,30
P005,fast_moving,32,B737,BASE_HYD,01-09-2022,4,4,18,14,0,605,30
P005,fast_moving,32,B737,BASE_HYD,01-10-2022,10,10,14,4,0,624,60
P005,fast_moving,32,B737,BASE_HYD,01-11-2022,10,4,4,0,1,608,30
P005,fast_moving,32,B737,BASE_HYD,01-12-2022,10,8,8,0,1,702,15
P005,fast_moving,32,B737,BASE_HYD,01-01-2023,7,7,8,1,0,614,15
P005,fast_moving,32,B737,BASE_HYD,01-02-2023,10,10,12,2,0,631,30
P005,fast_moving,32,B737,BASE_HYD,01-03-2023,6,6,10,4,0,628,30
P005,fast_moving,32,B737,BASE_HYD,01-04-2023,4,4,14,10,0,622,60
P005,fast_moving,32,B737,BASE_HYD,01-05-2023,9,9,10,1,0,620,60
P005,fast_moving,32,B737,BASE_HYD,01-06-2023,0,0,1,1,0,697,60
P005,fast_moving,32,B737,BASE_HYD,01-07-2023,5,5,8,3,0,711,30
P005,fast_moving,32,B737,BASE_HYD,01-08-2023,9,9,14,5,0,706,15
P005,fast_moving,32,B737,BASE_HYD,01-09-2023,9,9,15,6,0,613,60
P005,fast_moving,32,B737,BASE_HYD,01-10-2023,7,6,6,0,1,619,60
P005,fast_moving,32,B737,BASE_HYD,01-11-2023,4,4,7,3,0,615,15
P005,fast_moving,32,B737,BASE_HYD,01-12-2023,8,8,15,7,0,716,45
P005,fast_moving,32,B737,LINE_DEL,01-01-2018,9,9,29,20,0,618,60
P005,fast_moving,32,B737,LINE_DEL,01-02-2018,9,9,20,11,0,642,30
P005,fast_moving,32,B737,LINE_DEL,01-03-2018,9,9,11,2,0,617,30
P005,fast_moving,32,B737,LINE_DEL,01-04-2018,7,7,9,2,0,614,60
P005,fast_moving,32,B737,LINE_DEL,01-05-2018,11,2,2,0,1,627,30
P005,fast_moving,32,B737,LINE_DEL,01-06-2018,8,8,8,0,0,713,30
P005,fast_moving,32,B737,LINE_DEL,01-07-2018,6,6,8,2,0,721,45
P005,fast_moving,32,B737,LINE_DEL,01-08-2018,6,2,2,0,1,721,60
P005,fast_moving,32,B737,LINE_DEL,01-09-2018,11,11,12,1,0,626,45
P005,fast_moving,32,B737,LINE_DEL,01-10-2018,13,1,1,0,1,622,60
P005,fast_moving,32,B737,LINE_DEL,01-11-2018,8,7,7,0,1,630,30
P005,fast_moving,32,B737,LINE_DEL,01-12-2018,7,7,12,5,0,719,30
P005,fast_moving,32,B737,LINE_DEL,01-01-2019,6,6,15,9,0,632,30
P005,fast_moving,32,B737,LINE_DEL,01-02-2019,11,9,9,0,1,624,30
P005,fast_moving,32,B737,LINE_DEL,01-03-2019,8,7,7,0,1,619,45
P005,fast_moving,32,B737,LINE_DEL,01-04-2019,5,0,0,0,1,615,60
P005,fast_moving,32,B737,LINE_DEL,01-05-2019,6,6,9,3,0,624,30
P005,fast_moving,32,B737,LINE_DEL,01-06-2019,5,5,15,10,0,710,30
P005,fast_moving,32,B737,LINE_DEL,01-07-2019,10,10,10,0,0,709,30
P005,fast_moving,32,B737,LINE_DEL,01-08-2019,6,6,7,1,0,723,45
P005,fast_moving,32,B737,LINE_DEL,01-09-2019,7,1,1,0,1,614,30
P005,fast_moving,32,B737,LINE_DEL,01-10-2019,7,7,7,0,0,634,60
P005,fast_moving,32,B737,LINE_DEL,01-11-2019,8,0,0,0,1,626,45
P005,fast_moving,32,B737,LINE_DEL,01-12-2019,8,8,10,2,0,719,60
P005,fast_moving,32,B737,LINE_DEL,01-01-2020,9,2,2,0,1,617,60
P005,fast_moving,32,B737,LINE_DEL,01-02-2020,5,5,11,6,0,628,45
P005,fast_moving,32,B737,LINE_DEL,01-03-2020,6,6,6,0,0,623,15
P005,fast_moving,32,B737,LINE_DEL,01-04-2020,9,9,9,0,0,619,30
P005,fast_moving,32,B737,LINE_DEL,01-05-2020,6,6,11,5,0,624,30
P005,fast_moving,32,B737,LINE_DEL,01-06-2020,13,13,16,3,0,705,15
P005,fast_moving,32,B737,LINE_DEL,01-07-2020,7,7,10,3,0,705,30
P005,fast_moving,32,B737,LINE_DEL,01-08-2020,11,11,11,0,0,709,60
P005,fast_moving,32,B737,LINE_DEL,01-09-2020,8,0,0,0,1,625,30
P005,fast_moving,32,B737,LINE_DEL,01-10-2020,8,8,9,1,0,623,30
P005,fast_moving,32,B737,LINE_DEL,01-11-2020,10,9,9,0,1,630,60
P005,fast_moving,32,B737,LINE_DEL,01-12-2020,10,0,0,0,1,710,15
P005,fast_moving,32,B737,LINE_DEL,01-01-2021,8,8,11,3,0,625,15
P005,fast_moving,32,B737,LINE_DEL,01-02-2021,9,9,10,1,0,621,30
P005,fast_moving,32,B737,LINE_DEL,01-03-2021,13,11,11,0,1,615,60
P005,fast_moving,32,B737,LINE_DEL,01-04-2021,10,0,0,0,1,624,15
P005,fast_moving,32,B737,LINE_DEL,01-05-2021,3,3,9,6,0,621,15
P005,fast_moving,32,B737,LINE_DEL,01-06-2021,14,14,15,1,0,710,30
P005,fast_moving,32,B737,LINE_DEL,01-07-2021,8,8,11,3,0,715,15
P005,fast_moving,32,B737,LINE_DEL,01-08-2021,14,11,11,0,1,714,45
P005,fast_moving,32,B737,LINE_DEL,01-09-2021,6,0,0,0,1,620,30
P005,fast_moving,32,B737,LINE_DEL,01-10-2021,9,8,8,0,1,619,15
P005,fast_moving,32,B737,LINE_DEL,01-11-2021,9,7,7,0,1,613,30
P005,fast_moving,32,B737,LINE_DEL,01-12-2021,9,8,8,0,1,715,60
P005,fast_moving,32,B737,LINE_DEL,01-01-2022,11,0,0,0,1,615,30
P005,fast_moving,32,B737,LINE_DEL,01-02-2022,6,6,12,6,0,613,30
P005,fast_moving,32,B737,LINE_DEL,01-03-2022,11,11,15,4,0,618,45
P005,fast_moving,32,B737,LINE_DEL,01-04-2022,8,4,4,0,1,624,60
P005,fast_moving,32,B737,LINE_DEL,01-05-2022,5,5,9,4,0,621,60
P005,fast_moving,32,B737,LINE_DEL,01-06-2022,8,4,4,0,1,709,15
P005,fast_moving,32,B737,LINE_DEL,01-07-2022,8,8,9,1,0,708,15
P005,fast_moving,32,B737,LINE_DEL,01-08-2022,9,9,13,4,0,717,30
P005,fast_moving,32,B737,LINE_DEL,01-09-2022,10,10,12,2,0,605,45
P005,fast_moving,32,B737,LINE_DEL,01-10-2022,12,2,2,0,1,624,30
P005,fast_moving,32,B737,LINE_DEL,01-11-2022,4,4,12,8,0,608,30
P005,fast_moving,32,B737,LINE_DEL,01-12-2022,11,11,20,9,0,702,15
P005,fast_moving,32,B737,LINE_DEL,01-01-2023,8,8,9,1,0,614,60
P005,fast_moving,32,B737,LINE_DEL,01-02-2023,7,1,1,0,1,631,15
P005,fast_moving,32,B737,LINE_DEL,01-03-2023,6,6,10,4,0,628,15
P005,fast_moving,32,B737,LINE_DEL,01-04-2023,10,10,15,5,0,622,60
P005,fast_moving,32,B737,LINE_DEL,01-05-2023,9,5,5,0,1,620,45
P005,fast_moving,32,B737,LINE_DEL,01-06-2023,16,8,8,0,1,697,60
P005,fast_moving,32,B737,LINE_DEL,01-07-2023,15,0,0,0,1,711,45
P005,fast_moving,32,B737,LINE_DEL,01-08-2023,13,11,11,0,1,706,15
P005,fast_moving,32,B737,LINE_DEL,01-09-2023,4,4,10,6,0,613,45
P005,fast_moving,32,B737,LINE_DEL,01-10-2023,13,6,6,0,1,619,30
P005,fast_moving,32,B737,LINE_DEL,01-11-2023,13,7,7,0,1,615,60
P005,fast_moving,32,B737,LINE_DEL,01-12-2023,8,0,0,0,1,716,15
P005,fast_moving,32,B737,MRO_BLR,01-01-2018,8,8,25,17,0,618,60
P005,fast_moving,32,B737,MRO_BLR,01-02-2018,7,7,17,10,0,642,60
P005,fast_moving,32,B737,MRO_BLR,01-03-2018,7,7,10,3,0,617,30
P005,fast_moving,32,B737,MRO_BLR,01-04-2018,7,7,11,4,0,614,60
P005,fast_moving,32,B737,MRO_BLR,01-05-2018,5,4,4,0,1,627,15
P005,fast_moving,32,B737,MRO_BLR,01-06-2018,11,9,9,0,1,713,60
P005,fast_moving,32,B737,MRO_BLR,01-07-2018,5,0,0,0,1,721,30
P005,fast_moving,32,B737,MRO_BLR,01-08-2018,7,7,12,5,0,721,15
P005,fast_moving,32,B737,MRO_BLR,01-09-2018,8,8,12,4,0,626,45
P005,fast_moving,32,B737,MRO_BLR,01-10-2018,10,4,4,0,1,622,45
P005,fast_moving,32,B737,MRO_BLR,01-11-2018,7,7,8,1,0,630,60
P005,fast_moving,32,B737,MRO_BLR,01-12-2018,6,1,1,0,1,719,60
P005,fast_moving,32,B737,MRO_BLR,01-01-2019,5,5,7,2,0,632,15
P005,fast_moving,32,B737,MRO_BLR,01-02-2019,7,7,9,2,0,624,45
P005,fast_moving,32,B737,MRO_BLR,01-03-2019,8,2,2,0,1,619,60
P005,fast_moving,32,B737,MRO_BLR,01-04-2019,6,6,10,4,0,615,45
P005,fast_moving,32,B737,MRO_BLR,01-05-2019,8,4,4,0,1,624,45
P005,fast_moving,32,B737,MRO_BLR,01-06-2019,9,9,9,0,0,710,60
P005,fast_moving,32,B737,MRO_BLR,01-07-2019,7,0,0,0,1,709,30
P005,fast_moving,32,B737,MRO_BLR,01-08-2019,5,5,11,6,0,723,60
P005,fast_moving,32,B737,MRO_BLR,01-09-2019,5,5,6,1,0,614,30
P005,fast_moving,32,B737,MRO_BLR,01-10-2019,5,5,9,4,0,634,30
P005,fast_moving,32,B737,MRO_BLR,01-11-2019,9,9,12,3,0,626,15
P005,fast_moving,32,B737,MRO_BLR,01-12-2019,12,12,13,1,0,719,45
P005,fast_moving,32,B737,MRO_BLR,01-01-2020,6,1,1,0,1,617,60
P005,fast_moving,32,B737,MRO_BLR,01-02-2020,0,0,9,9,0,628,30
P005,fast_moving,32,B737,MRO_BLR,01-03-2020,7,7,9,2,0,623,30
P005,fast_moving,32,B737,MRO_BLR,01-04-2020,7,7,9,2,0,619,60
P005,fast_moving,32,B737,MRO_BLR,01-05-2020,6,2,2,0,1,624,15
P005,fast_moving,32,B737,MRO_BLR,01-06-2020,7,7,7,0,0,705,60
P005,fast_moving,32,B737,MRO_BLR,01-07-2020,9,0,0,0,1,705,15
P005,fast_moving,32,B737,MRO_BLR,01-08-2020,9,9,10,1,0,709,30
P005,fast_moving,32,B737,MRO_BLR,01-09-2020,9,9,11,2,0,625,15
P005,fast_moving,32,B737,MRO_BLR,01-10-2020,11,11,13,2,0,623,45
P005,fast_moving,32,B737,MRO_BLR,01-11-2020,8,2,2,0,1,630,45
P005,fast_moving,32,B737,MRO_BLR,01-12-2020,11,7,7,0,1,710,15
P005,fast_moving,32,B737,MRO_BLR,01-01-2021,5,5,11,6,0,625,30
P005,fast_moving,32,B737,MRO_BLR,01-02-2021,6,6,14,8,0,621,45
P005,fast_moving,32,B737,MRO_BLR,01-03-2021,6,6,8,2,0,615,30
P005,fast_moving,32,B737,MRO_BLR,01-04-2021,0,0,11,11,0,624,60
P005,fast_moving,32,B737,MRO_BLR,01-05-2021,8,8,11,3,0,621,45
P005,fast_moving,32,B737,MRO_BLR,01-06-2021,3,3,3,0,0,710,15
P005,fast_moving,32,B737,MRO_BLR,01-07-2021,10,9,9,0,1,715,45
P005,fast_moving,32,B737,MRO_BLR,01-08-2021,4,0,0,0,1,714,60
P005,fast_moving,32,B737,MRO_BLR,01-09-2021,10,7,7,0,1,620,15
P005,fast_moving,32,B737,MRO_BLR,01-10-2021,0,0,11,11,0,619,30
P005,fast_moving,32,B737,MRO_BLR,01-11-2021,0,0,11,11,0,613,45
P005,fast_moving,32,B737,MRO_BLR,01-12-2021,8,8,11,3,0,715,30
P005,fast_moving,32,B737,MRO_BLR,01-01-2022,3,3,10,7,0,615,60
P005,fast_moving,32,B737,MRO_BLR,01-02-2022,8,7,7,0,1,613,15
P005,fast_moving,32,B737,MRO_BLR,01-03-2022,4,4,11,7,0,618,15
P005,fast_moving,32,B737,MRO_BLR,01-04-2022,7,7,17,10,0,624,60
P005,fast_moving,32,B737,MRO_BLR,01-05-2022,7,7,10,3,0,621,45
P005,fast_moving,32,B737,MRO_BLR,01-06-2022,10,3,3,0,1,709,45
P005,fast_moving,32,B737,MRO_BLR,01-07-2022,10,7,7,0,1,708,30
P005,fast_moving,32,B737,MRO_BLR,01-08-2022,11,10,10,0,1,717,30
P005,fast_moving,32,B737,MRO_BLR,01-09-2022,9,7,7,0,1,605,15
P005,fast_moving,32,B737,MRO_BLR,01-10-2022,8,8,10,2,0,624,45
P005,fast_moving,32,B737,MRO_BLR,01-11-2022,5,2,2,0,1,608,15
P005,fast_moving,32,B737,MRO_BLR,01-12-2022,2,2,8,6,0,702,60
P005,fast_moving,32,B737,MRO_BLR,01-01-2023,6,6,6,0,0,614,15
P005,fast_moving,32,B737,MRO_BLR,01-02-2023,11,7,7,0,1,631,30
P005,fast_moving,32,B737,MRO_BLR,01-03-2023,9,9,11,2,0,628,60
P005,fast_moving,32,B737,MRO_BLR,01-04-2023,9,2,2,0,1,622,60
P005,fast_moving,32,B737,MRO_BLR,01-05-2023,10,10,10,0,0,620,45
P005,fast_moving,32,B737,MRO_BLR,01-06-2023,7,0,0,0,1,697,15
P005,fast_moving,32,B737,MRO_BLR,01-07-2023,13,12,12,0,1,711,15
P005,fast_moving,32,B737,MRO_BLR,01-08-2023,11,11,11,0,0,706,60
P005,fast_moving,32,B737,MRO_BLR,01-09-2023,6,0,0,0,1,613,30
P005,fast_moving,32,B737,MRO_BLR,01-10-2023,8,8,11,3,0,619,30
P005,fast_moving,32,B737,MRO_BLR,01-11-2023,3,3,10,7,0,615,30
P005,fast_moving,32,B737,MRO_BLR,01-12-2023,14,14,18,4,0,716,15
P006,fast_moving,28,B737,BASE_HYD,01-01-2018,6,6,19,13,0,432,60
P006,fast_moving,28,B737,BASE_HYD,01-02-2018,5,5,13,8,0,434,45
P006,fast_moving,28,B737,BASE_HYD,01-03-2018,4,4,8,4,0,430,60
P006,fast_moving,28,B737,BASE_HYD,01-04-2018,7,7,15,8,0,438,60
P006,fast_moving,28,B737,BASE_HYD,01-05-2018,18,8,8,0,1,435,45
P006,fast_moving,28,B737,BASE_HYD,01-06-2018,16,9,9,0,1,492,45
P006,fast_moving,28,B737,BASE_HYD,01-07-2018,8,0,0,0,1,506,30
P006,fast_moving,28,B737,BASE_HYD,01-08-2018,9,9,12,3,0,497,30
P006,fast_moving,28,B737,BASE_HYD,01-09-2018,8,8,14,6,0,427,60
P006,fast_moving,28,B737,BASE_HYD,01-10-2018,6,6,6,0,0,428,15
P006,fast_moving,28,B737,BASE_HYD,01-11-2018,4,4,12,8,0,438,60
P006,fast_moving,28,B737,BASE_HYD,01-12-2018,9,8,8,0,1,506,15
P006,fast_moving,28,B737,BASE_HYD,01-01-2019,6,6,11,5,0,435,15
P006,fast_moving,28,B737,BASE_HYD,01-02-2019,6,6,13,7,0,436,60
P006,fast_moving,28,B737,BASE_HYD,01-03-2019,7,7,7,0,0,436,45
P006,fast_moving,28,B737,BASE_HYD,01-04-2019,9,9,11,2,0,433,45
P006,fast_moving,28,B737,BASE_HYD,01-05-2019,7,2,2,0,1,432,60
P006,fast_moving,28,B737,BASE_HYD,01-06-2019,10,9,9,0,1,498,15
P006,fast_moving,28,B737,BASE_HYD,01-07-2019,11,8,8,0,1,499,15
P006,fast_moving,28,B737,BASE_HYD,01-08-2019,8,8,12,4,0,492,45
P006,fast_moving,28,B737,BASE_HYD,01-09-2019,10,4,4,0,1,434,60
P006,fast_moving,28,B737,BASE_HYD,01-10-2019,8,8,11,3,0,437,15
P006,fast_moving,28,B737,BASE_HYD,01-11-2019,7,7,15,8,0,430,15
P006,fast_moving,28,B737,BASE_HYD,01-12-2019,8,8,19,11,0,494,45
P006,fast_moving,28,B737,BASE_HYD,01-01-2020,10,10,11,1,0,431,60
P006,fast_moving,28,B737,BASE_HYD,01-02-2020,12,1,1,0,1,427,60
P006,fast_moving,28,B737,BASE_HYD,01-03-2020,8,7,7,0,1,424,60
P006,fast_moving,28,B737,BASE_HYD,01-04-2020,5,0,0,0,1,434,45
P006,fast_moving,28,B737,BASE_HYD,01-05-2020,5,5,7,2,0,427,60
P006,fast_moving,28,B737,BASE_HYD,01-06-2020,14,2,2,0,1,494,30
P006,fast_moving,28,B737,BASE_HYD,01-07-2020,0,0,9,9,0,491,30
P006,fast_moving,28,B737,BASE_HYD,01-08-2020,4,4,9,5,0,500,45
P006,fast_moving,28,B737,BASE_HYD,01-09-2020,7,5,5,0,1,433,45
P006,fast_moving,28,B737,BASE_HYD,01-10-2020,8,8,12,4,0,428,45
P006,fast_moving,28,B737,BASE_HYD,01-11-2020,11,4,4,0,1,424,60
P006,fast_moving,28,B737,BASE_HYD,01-12-2020,7,7,11,4,0,492,30
P006,fast_moving,28,B737,BASE_HYD,01-01-2021,14,14,15,1,0,431,30
P006,fast_moving,28,B737,BASE_HYD,01-02-2021,3,3,11,8,0,429,30
P006,fast_moving,28,B737,BASE_HYD,01-03-2021,4,4,20,16,0,429,45
P006,fast_moving,28,B737,BASE_HYD,01-04-2021,6,6,16,10,0,429,45
P006,fast_moving,28,B737,BASE_HYD,01-05-2021,9,9,10,1,0,431,30
P006,fast_moving,28,B737,BASE_HYD,01-06-2021,14,11,11,0,1,492,60
P006,fast_moving,28,B737,BASE_HYD,01-07-2021,4,0,0,0,1,495,60
P006,fast_moving,28,B737,BASE_HYD,01-08-2021,12,8,8,0,1,487,30
P006,fast_moving,28,B737,BASE_HYD,01-09-2021,8,7,7,0,1,439,45
P006,fast_moving,28,B737,BASE_HYD,01-10-2021,7,0,0,0,1,427,30
P006,fast_moving,28,B737,BASE_HYD,01-11-2021,9,9,11,2,0,429,45
P006,fast_moving,28,B737,BASE_HYD,01-12-2021,10,2,2,0,1,495,60
P006,fast_moving,28,B737,BASE_HYD,01-01-2022,8,8,11,3,0,425,60
P006,fast_moving,28,B737,BASE_HYD,01-02-2022,4,3,3,0,1,427,30
P006,fast_moving,28,B737,BASE_HYD,01-03-2022,8,8,12,4,0,427,15
P006,fast_moving,28,B737,BASE_HYD,01-04-2022,8,8,11,3,0,423,45
P006,fast_moving,28,B737,BASE_HYD,01-05-2022,8,3,3,0,1,429,45
P006,fast_moving,28,B737,BASE_HYD,01-06-2022,12,10,10,0,1,483,15
P006,fast_moving,28,B737,BASE_HYD,01-07-2022,4,4,11,7,0,499,60
P006,fast_moving,28,B737,BASE_HYD,01-08-2022,9,7,7,0,1,495,45
P006,fast_moving,28,B737,BASE_HYD,01-09-2022,3,3,11,8,0,430,15
P006,fast_moving,28,B737,BASE_HYD,01-10-2022,9,9,17,8,0,419,45
P006,fast_moving,28,B737,BASE_HYD,01-11-2022,10,8,8,0,1,423,45
P006,fast_moving,28,B737,BASE_HYD,01-12-2022,8,8,10,2,0,498,45
P006,fast_moving,28,B737,BASE_HYD,01-01-2023,12,2,2,0,1,443,30
P006,fast_moving,28,B737,BASE_HYD,01-02-2023,2,2,10,8,0,431,45
P006,fast_moving,28,B737,BASE_HYD,01-03-2023,9,8,8,0,1,430,30
P006,fast_moving,28,B737,BASE_HYD,01-04-2023,7,7,8,1,0,428,30
P006,fast_moving,28,B737,BASE_HYD,01-05-2023,7,7,12,5,0,422,60
P006,fast_moving,28,B737,BASE_HYD,01-06-2023,6,5,5,0,1,494,15
P006,fast_moving,28,B737,BASE_HYD,01-07-2023,8,8,10,2,0,484,45
P006,fast_moving,28,B737,BASE_HYD,01-08-2023,9,2,2,0,1,483,15
P006,fast_moving,28,B737,BASE_HYD,01-09-2023,8,8,8,0,0,420,15
P006,fast_moving,28,B737,BASE_HYD,01-10-2023,9,9,12,3,0,430,30
P006,fast_moving,28,B737,BASE_HYD,01-11-2023,9,9,11,2,0,425,15
P006,fast_moving,28,B737,BASE_HYD,01-12-2023,12,12,12,0,0,490,60
P006,fast_moving,28,B737,LINE_DEL,01-01-2018,10,10,16,6,0,432,30
P006,fast_moving,28,B737,LINE_DEL,01-02-2018,7,7,14,7,0,434,15
P006,fast_moving,28,B737,LINE_DEL,01-03-2018,6,6,16,10,0,430,30
P006,fast_moving,28,B737,LINE_DEL,01-04-2018,5,5,10,5,0,438,30
P006,fast_moving,28,B737,LINE_DEL,01-05-2018,14,14,17,3,0,435,15
P006,fast_moving,28,B737,LINE_DEL,01-06-2018,8,8,15,7,0,492,60
P006,fast_moving,28,B737,LINE_DEL,01-07-2018,6,6,7,1,0,506,45
P006,fast_moving,28,B737,LINE_DEL,01-08-2018,8,8,8,0,0,497,15
P006,fast_moving,28,B737,LINE_DEL,01-09-2018,11,7,7,0,1,427,60
P006,fast_moving,28,B737,LINE_DEL,01-10-2018,6,0,0,0,1,428,30
P006,fast_moving,28,B737,LINE_DEL,01-11-2018,10,7,7,0,1,438,15
P006,fast_moving,28,B737,LINE_DEL,01-12-2018,6,6,7,1,0,506,15
P006,fast_moving,28,B737,LINE_DEL,01-01-2019,2,2,13,11,0,435,15
P006,fast_moving,28,B737,LINE_DEL,01-02-2019,10,10,11,1,0,436,60
P006,fast_moving,28,B737,LINE_DEL,01-03-2019,2,1,1,0,1,436,60
P006,fast_moving,28,B737,LINE_DEL,01-04-2019,8,7,7,0,1,433,60
P006,fast_moving,28,B737,LINE_DEL,01-05-2019,8,0,0,0,1,432,60
P006,fast_moving,28,B737,LINE_DEL,01-06-2019,8,8,10,2,0,498,30
P006,fast_moving,28,B737,LINE_DEL,01-07-2019,7,7,13,6,0,499,15
P006,fast_moving,28,B737,LINE_DEL,01-08-2019,10,10,16,6,0,492,60
P006,fast_moving,28,B737,LINE_DEL,01-09-2019,7,6,6,0,1,434,30
P006,fast_moving,28,B737,LINE_DEL,01-10-2019,6,6,11,5,0,437,45
P006,fast_moving,28,B737,LINE_DEL,01-11-2019,6,5,5,0,1,430,60
P006,fast_moving,28,B737,LINE_DEL,01-12-2019,6,6,12,6,0,494,45
P006,fast_moving,28,B737,LINE_DEL,01-01-2020,8,6,6,0,1,431,60
P006,fast_moving,28,B737,LINE_DEL,01-02-2020,9,9,11,2,0,427,45
P006,fast_moving,28,B737,LINE_DEL,01-03-2020,9,2,2,0,1,424,60
P006,fast_moving,28,B737,LINE_DEL,01-04-2020,10,7,7,0,1,434,15
P006,fast_moving,28,B737,LINE_DEL,01-05-2020,5,5,10,5,0,427,30
P006,fast_moving,28,B737,LINE_DEL,01-06-2020,13,13,13,0,0,494,30
P006,fast_moving,28,B737,LINE_DEL,01-07-2020,8,7,7,0,1,491,30
P006,fast_moving,28,B737,LINE_DEL,01-08-2020,12,9,9,0,1,500,30
P006,fast_moving,28,B737,LINE_DEL,01-09-2020,5,5,7,2,0,433,45
P006,fast_moving,28,B737,LINE_DEL,01-10-2020,7,2,2,0,1,428,60
P006,fast_moving,28,B737,LINE_DEL,01-11-2020,7,7,8,1,0,424,15
P006,fast_moving,28,B737,LINE_DEL,01-12-2020,15,8,8,0,1,492,30
P006,fast_moving,28,B737,LINE_DEL,01-01-2021,8,8,9,1,0,431,60
P006,fast_moving,28,B737,LINE_DEL,01-02-2021,4,1,1,0,1,429,30
P006,fast_moving,28,B737,LINE_DEL,01-03-2021,3,3,10,7,0,429,60
P006,fast_moving,28,B737,LINE_DEL,01-04-2021,2,2,7,5,0,429,60
P006,fast_moving,28,B737,LINE_DEL,01-05-2021,13,13,13,0,0,431,30
P006,fast_moving,28,B737,LINE_DEL,01-06-2021,5,5,8,3,0,492,30
P006,fast_moving,28,B737,LINE_DEL,01-07-2021,7,7,10,3,0,495,45
P006,fast_moving,28,B737,LINE_DEL,01-08-2021,7,3,3,0,1,487,45
P006,fast_moving,28,B737,LINE_DEL,01-09-2021,11,10,10,0,1,439,45
P006,fast_moving,28,B737,LINE_DEL,01-10-2021,8,0,0,0,1,427,60
P006,fast_moving,28,B737,LINE_DEL,01-11-2021,5,5,7,2,0,429,45
P006,fast_moving,28,B737,LINE_DEL,01-12-2021,6,2,2,0,1,495,15
P006,fast_moving,28,B737,LINE_DEL,01-01-2022,10,10,11,1,0,425,60
P006,fast_moving,28,B737,LINE_DEL,01-02-2022,8,1,1,0,1,427,30
P006,fast_moving,28,B737,LINE_DEL,01-03-2022,5,5,11,6,0,427,60
P006,fast_moving,28,B737,LINE_DEL,01-04-2022,6,6,6,0,0,423,60
P006,fast_moving,28,B737,LINE_DEL,01-05-2022,9,9,10,1,0,429,60
P006,fast_moving,28,B737,LINE_DEL,01-06-2022,7,1,1,0,1,483,60
P006,fast_moving,28,B737,LINE_DEL,01-07-2022,7,7,8,1,0,499,45
P006,fast_moving,28,B737,LINE_DEL,01-08-2022,7,1,1,0,1,495,60
P006,fast_moving,28,B737,LINE_DEL,01-09-2022,9,8,8,0,1,430,30
P006,fast_moving,28,B737,LINE_DEL,01-10-2022,1,1,12,11,0,419,15
P006,fast_moving,28,B737,LINE_DEL,01-11-2022,10,10,11,1,0,423,30
P006,fast_moving,28,B737,LINE_DEL,01-12-2022,12,10,10,0,1,498,30
P006,fast_moving,28,B737,LINE_DEL,01-01-2023,9,9,10,1,0,443,15
P006,fast_moving,28,B737,LINE_DEL,01-02-2023,7,7,12,5,0,431,15
P006,fast_moving,28,B737,LINE_DEL,01-03-2023,4,4,13,9,0,430,45
P006,fast_moving,28,B737,LINE_DEL,01-04-2023,3,3,9,6,0,428,30
P006,fast_moving,28,B737,LINE_DEL,01-05-2023,5,5,15,10,0,422,45
P006,fast_moving,28,B737,LINE_DEL,01-06-2023,13,10,10,0,1,494,15
P006,fast_moving,28,B737,LINE_DEL,01-07-2023,0,0,12,12,0,484,60
P006,fast_moving,28,B737,LINE_DEL,01-08-2023,11,11,12,1,0,483,60
P006,fast_moving,28,B737,LINE_DEL,01-09-2023,11,1,1,0,1,420,30
P006,fast_moving,28,B737,LINE_DEL,01-10-2023,5,5,9,4,0,430,60
P006,fast_moving,28,B737,LINE_DEL,01-11-2023,5,4,4,0,1,425,60
P006,fast_moving,28,B737,LINE_DEL,01-12-2023,9,9,11,2,0,490,15
P006,fast_moving,28,B737,MRO_BLR,01-01-2018,4,4,27,23,0,432,45
P006,fast_moving,28,B737,MRO_BLR,01-02-2018,5,5,23,18,0,434,30
P006,fast_moving,28,B737,MRO_BLR,01-03-2018,5,5,18,13,0,430,30
P006,fast_moving,28,B737,MRO_BLR,01-04-2018,7,7,13,6,0,438,60
P006,fast_moving,28,B737,MRO_BLR,01-05-2018,13,6,6,0,1,435,15
P006,fast_moving,28,B737,MRO_BLR,01-06-2018,7,7,9,2,0,492,30
P006,fast_moving,28,B737,MRO_BLR,01-07-2018,8,8,10,2,0,506,30
P006,fast_moving,28,B737,MRO_BLR,01-08-2018,7,7,11,4,0,497,45
P006,fast_moving,28,B737,MRO_BLR,01-09-2018,4,4,4,0,0,427,45
P006,fast_moving,28,B737,MRO_BLR,01-10-2018,6,6,8,2,0,428,30
P006,fast_moving,28,B737,MRO_BLR,01-11-2018,7,7,14,7,0,438,60
P006,fast_moving,28,B737,MRO_BLR,01-12-2018,10,7,7,0,1,506,15
P006,fast_moving,28,B737,MRO_BLR,01-01-2019,6,6,8,2,0,435,45
P006,fast_moving,28,B737,MRO_BLR,01-02-2019,9,2,2,0,1,436,60
P006,fast_moving,28,B737,MRO_BLR,01-03-2019,8,8,9,1,0,436,30
P006,fast_moving,28,B737,MRO_BLR,01-04-2019,9,9,9,0,0,433,30
P006,fast_moving,28,B737,MRO_BLR,01-05-2019,4,4,12,8,0,432,15
P006,fast_moving,28,B737,MRO_BLR,01-06-2019,9,9,20,11,0,498,15
P006,fast_moving,28,B737,MRO_BLR,01-07-2019,9,9,11,2,0,499,60
P006,fast_moving,28,B737,MRO_BLR,01-08-2019,12,2,2,0,1,492,45
P006,fast_moving,28,B737,MRO_BLR,01-09-2019,11,10,10,0,1,434,15
P006,fast_moving,28,B737,MRO_BLR,01-10-2019,7,7,11,4,0,437,45
P006,fast_moving,28,B737,MRO_BLR,01-11-2019,5,4,4,0,1,430,30
P006,fast_moving,28,B737,MRO_BLR,01-12-2019,7,7,9,2,0,494,45
P006,fast_moving,28,B737,MRO_BLR,01-01-2020,10,2,2,0,1,431,60
P006,fast_moving,28,B737,MRO_BLR,01-02-2020,4,4,9,5,0,427,15
P006,fast_moving,28,B737,MRO_BLR,01-03-2020,6,6,13,7,0,424,60
P006,fast_moving,28,B737,MRO_BLR,01-04-2020,7,7,7,0,0,434,30
P006,fast_moving,28,B737,MRO_BLR,01-05-2020,10,10,11,1,0,427,45
P006,fast_moving,28,B737,MRO_BLR,01-06-2020,12,1,1,0,1,494,15
P006,fast_moving,28,B737,MRO_BLR,01-07-2020,5,5,7,2,0,491,60
P006,fast_moving,28,B737,MRO_BLR,01-08-2020,4,2,2,0,1,500,15
P006,fast_moving,28,B737,MRO_BLR,01-09-2020,5,5,10,5,0,433,60
P006,fast_moving,28,B737,MRO_BLR,01-10-2020,5,5,5,0,0,428,45
P006,fast_moving,28,B737,MRO_BLR,01-11-2020,8,8,9,1,0,424,60
P006,fast_moving,28,B737,MRO_BLR,01-12-2020,10,1,1,0,1,492,15
P006,fast_moving,28,B737,MRO_BLR,01-01-2021,16,12,12,0,1,431,30
P006,fast_moving,28,B737,MRO_BLR,01-02-2021,9,8,8,0,1,429,60
P006,fast_moving,28,B737,MRO_BLR,01-03-2021,9,0,0,0,1,429,45
P006,fast_moving,28,B737,MRO_BLR,01-04-2021,12,11,11,0,1,429,15
P006,fast_moving,28,B737,MRO_BLR,01-05-2021,0,0,11,11,0,431,45
P006,fast_moving,28,B737,MRO_BLR,01-06-2021,9,9,11,2,0,492,30
P006,fast_moving,28,B737,MRO_BLR,01-07-2021,6,6,11,5,0,495,30
P006,fast_moving,28,B737,MRO_BLR,01-08-2021,3,3,13,10,0,487,60
P006,fast_moving,28,B737,MRO_BLR,01-09-2021,13,10,10,0,1,439,60
P006,fast_moving,28,B737,MRO_BLR,01-10-2021,5,0,0,0,1,427,60
P006,fast_moving,28,B737,MRO_BLR,01-11-2021,9,7,7,0,1,429,30
P006,fast_moving,28,B737,MRO_BLR,01-12-2021,10,10,11,1,0,495,60
P006,fast_moving,28,B737,MRO_BLR,01-01-2022,10,1,1,0,1,425,45
P006,fast_moving,28,B737,MRO_BLR,01-02-2022,10,10,10,0,0,427,45
P006,fast_moving,28,B737,MRO_BLR,01-03-2022,11,0,0,0,1,427,30
P006,fast_moving,28,B737,MRO_BLR,01-04-2022,9,9,12,3,0,423,45
P006,fast_moving,28,B737,MRO_BLR,01-05-2022,8,3,3,0,1,429,60
P006,fast_moving,28,B737,MRO_BLR,01-06-2022,0,0,12,12,0,483,15
P006,fast_moving,28,B737,MRO_BLR,01-07-2022,9,9,12,3,0,499,30
P006,fast_moving,28,B737,MRO_BLR,01-08-2022,14,13,13,0,1,495,45
P006,fast_moving,28,B737,MRO_BLR,01-09-2022,7,0,0,0,1,430,60
P006,fast_moving,28,B737,MRO_BLR,01-10-2022,12,10,10,0,1,419,45
P006,fast_moving,28,B737,MRO_BLR,01-11-2022,9,0,0,0,1,423,60
P006,fast_moving,28,B737,MRO_BLR,01-12-2022,12,11,11,0,1,498,15
P006,fast_moving,28,B737,MRO_BLR,01-01-2023,3,3,10,7,0,443,30
P006,fast_moving,28,B737,MRO_BLR,01-02-2023,7,7,19,12,0,431,45
P006,fast_moving,28,B737,MRO_BLR,01-03-2023,13,12,12,0,1,430,45
P006,fast_moving,28,B737,MRO_BLR,01-04-2023,9,0,0,0,1,428,15
P006,fast_moving,28,B737,MRO_BLR,01-05-2023,11,11,11,0,0,422,45
P006,fast_moving,28,B737,MRO_BLR,01-06-2023,14,0,0,0,1,494,60
P006,fast_moving,28,B737,MRO_BLR,01-07-2023,4,4,11,7,0,484,15
P006,fast_moving,28,B737,MRO_BLR,01-08-2023,14,14,19,5,0,483,15
P006,fast_moving,28,B737,MRO_BLR,01-09-2023,7,7,13,6,0,420,60
P006,fast_moving,28,B737,MRO_BLR,01-10-2023,7,6,6,0,1,430,45
P006,fast_moving,28,B737,MRO_BLR,01-11-2023,10,10,10,0,0,425,45
P006,fast_moving,28,B737,MRO_BLR,01-12-2023,8,0,0,0,1,490,15
P007,fast_moving,27,B737,BASE_HYD,01-01-2018,0,0,17,17,0,546,60
P007,fast_moving,27,B737,BASE_HYD,01-02-2018,3,3,17,14,0,553,45
P007,fast_moving,27,B737,BASE_HYD,01-03-2018,11,11,14,3,0,552,45
P007,fast_moving,27,B737,BASE_HYD,01-04-2018,10,3,3,0,1,564,30
P007,fast_moving,27,B737,BASE_HYD,01-05-2018,6,6,7,1,0,556,15
P007,fast_moving,27,B737,BASE_HYD,01-06-2018,10,9,9,0,1,625,60
P007,fast_moving,27,B737,BASE_HYD,01-07-2018,6,0,0,0,1,630,15
P007,fast_moving,27,B737,BASE_HYD,01-08-2018,13,11,11,0,1,632,30
P007,fast_moving,27,B737,BASE_HYD,01-09-2018,5,5,12,7,0,560,15
P007,fast_moving,27,B737,BASE_HYD,01-10-2018,8,8,18,10,0,559,30
P007,fast_moving,27,B737,BASE_HYD,01-11-2018,5,5,10,5,0,553,30
P007,fast_moving,27,B737,BASE_HYD,01-12-2018,8,8,17,9,0,635,45
P007,fast_moving,27,B737,BASE_HYD,01-01-2019,12,9,9,0,1,557,30
P007,fast_moving,27,B737,BASE_HYD,01-02-2019,8,7,7,0,1,547,15
P007,fast_moving,27,B737,BASE_HYD,01-03-2019,7,7,9,2,0,556,15
P007,fast_moving,27,B737,BASE_HYD,01-04-2019,5,5,14,9,0,555,15
P007,fast_moving,27,B737,BASE_HYD,01-05-2019,9,9,9,0,0,552,45
P007,fast_moving,27,B737,BASE_HYD,01-06-2019,11,0,0,0,1,639,30
P007,fast_moving,27,B737,BASE_HYD,01-07-2019,8,8,12,4,0,637,45
P007,fast_moving,27,B737,BASE_HYD,01-08-2019,7,4,4,0,1,640,45
P007,fast_moving,27,B737,BASE_HYD,01-09-2019,10,7,7,0,1,546,60
P007,fast_moving,27,B737,BASE_HYD,01-10-2019,9,0,0,0,1,557,15
P007,fast_moving,27,B737,BASE_HYD,01-11-2019,4,4,11,7,0,559,30
P007,fast_moving,27,B737,BASE_HYD,01-12-2019,11,11,18,7,0,638,60
P007,fast_moving,27,B737,BASE_HYD,01-01-2020,10,7,7,0,1,555,60
P007,fast_moving,27,B737,BASE_HYD,01-02-2020,10,9,9,0,1,551,15
P007,fast_moving,27,B737,BASE_HYD,01-03-2020,7,7,11,4,0,557,30
P007,fast_moving,27,B737,BASE_HYD,01-04-2020,9,9,15,6,0,552,45
P007,fast_moving,27,B737,BASE_HYD,01-05-2020,13,6,6,0,1,545,60
P007,fast_moving,27,B737,BASE_HYD,01-06-2020,3,3,9,6,0,640,60
P007,fast_moving,27,B737,BASE_HYD,01-07-2020,7,6,6,0,1,624,15
P007,fast_moving,27,B737,BASE_HYD,01-08-2020,13,11,11,0,1,636,30
P007,fast_moving,27,B737,BASE_HYD,01-09-2020,4,4,11,7,0,550,60
P007,fast_moving,27,B737,BASE_HYD,01-10-2020,13,7,7,0,1,549,45
P007,fast_moving,27,B737,BASE_HYD,01-11-2020,13,9,9,0,1,553,45
P007,fast_moving,27,B737,BASE_HYD,01-12-2020,0,0,0,0,0,630,60
P007,fast_moving,27,B737,BASE_HYD,01-01-2021,6,6,8,2,0,553,30
P007,fast_moving,27,B737,BASE_HYD,01-02-2021,11,11,12,1,0,550,30
P007,fast_moving,27,B737,BASE_HYD,01-03-2021,11,8,8,0,1,547,30
P007,fast_moving,27,B737,BASE_HYD,01-04-2021,8,8,11,3,0,557,30
P007,fast_moving,27,B737,BASE_HYD,01-05-2021,8,8,15,7,0,551,60
P007,fast_moving,27,B737,BASE_HYD,01-06-2021,5,5,7,2,0,636,60
P007,fast_moving,27,B737,BASE_HYD,01-07-2021,13,12,12,0,1,641,60
P007,fast_moving,27,B737,BASE_HYD,01-08-2021,13,0,0,0,1,641,60
P007,fast_moving,27,B737,BASE_HYD,01-09-2021,2,2,11,9,0,553,45
P007,fast_moving,27,B737,BASE_HYD,01-10-2021,8,8,9,1,0,548,60
P007,fast_moving,27,B737,BASE_HYD,01-11-2021,7,1,1,0,1,542,30
P007,fast_moving,27,B737,BASE_HYD,01-12-2021,9,7,7,0,1,634,60
P007,fast_moving,27,B737,BASE_HYD,01-01-2022,13,0,0,0,1,554,15
P007,fast_moving,27,B737,BASE_HYD,01-02-2022,8,8,9,1,0,550,60
P007,fast_moving,27,B737,BASE_HYD,01-03-2022,6,1,1,0,1,529,60
P007,fast_moving,27,B737,BASE_HYD,01-04-2022,7,7,10,3,0,553,15
P007,fast_moving,27,B737,BASE_HYD,01-05-2022,5,5,10,5,0,553,45
P007,fast_moving,27,B737,BASE_HYD,01-06-2022,14,5,5,0,1,629,45
P007,fast_moving,27,B737,BASE_HYD,01-07-2022,5,5,8,3,0,637,30
P007,fast_moving,27,B737,BASE_HYD,01-08-2022,4,4,11,7,0,635,60
P007,fast_moving,27,B737,BASE_HYD,01-09-2022,9,7,7,0,1,545,60
P007,fast_moving,27,B737,BASE_HYD,01-10-2022,10,7,7,0,1,555,15
P007,fast_moving,27,B737,BASE_HYD,01-11-2022,4,4,10,6,0,541,60
P007,fast_moving,27,B737,BASE_HYD,01-12-2022,4,4,6,2,0,630,60
P007,fast_moving,27,B737,BASE_HYD,01-01-2023,10,9,9,0,1,546,30
P007,fast_moving,27,B737,BASE_HYD,01-02-2023,4,4,11,7,0,542,60
P007,fast_moving,27,B737,BASE_HYD,01-03-2023,0,0,7,7,0,548,30
P007,fast_moving,27,B737,BASE_HYD,01-04-2023,11,11,15,4,0,554,60
P007,fast_moving,27,B737,BASE_HYD,01-05-2023,9,4,4,0,1,553,15
P007,fast_moving,27,B737,BASE_HYD,01-06-2023,5,5,7,2,0,633,30
P007,fast_moving,27,B737,BASE_HYD,01-07-2023,7,7,12,5,0,618,60
P007,fast_moving,27,B737,BASE_HYD,01-08-2023,6,5,5,0,1,620,30
P007,fast_moving,27,B737,BASE_HYD,01-09-2023,7,7,10,3,0,548,60
P007,fast_moving,27,B737,BASE_HYD,01-10-2023,7,3,3,0,1,546,60
P007,fast_moving,27,B737,BASE_HYD,01-11-2023,4,4,8,4,0,544,30
P007,fast_moving,27,B737,BASE_HYD,01-12-2023,8,8,12,4,0,641,60
P007,fast_moving,27,B737,LINE_DEL,01-01-2018,8,8,21,13,0,546,30
P007,fast_moving,27,B737,LINE_DEL,01-02-2018,13,13,13,0,0,553,45
P007,fast_moving,27,B737,LINE_DEL,01-03-2018,2,0,0,0,1,552,45
P007,fast_moving,27,B737,LINE_DEL,01-04-2018,8,8,12,4,0,564,30
P007,fast_moving,27,B737,LINE_DEL,01-05-2018,14,14,14,0,0,556,15
P007,fast_moving,27,B737,LINE_DEL,01-06-2018,7,7,9,2,0,625,45
P007,fast_moving,27,B737,LINE_DEL,01-07-2018,10,2,2,0,1,630,15
P007,fast_moving,27,B737,LINE_DEL,01-08-2018,10,7,7,0,1,632,60
P007,fast_moving,27,B737,LINE_DEL,01-09-2018,6,0,0,0,1,560,15
P007,fast_moving,27,B737,LINE_DEL,01-10-2018,8,8,8,0,0,559,45
P007,fast_moving,27,B737,LINE_DEL,01-11-2018,6,0,0,0,1,553,60
P007,fast_moving,27,B737,LINE_DEL,01-12-2018,7,7,8,1,0,635,60
P007,fast_moving,27,B737,LINE_DEL,01-01-2019,7,1,1,0,1,557,30
P007,fast_moving,27,B737,LINE_DEL,01-02-2019,6,6,11,5,0,547,60
P007,fast_moving,27,B737,LINE_DEL,01-03-2019,7,5,5,0,1,556,15
P007,fast_moving,27,B737,LINE_DEL,01-04-2019,6,6,8,2,0,555,60
P007,fast_moving,27,B737,LINE_DEL,01-05-2019,7,2,2,0,1,552,15
P007,fast_moving,27,B737,LINE_DEL,01-06-2019,9,9,11,2,0,639,60
P007,fast_moving,27,B737,LINE_DEL,01-07-2019,6,2,2,0,1,637,45
P007,fast_moving,27,B737,LINE_DEL,01-08-2019,7,7,7,0,0,640,30
P007,fast_moving,27,B737,LINE_DEL,01-09-2019,10,7,7,0,1,546,60
P007,fast_moving,27,B737,LINE_DEL,01-10-2019,2,0,0,0,1,557,60
P007,fast_moving,27,B737,LINE_DEL,01-11-2019,8,8,11,3,0,559,45
P007,fast_moving,27,B737,LINE_DEL,01-12-2019,11,3,3,0,1,638,60
P007,fast_moving,27,B737,LINE_DEL,01-01-2020,10,10,11,1,0,555,60
P007,fast_moving,27,B737,LINE_DEL,01-02-2020,4,1,1,0,1,551,15
P007,fast_moving,27,B737,LINE_DEL,01-03-2020,4,4,10,6,0,557,30
P007,fast_moving,27,B737,LINE_DEL,01-04-2020,2,2,16,14,0,552,15
P007,fast_moving,27,B737,LINE_DEL,01-05-2020,10,10,14,4,0,545,15
P007,fast_moving,27,B737,LINE_DEL,01-06-2020,8,8,13,5,0,640,60
P007,fast_moving,27,B737,LINE_DEL,01-07-2020,5,5,5,0,0,624,60
P007,fast_moving,27,B737,LINE_DEL,01-08-2020,9,8,8,0,1,636,60
P007,fast_moving,27,B737,LINE_DEL,01-09-2020,8,0,0,0,1,550,15
P007,fast_moving,27,B737,LINE_DEL,01-10-2020,6,6,8,2,0,549,60
P007,fast_moving,27,B737,LINE_DEL,01-11-2020,4,2,2,0,1,553,45
P007,fast_moving,27,B737,LINE_DEL,01-12-2020,7,7,11,4,0,630,60
P007,fast_moving,27,B737,LINE_DEL,01-01-2021,10,4,4,0,1,553,30
P007,fast_moving,27,B737,LINE_DEL,01-02-2021,3,3,7,4,0,550,45
P007,fast_moving,27,B737,LINE_DEL,01-03-2021,10,4,4,0,1,547,60
P007,fast_moving,27,B737,LINE_DEL,01-04-2021,7,7,7,0,0,557,45
P007,fast_moving,27,B737,LINE_DEL,01-05-2021,7,0,0,0,1,551,15
P007,fast_moving,27,B737,LINE_DEL,01-06-2021,11,8,8,0,1,636,15
P007,fast_moving,27,B737,LINE_DEL,01-07-2021,10,10,10,0,0,641,60
P007,fast_moving,27,B737,LINE_DEL,01-08-2021,6,0,0,0,1,641,30
P007,fast_moving,27,B737,LINE_DEL,01-09-2021,0,0,7,7,0,553,45
P007,fast_moving,27,B737,LINE_DEL,01-10-2021,10,7,7,0,1,548,45
P007,fast_moving,27,B737,LINE_DEL,01-11-2021,12,9,9,0,1,542,45
P007,fast_moving,27,B737,LINE_DEL,01-12-2021,12,0,0,0,1,634,45
P007,fast_moving,27,B737,LINE_DEL,01-01-2022,3,3,12,9,0,554,45
P007,fast_moving,27,B737,LINE_DEL,01-02-2022,8,8,9,1,0,550,30
P007,fast_moving,27,B737,LINE_DEL,01-03-2022,4,4,8,4,0,529,15
P007,fast_moving,27,B737,LINE_DEL,01-04-2022,7,7,11,4,0,553,60
P007,fast_moving,27,B737,LINE_DEL,01-05-2022,9,4,4,0,1,553,30
P007,fast_moving,27,B737,LINE_DEL,01-06-2022,8,7,7,0,1,629,45
P007,fast_moving,27,B737,LINE_DEL,01-07-2022,8,0,0,0,1,637,15
P007,fast_moving,27,B737,LINE_DEL,01-08-2022,11,11,11,0,0,635,60
P007,fast_moving,27,B737,LINE_DEL,01-09-2022,10,0,0,0,1,545,15
P007,fast_moving,27,B737,LINE_DEL,01-10-2022,9,9,9,0,0,555,15
P007,fast_moving,27,B737,LINE_DEL,01-11-2022,7,7,12,5,0,541,60
P007,fast_moving,27,B737,LINE_DEL,01-12-2022,9,5,5,0,1,630,30
P007,fast_moving,27,B737,LINE_DEL,01-01-2023,6,6,11,5,0,546,60
P007,fast_moving,27,B737,LINE_DEL,01-02-2023,3,3,5,2,0,542,15
P007,fast_moving,27,B737,LINE_DEL,01-03-2023,2,2,10,8,0,548,60
P007,fast_moving,27,B737,LINE_DEL,01-04-2023,5,5,8,3,0,554,45
P007,fast_moving,27,B737,LINE_DEL,01-05-2023,7,7,11,4,0,553,45
P007,fast_moving,27,B737,LINE_DEL,01-06-2023,9,4,4,0,1,633,60
P007,fast_moving,27,B737,LINE_DEL,01-07-2023,12,7,7,0,1,618,15
P007,fast_moving,27,B737,LINE_DEL,01-08-2023,3,3,12,9,0,620,30
P007,fast_moving,27,B737,LINE_DEL,01-09-2023,9,9,9,0,0,548,30
P007,fast_moving,27,B737,LINE_DEL,01-10-2023,13,8,8,0,1,546,45
P007,fast_moving,27,B737,LINE_DEL,01-11-2023,5,0,0,0,1,544,15
P007,fast_moving,27,B737,LINE_DEL,01-12-2023,0,0,7,7,0,641,45
P007,fast_moving,27,B737,MRO_BLR,01-01-2018,9,9,21,12,0,546,60
P007,fast_moving,27,B737,MRO_BLR,01-02-2018,8,8,12,4,0,553,45
P007,fast_moving,27,B737,MRO_BLR,01-03-2018,6,4,4,0,1,552,30
P007,fast_moving,27,B737,MRO_BLR,01-04-2018,4,4,12,8,0,564,15
P007,fast_moving,27,B737,MRO_BLR,01-05-2018,3,3,15,12,0,556,45
P007,fast_moving,27,B737,MRO_BLR,01-06-2018,6,6,12,6,0,625,15
P007,fast_moving,27,B737,MRO_BLR,01-07-2018,7,7,15,8,0,630,30
P007,fast_moving,27,B737,MRO_BLR,01-08-2018,6,6,20,14,0,632,60
P007,fast_moving,27,B737,MRO_BLR,01-09-2018,8,8,14,6,0,560,30
P007,fast_moving,27,B737,MRO_BLR,01-10-2018,8,8,16,8,0,559,30
P007,fast_moving,27,B737,MRO_BLR,01-11-2018,10,10,19,9,0,553,30
P007,fast_moving,27,B737,MRO_BLR,01-12-2018,10,9,9,0,1,635,45
P007,fast_moving,27,B737,MRO_BLR,01-01-2019,12,0,0,0,1,557,15
P007,fast_moving,27,B737,MRO_BLR,01-02-2019,9,9,12,3,0,547,15
P007,fast_moving,27,B737,MRO_BLR,01-03-2019,11,11,12,1,0,556,60
P007,fast_moving,27,B737,MRO_BLR,01-04-2019,8,1,1,0,1,555,15
P007,fast_moving,27,B737,MRO_BLR,01-05-2019,6,6,10,4,0,552,30
P007,fast_moving,27,B737,MRO_BLR,01-06-2019,5,5,14,9,0,639,60
P007,fast_moving,27,B737,MRO_BLR,01-07-2019,9,9,9,0,0,637,30
P007,fast_moving,27,B737,MRO_BLR,01-08-2019,4,4,7,3,0,640,15
P007,fast_moving,27,B737,MRO_BLR,01-09-2019,8,8,10,2,0,546,15
P007,fast_moving,27,B737,MRO_BLR,01-10-2019,3,3,11,8,0,557,30
P007,fast_moving,27,B737,MRO_BLR,01-11-2019,6,6,16,10,0,559,60
P007,fast_moving,27,B737,MRO_BLR,01-12-2019,0,0,10,10,0,638,30
P007,fast_moving,27,B737,MRO_BLR,01-01-2020,9,9,10,1,0,555,45
P007,fast_moving,27,B737,MRO_BLR,01-02-2020,9,1,1,0,1,551,15
P007,fast_moving,27,B737,MRO_BLR,01-03-2020,10,10,10,0,0,557,60
P007,fast_moving,27,B737,MRO_BLR,01-04-2020,6,0,0,0,1,552,60
P007,fast_moving,27,B737,MRO_BLR,01-05-2020,9,9,9,0,0,545,15
P007,fast_moving,27,B737,MRO_BLR,01-06-2020,6,6,12,6,0,640,45
P007,fast_moving,27,B737,MRO_BLR,01-07-2020,7,6,6,0,1,624,60
P007,fast_moving,27,B737,MRO_BLR,01-08-2020,16,8,8,0,1,636,45
P007,fast_moving,27,B737,MRO_BLR,01-09-2020,6,0,0,0,1,550,15
P007,fast_moving,27,B737,MRO_BLR,01-10-2020,17,12,12,0,1,549,60
P007,fast_moving,27,B737,MRO_BLR,01-11-2020,6,0,0,0,1,553,30
P007,fast_moving,27,B737,MRO_BLR,01-12-2020,7,7,11,4,0,630,30
P007,fast_moving,27,B737,MRO_BLR,01-01-2021,7,7,12,5,0,553,30
P007,fast_moving,27,B737,MRO_BLR,01-02-2021,4,4,17,13,0,550,60
P007,fast_moving,27,B737,MRO_BLR,01-03-2021,7,7,13,6,0,547,15
P007,fast_moving,27,B737,MRO_BLR,01-04-2021,10,10,13,3,0,557,15
P007,fast_moving,27,B737,MRO_BLR,01-05-2021,7,7,13,6,0,551,30
P007,fast_moving,27,B737,MRO_BLR,01-06-2021,8,8,17,9,0,636,60
P007,fast_moving,27,B737,MRO_BLR,01-07-2021,10,9,9,0,1,641,15
P007,fast_moving,27,B737,MRO_BLR,01-08-2021,5,5,11,6,0,641,60
P007,fast_moving,27,B737,MRO_BLR,01-09-2021,9,6,6,0,1,553,45
P007,fast_moving,27,B737,MRO_BLR,01-10-2021,7,7,12,5,0,548,30
P007,fast_moving,27,B737,MRO_BLR,01-11-2021,10,10,17,7,0,542,30
P007,fast_moving,27,B737,MRO_BLR,01-12-2021,10,10,18,8,0,634,30
P007,fast_moving,27,B737,MRO_BLR,01-01-2022,9,9,20,11,0,554,60
P007,fast_moving,27,B737,MRO_BLR,01-02-2022,0,0,11,11,0,550,45
P007,fast_moving,27,B737,MRO_BLR,01-03-2022,2,2,11,9,0,529,15
P007,fast_moving,27,B737,MRO_BLR,01-04-2022,13,9,9,0,1,553,15
P007,fast_moving,27,B737,MRO_BLR,01-05-2022,7,7,12,5,0,553,60
P007,fast_moving,27,B737,MRO_BLR,01-06-2022,8,5,5,0,1,629,60
P007,fast_moving,27,B737,MRO_BLR,01-07-2022,6,6,10,4,0,637,60
P007,fast_moving,27,B737,MRO_BLR,01-08-2022,8,4,4,0,1,635,60
P007,fast_moving,27,B737,MRO_BLR,01-09-2022,8,8,9,1,0,545,60
P007,fast_moving,27,B737,MRO_BLR,01-10-2022,10,1,1,0,1,555,15
P007,fast_moving,27,B737,MRO_BLR,01-11-2022,7,7,9,2,0,541,45
P007,fast_moving,27,B737,MRO_BLR,01-12-2022,14,2,2,0,1,630,30
P007,fast_moving,27,B737,MRO_BLR,01-01-2023,8,8,9,1,0,546,45
P007,fast_moving,27,B737,MRO_BLR,01-02-2023,5,1,1,0,1,542,15
P007,fast_moving,27,B737,MRO_BLR,01-03-2023,9,9,11,2,0,548,60
P007,fast_moving,27,B737,MRO_BLR,01-04-2023,3,2,2,0,1,554,45
P007,fast_moving,27,B737,MRO_BLR,01-05-2023,8,8,8,0,0,553,60
P007,fast_moving,27,B737,MRO_BLR,01-06-2023,8,0,0,0,1,633,15
P007,fast_moving,27,B737,MRO_BLR,01-07-2023,11,8,8,0,1,618,60
P007,fast_moving,27,B737,MRO_BLR,01-08-2023,9,0,0,0,1,620,60
P007,fast_moving,27,B737,MRO_BLR,01-09-2023,10,9,9,0,1,548,30
P007,fast_moving,27,B737,MRO_BLR,01-10-2023,8,8,10,2,0,546,45
P007,fast_moving,27,B737,MRO_BLR,01-11-2023,12,2,2,0,1,544,45
P007,fast_moving,27,B737,MRO_BLR,01-12-2023,4,4,12,8,0,641,45
P008,fast_moving,24,A321,BASE_HYD,01-01-2018,7,7,20,13,0,682,15
P008,fast_moving,24,A321,BASE_HYD,01-02-2018,4,4,13,9,0,693,15
P008,fast_moving,24,A321,BASE_HYD,01-03-2018,4,4,9,5,0,705,15
P008,fast_moving,24,A321,BASE_HYD,01-04-2018,10,10,14,4,0,693,30
P008,fast_moving,24,A321,BASE_HYD,01-05-2018,6,6,13,7,0,701,60
P008,fast_moving,24,A321,BASE_HYD,01-06-2018,5,5,7,2,0,801,45
P008,fast_moving,24,A321,BASE_HYD,01-07-2018,10,10,12,2,0,809,15
P008,fast_moving,24,A321,BASE_HYD,01-08-2018,4,4,11,7,0,802,45
P008,fast_moving,24,A321,BASE_HYD,01-09-2018,5,5,7,2,0,690,60
P008,fast_moving,24,A321,BASE_HYD,01-10-2018,11,11,12,1,0,696,30
P008,fast_moving,24,A321,BASE_HYD,01-11-2018,8,8,10,2,0,707,60
P008,fast_moving,24,A321,BASE_HYD,01-12-2018,10,2,2,0,1,804,45
P008,fast_moving,24,A321,BASE_HYD,01-01-2019,13,9,9,0,1,693,15
P008,fast_moving,24,A321,BASE_HYD,01-02-2019,8,7,7,0,1,710,15
P008,fast_moving,24,A321,BASE_HYD,01-03-2019,6,6,9,3,0,702,60
P008,fast_moving,24,A321,BASE_HYD,01-04-2019,7,3,3,0,1,700,60
P008,fast_moving,24,A321,BASE_HYD,01-05-2019,7,7,7,0,0,696,60
P008,fast_moving,24,A321,BASE_HYD,01-06-2019,15,0,0,0,1,804,15
P008,fast_moving,24,A321,BASE_HYD,01-07-2019,9,7,7,0,1,804,60
P008,fast_moving,24,A321,BASE_HYD,01-08-2019,10,0,0,0,1,781,15
P008,fast_moving,24,A321,BASE_HYD,01-09-2019,9,9,10,1,0,697,60
P008,fast_moving,24,A321,BASE_HYD,01-10-2019,6,1,1,0,1,693,45
P008,fast_moving,24,A321,BASE_HYD,01-11-2019,6,6,10,4,0,690,45
P008,fast_moving,24,A321,BASE_HYD,01-12-2019,12,4,4,0,1,796,30
P008,fast_moving,24,A321,BASE_HYD,01-01-2020,11,8,8,0,1,681,15
P008,fast_moving,24,A321,BASE_HYD,01-02-2020,6,6,10,4,0,679,60
P008,fast_moving,24,A321,BASE_HYD,01-03-2020,5,4,4,0,1,700,45
P008,fast_moving,24,A321,BASE_HYD,01-04-2020,11,10,10,0,1,695,15
P008,fast_moving,24,A321,BASE_HYD,01-05-2020,5,5,10,5,0,675,60
P008,fast_moving,24,A321,BASE_HYD,01-06-2020,8,5,5,0,1,791,15
P008,fast_moving,24,A321,BASE_HYD,01-07-2020,11,7,7,0,1,803,45
P008,fast_moving,24,A321,BASE_HYD,01-08-2020,4,0,0,0,1,793,15
P008,fast_moving,24,A321,BASE_HYD,01-09-2020,7,7,7,0,0,700,60
P008,fast_moving,24,A321,BASE_HYD,01-10-2020,8,0,0,0,1,699,30
P008,fast_moving,24,A321,BASE_HYD,01-11-2020,0,0,7,7,0,682,30
P008,fast_moving,24,A321,BASE_HYD,01-12-2020,12,12,16,4,0,794,30
P008,fast_moving,24,A321,BASE_HYD,01-01-2021,1,1,12,11,0,687,60
P008,fast_moving,24,A321,BASE_HYD,01-02-2021,9,9,11,2,0,680,15
P008,fast_moving,24,A321,BASE_HYD,01-03-2021,8,8,9,1,0,680,30
P008,fast_moving,24,A321,BASE_HYD,01-04-2021,14,12,12,0,1,684,30
P008,fast_moving,24,A321,BASE_HYD,01-05-2021,11,7,7,0,1,685,45
P008,fast_moving,24,A321,BASE_HYD,01-06-2021,11,0,0,0,1,795,30
P008,fast_moving,24,A321,BASE_HYD,01-07-2021,8,8,10,2,0,801,15
P008,fast_moving,24,A321,BASE_HYD,01-08-2021,8,8,14,6,0,797,60
P008,fast_moving,24,A321,BASE_HYD,01-09-2021,7,6,6,0,1,695,60
P008,fast_moving,24,A321,BASE_HYD,01-10-2021,9,9,12,3,0,688,30
P008,fast_moving,24,A321,BASE_HYD,01-11-2021,4,4,12,8,0,694,60
P008,fast_moving,24,A321,BASE_HYD,01-12-2021,9,8,8,0,1,792,60
P008,fast_moving,24,A321,BASE_HYD,01-01-2022,6,6,9,3,0,685,45
P008,fast_moving,24,A321,BASE_HYD,01-02-2022,5,3,3,0,1,701,15
P008,fast_moving,24,A321,BASE_HYD,01-03-2022,10,10,12,2,0,672,45
P008,fast_moving,24,A321,BASE_HYD,01-04-2022,4,2,2,0,1,675,15
P008,fast_moving,24,A321,BASE_HYD,01-05-2022,0,0,11,11,0,690,45
P008,fast_moving,24,A321,BASE_HYD,01-06-2022,11,11,11,0,0,789,15
P008,fast_moving,24,A321,BASE_HYD,01-07-2022,9,9,12,3,0,779,60
P008,fast_moving,24,A321,BASE_HYD,01-08-2022,9,3,3,0,1,782,45
P008,fast_moving,24,A321,BASE_HYD,01-09-2022,8,7,7,0,1,681,30
P008,fast_moving,24,A321,BASE_HYD,01-10-2022,10,10,12,2,0,694,30
P008,fast_moving,24,A321,BASE_HYD,01-11-2022,7,7,13,6,0,696,15
P008,fast_moving,24,A321,BASE_HYD,01-12-2022,8,8,14,6,0,804,60
P008,fast_moving,24,A321,BASE_HYD,01-01-2023,12,6,6,0,1,675,60
P008,fast_moving,24,A321,BASE_HYD,01-02-2023,8,8,9,1,0,676,60
P008,fast_moving,24,A321,BASE_HYD,01-03-2023,7,1,1,0,1,676,15
P008,fast_moving,24,A321,BASE_HYD,01-04-2023,6,6,12,6,0,694,15
P008,fast_moving,24,A321,BASE_HYD,01-05-2023,7,7,17,10,0,688,60
P008,fast_moving,24,A321,BASE_HYD,01-06-2023,7,7,10,3,0,789,60
P008,fast_moving,24,A321,BASE_HYD,01-07-2023,11,3,3,0,1,790,15
P008,fast_moving,24,A321,BASE_HYD,01-08-2023,12,11,11,0,1,788,45
P008,fast_moving,24,A321,BASE_HYD,01-09-2023,4,0,0,0,1,678,60
P008,fast_moving,24,A321,BASE_HYD,01-10-2023,5,5,8,3,0,689,45
P008,fast_moving,24,A321,BASE_HYD,01-11-2023,12,3,3,0,1,684,60
P008,fast_moving,24,A321,BASE_HYD,01-12-2023,6,6,8,2,0,779,60
P008,fast_moving,24,A321,LINE_DEL,01-01-2018,5,5,29,24,0,682,45
P008,fast_moving,24,A321,LINE_DEL,01-02-2018,8,8,24,16,0,693,15
P008,fast_moving,24,A321,LINE_DEL,01-03-2018,3,3,16,13,0,705,45
P008,fast_moving,24,A321,LINE_DEL,01-04-2018,10,10,13,3,0,693,45
P008,fast_moving,24,A321,LINE_DEL,01-05-2018,4,3,3,0,1,701,45
P008,fast_moving,24,A321,LINE_DEL,01-06-2018,15,10,10,0,1,801,60
P008,fast_moving,24,A321,LINE_DEL,01-07-2018,10,0,0,0,1,809,30
P008,fast_moving,24,A321,LINE_DEL,01-08-2018,9,9,12,3,0,802,15
P008,fast_moving,24,A321,LINE_DEL,01-09-2018,5,5,15,10,0,690,45
P008,fast_moving,24,A321,LINE_DEL,01-10-2018,6,6,10,4,0,696,15
P008,fast_moving,24,A321,LINE_DEL,01-11-2018,0,0,14,14,0,707,15
P008,fast_moving,24,A321,LINE_DEL,01-12-2018,6,6,14,8,0,804,15
P008,fast_moving,24,A321,LINE_DEL,01-01-2019,7,7,16,9,0,693,30
P008,fast_moving,24,A321,LINE_DEL,01-02-2019,9,9,9,0,0,710,15
P008,fast_moving,24,A321,LINE_DEL,01-03-2019,6,6,12,6,0,702,30
P008,fast_moving,24,A321,LINE_DEL,01-04-2019,8,8,16,8,0,700,60
P008,fast_moving,24,A321,LINE_DEL,01-05-2019,10,8,8,0,1,696,60
P008,fast_moving,24,A321,LINE_DEL,01-06-2019,10,10,12,2,0,804,15
P008,fast_moving,24,A321,LINE_DEL,01-07-2019,8,8,13,5,0,804,60
P008,fast_moving,24,A321,LINE_DEL,01-08-2019,9,5,5,0,1,781,60
P008,fast_moving,24,A321,LINE_DEL,01-09-2019,5,5,7,2,0,697,60
P008,fast_moving,24,A321,LINE_DEL,01-10-2019,10,2,2,0,1,693,30
P008,fast_moving,24,A321,LINE_DEL,01-11-2019,9,9,12,3,0,690,15
P008,fast_moving,24,A321,LINE_DEL,01-12-2019,7,7,14,7,0,796,45
P008,fast_moving,24,A321,LINE_DEL,01-01-2020,3,3,7,4,0,681,30
P008,fast_moving,24,A321,LINE_DEL,01-02-2020,8,8,15,7,0,679,15
P008,fast_moving,24,A321,LINE_DEL,01-03-2020,7,7,19,12,0,700,45
P008,fast_moving,24,A321,LINE_DEL,01-04-2020,8,8,12,4,0,695,60
P008,fast_moving,24,A321,LINE_DEL,01-05-2020,7,4,4,0,1,675,30
P008,fast_moving,24,A321,LINE_DEL,01-06-2020,6,6,12,6,0,791,30
P008,fast_moving,24,A321,LINE_DEL,01-07-2020,7,7,18,11,0,803,45
P008,fast_moving,24,A321,LINE_DEL,01-08-2020,10,10,11,1,0,793,45
P008,fast_moving,24,A321,LINE_DEL,01-09-2020,15,1,1,0,1,700,15
P008,fast_moving,24,A321,LINE_DEL,01-10-2020,6,6,12,6,0,699,30
P008,fast_moving,24,A321,LINE_DEL,01-11-2020,7,7,13,6,0,682,30
P008,fast_moving,24,A321,LINE_DEL,01-12-2020,6,6,15,9,0,794,30
P008,fast_moving,24,A321,LINE_DEL,01-01-2021,12,9,9,0,1,687,15
P008,fast_moving,24,A321,LINE_DEL,01-02-2021,7,7,11,4,0,680,30
P008,fast_moving,24,A321,LINE_DEL,01-03-2021,0,0,13,13,0,680,60
P008,fast_moving,24,A321,LINE_DEL,01-04-2021,10,10,13,3,0,684,30
P008,fast_moving,24,A321,LINE_DEL,01-05-2021,13,13,15,2,0,685,15
P008,fast_moving,24,A321,LINE_DEL,01-06-2021,9,9,14,5,0,795,60
P008,fast_moving,24,A321,LINE_DEL,01-07-2021,9,5,5,0,1,801,60
P008,fast_moving,24,A321,LINE_DEL,01-08-2021,12,11,11,0,1,797,45
P008,fast_moving,24,A321,LINE_DEL,01-09-2021,7,0,0,0,1,695,60
P008,fast_moving,24,A321,LINE_DEL,01-10-2021,10,10,10,0,0,688,60
P008,fast_moving,24,A321,LINE_DEL,01-11-2021,5,0,0,0,1,694,45
P008,fast_moving,24,A321,LINE_DEL,01-12-2021,7,7,10,3,0,792,15
P008,fast_moving,24,A321,LINE_DEL,01-01-2022,7,7,15,8,0,685,60
P008,fast_moving,24,A321,LINE_DEL,01-02-2022,11,8,8,0,1,701,30
P008,fast_moving,24,A321,LINE_DEL,01-03-2022,9,7,7,0,1,672,15
P008,fast_moving,24,A321,LINE_DEL,01-04-2022,7,7,8,1,0,675,60
P008,fast_moving,24,A321,LINE_DEL,01-05-2022,5,1,1,0,1,690,30
P008,fast_moving,24,A321,LINE_DEL,01-06-2022,9,9,9,0,0,789,60
P008,fast_moving,24,A321,LINE_DEL,01-07-2022,9,0,0,0,1,779,60
P008,fast_moving,24,A321,LINE_DEL,01-08-2022,11,9,9,0,1,782,60
P008,fast_moving,24,A321,LINE_DEL,01-09-2022,6,0,0,0,1,681,45
P008,fast_moving,24,A321,LINE_DEL,01-10-2022,9,8,8,0,1,694,30
P008,fast_moving,24,A321,LINE_DEL,01-11-2022,9,9,9,0,0,696,60
P008,fast_moving,24,A321,LINE_DEL,01-12-2022,13,0,0,0,1,804,15
P008,fast_moving,24,A321,LINE_DEL,01-01-2023,10,9,9,0,1,675,30
P008,fast_moving,24,A321,LINE_DEL,01-02-2023,7,7,10,3,0,676,15
P008,fast_moving,24,A321,LINE_DEL,01-03-2023,0,0,14,14,0,676,15
P008,fast_moving,24,A321,LINE_DEL,01-04-2023,11,11,14,3,0,694,15
P008,fast_moving,24,A321,LINE_DEL,01-05-2023,12,12,13,1,0,688,15
P008,fast_moving,24,A321,LINE_DEL,01-06-2023,15,12,12,0,1,789,15
P008,fast_moving,24,A321,LINE_DEL,01-07-2023,5,5,9,4,0,790,15
P008,fast_moving,24,A321,LINE_DEL,01-08-2023,12,12,13,1,0,788,60
P008,fast_moving,24,A321,LINE_DEL,01-09-2023,5,1,1,0,1,678,45
P008,fast_moving,24,A321,LINE_DEL,01-10-2023,13,10,10,0,1,689,15
P008,fast_moving,24,A321,LINE_DEL,01-11-2023,4,4,8,4,0,684,30
P008,fast_moving,24,A321,LINE_DEL,01-12-2023,9,9,14,5,0,779,15
P008,fast_moving,24,A321,MRO_BLR,01-01-2018,8,8,24,16,0,682,60
P008,fast_moving,24,A321,MRO_BLR,01-02-2018,7,7,16,9,0,693,30
P008,fast_moving,24,A321,MRO_BLR,01-03-2018,5,5,9,4,0,705,15
P008,fast_moving,24,A321,MRO_BLR,01-04-2018,10,10,16,6,0,693,60
P008,fast_moving,24,A321,MRO_BLR,01-05-2018,8,6,6,0,1,701,15
P008,fast_moving,24,A321,MRO_BLR,01-06-2018,10,9,9,0,1,801,15
P008,fast_moving,24,A321,MRO_BLR,01-07-2018,9,9,10,1,0,809,15
P008,fast_moving,24,A321,MRO_BLR,01-08-2018,13,9,9,0,1,802,15
P008,fast_moving,24,A321,MRO_BLR,01-09-2018,4,4,12,8,0,690,30
P008,fast_moving,24,A321,MRO_BLR,01-10-2018,5,5,17,12,0,696,30
P008,fast_moving,24,A321,MRO_BLR,01-11-2018,4,4,12,8,0,707,15
P008,fast_moving,24,A321,MRO_BLR,01-12-2018,10,10,18,8,0,804,60
P008,fast_moving,24,A321,MRO_BLR,01-01-2019,4,4,8,4,0,693,30
P008,fast_moving,24,A321,MRO_BLR,01-02-2019,9,9,15,6,0,710,15
P008,fast_moving,24,A321,MRO_BLR,01-03-2019,8,8,17,9,0,702,60
P008,fast_moving,24,A321,MRO_BLR,01-04-2019,8,8,9,1,0,700,60
P008,fast_moving,24,A321,MRO_BLR,01-05-2019,9,1,1,0,1,696,30
P008,fast_moving,24,A321,MRO_BLR,01-06-2019,7,7,10,3,0,804,60
P008,fast_moving,24,A321,MRO_BLR,01-07-2019,10,3,3,0,1,804,60
P008,fast_moving,24,A321,MRO_BLR,01-08-2019,9,9,11,2,0,781,30
P008,fast_moving,24,A321,MRO_BLR,01-09-2019,9,9,14,5,0,697,15
P008,fast_moving,24,A321,MRO_BLR,01-10-2019,4,4,12,8,0,693,45
P008,fast_moving,24,A321,MRO_BLR,01-11-2019,9,8,8,0,1,690,45
P008,fast_moving,24,A321,MRO_BLR,01-12-2019,11,10,10,0,1,796,60
P008,fast_moving,24,A321,MRO_BLR,01-01-2020,8,0,0,0,1,681,45
P008,fast_moving,24,A321,MRO_BLR,01-02-2020,1,1,12,11,0,679,15
P008,fast_moving,24,A321,MRO_BLR,01-03-2020,4,4,11,7,0,700,15
P008,fast_moving,24,A321,MRO_BLR,01-04-2020,5,5,14,9,0,695,45
P008,fast_moving,24,A321,MRO_BLR,01-05-2020,6,6,9,3,0,675,45
P008,fast_moving,24,A321,MRO_BLR,01-06-2020,8,3,3,0,1,791,15
P008,fast_moving,24,A321,MRO_BLR,01-07-2020,10,10,11,1,0,803,30
P008,fast_moving,24,A321,MRO_BLR,01-08-2020,5,5,10,5,0,793,45
P008,fast_moving,24,A321,MRO_BLR,01-09-2020,6,5,5,0,1,700,60
P008,fast_moving,24,A321,MRO_BLR,01-10-2020,5,5,7,2,0,699,15
P008,fast_moving,24,A321,MRO_BLR,01-11-2020,12,12,12,0,0,682,60
P008,fast_moving,24,A321,MRO_BLR,01-12-2020,8,0,0,0,1,794,45
P008,fast_moving,24,A321,MRO_BLR,01-01-2021,9,8,8,0,1,687,45
P008,fast_moving,24,A321,MRO_BLR,01-02-2021,9,0,0,0,1,680,45
P008,fast_moving,24,A321,MRO_BLR,01-03-2021,10,10,11,1,0,680,60
P008,fast_moving,24,A321,MRO_BLR,01-04-2021,8,1,1,0,1,684,15
P008,fast_moving,24,A321,MRO_BLR,01-05-2021,5,5,9,4,0,685,45
P008,fast_moving,24,A321,MRO_BLR,01-06-2021,13,4,4,0,1,795,30
P008,fast_moving,24,A321,MRO_BLR,01-07-2021,10,10,12,2,0,801,60
P008,fast_moving,24,A321,MRO_BLR,01-08-2021,7,2,2,0,1,797,45
P008,fast_moving,24,A321,MRO_BLR,01-09-2021,7,7,12,5,0,695,60
P008,fast_moving,24,A321,MRO_BLR,01-10-2021,9,5,5,0,1,688,60
P008,fast_moving,24,A321,MRO_BLR,01-11-2021,9,9,10,1,0,694,30
P008,fast_moving,24,A321,MRO_BLR,01-12-2021,12,11,11,0,1,792,15
P008,fast_moving,24,A321,MRO_BLR,01-01-2022,7,7,8,1,0,685,45
P008,fast_moving,24,A321,MRO_BLR,01-02-2022,2,1,1,0,1,701,15
P008,fast_moving,24,A321,MRO_BLR,01-03-2022,3,3,11,8,0,672,15
P008,fast_moving,24,A321,MRO_BLR,01-04-2022,6,6,15,9,0,675,45
P008,fast_moving,24,A321,MRO_BLR,01-05-2022,11,9,9,0,1,690,30
P008,fast_moving,24,A321,MRO_BLR,01-06-2022,7,7,7,0,0,789,60
P008,fast_moving,24,A321,MRO_BLR,01-07-2022,6,0,0,0,1,779,15
P008,fast_moving,24,A321,MRO_BLR,01-08-2022,11,10,10,0,1,782,45
P008,fast_moving,24,A321,MRO_BLR,01-09-2022,9,0,0,0,1,681,30
P008,fast_moving,24,A321,MRO_BLR,01-10-2022,9,9,12,3,0,694,60
P008,fast_moving,24,A321,MRO_BLR,01-11-2022,7,3,3,0,1,696,15
P008,fast_moving,24,A321,MRO_BLR,01-12-2022,7,7,9,2,0,804,15
P008,fast_moving,24,A321,MRO_BLR,01-01-2023,6,6,9,3,0,675,30
P008,fast_moving,24,A321,MRO_BLR,01-02-2023,8,8,12,4,0,676,30
P008,fast_moving,24,A321,MRO_BLR,01-03-2023,7,7,13,6,0,676,60
P008,fast_moving,24,A321,MRO_BLR,01-04-2023,9,6,6,0,1,694,60
P008,fast_moving,24,A321,MRO_BLR,01-05-2023,9,7,7,0,1,688,15
P008,fast_moving,24,A321,MRO_BLR,01-06-2023,5,5,12,7,0,789,15
P008,fast_moving,24,A321,MRO_BLR,01-07-2023,9,9,14,5,0,790,15
P008,fast_moving,24,A321,MRO_BLR,01-08-2023,6,6,13,7,0,788,60
P008,fast_moving,24,A321,MRO_BLR,01-09-2023,9,7,7,0,1,678,15
P008,fast_moving,24,A321,MRO_BLR,01-10-2023,4,4,9,5,0,689,45
P008,fast_moving,24,A321,MRO_BLR,01-11-2023,5,5,5,0,0,684,45
P008,fast_moving,24,A321,MRO_BLR,01-12-2023,9,9,10,1,0,779,45
P009,fast_moving,28,B737,BASE_HYD,01-01-2018,11,11,15,4,0,513,15
P009,fast_moving,28,B737,BASE_HYD,01-02-2018,10,10,11,1,0,518,15
P009,fast_moving,28,B737,BASE_HYD,01-03-2018,5,5,10,5,0,517,15
P009,fast_moving,28,B737,BASE_HYD,01-04-2018,9,9,16,7,0,514,45
P009,fast_moving,28,B737,BASE_HYD,01-05-2018,5,5,7,2,0,528,60
P009,fast_moving,28,B737,BASE_HYD,01-06-2018,3,3,10,7,0,614,45
P009,fast_moving,28,B737,BASE_HYD,01-07-2018,7,7,7,0,0,600,15
P009,fast_moving,28,B737,BASE_HYD,01-08-2018,9,8,8,0,1,607,30
P009,fast_moving,28,B737,BASE_HYD,01-09-2018,6,6,12,6,0,531,15
P009,fast_moving,28,B737,BASE_HYD,01-10-2018,7,7,13,6,0,524,30
P009,fast_moving,28,B737,BASE_HYD,01-11-2018,6,6,18,12,0,523,30
P009,fast_moving,28,B737,BASE_HYD,01-12-2018,13,12,12,0,1,600,45
P009,fast_moving,28,B737,BASE_HYD,01-01-2019,9,0,0,0,1,524,15
P009,fast_moving,28,B737,BASE_HYD,01-02-2019,11,10,10,0,1,526,60
P009,fast_moving,28,B737,BASE_HYD,01-03-2019,6,0,0,0,1,524,45
P009,fast_moving,28,B737,BASE_HYD,01-04-2019,6,6,7,1,0,524,45
P009,fast_moving,28,B737,BASE_HYD,01-05-2019,7,1,1,0,1,521,60
P009,fast_moving,28,B737,BASE_HYD,01-06-2019,6,6,11,5,0,590,45
P009,fast_moving,28,B737,BASE_HYD,01-07-2019,8,5,5,0,1,605,15
P009,fast_moving,28,B737,BASE_HYD,01-08-2019,7,7,10,3,0,592,30
P009,fast_moving,28,B737,BASE_HYD,01-09-2019,3,3,12,9,0,525,30
P009,fast_moving,28,B737,BASE_HYD,01-10-2019,8,8,9,1,0,525,15
P009,fast_moving,28,B737,BASE_HYD,01-11-2019,12,8,8,0,1,515,30
P009,fast_moving,28,B737,BASE_HYD,01-12-2019,12,11,11,0,1,596,60
P009,fast_moving,28,B737,BASE_HYD,01-01-2020,13,0,0,0,1,531,30
P009,fast_moving,28,B737,BASE_HYD,01-02-2020,13,12,12,0,1,519,60
P009,fast_moving,28,B737,BASE_HYD,01-03-2020,10,0,0,0,1,514,30
P009,fast_moving,28,B737,BASE_HYD,01-04-2020,5,5,9,4,0,524,15
P009,fast_moving,28,B737,BASE_HYD,01-05-2020,8,8,14,6,0,516,30
P009,fast_moving,28,B737,BASE_HYD,01-06-2020,6,6,15,9,0,586,60
P009,fast_moving,28,B737,BASE_HYD,01-07-2020,13,9,9,0,1,601,45
P009,fast_moving,28,B737,BASE_HYD,01-08-2020,5,0,0,0,1,592,45
P009,fast_moving,28,B737,BASE_HYD,01-09-2020,2,2,8,6,0,522,45
P009,fast_moving,28,B737,BASE_HYD,01-10-2020,10,6,6,0,1,516,15
P009,fast_moving,28,B737,BASE_HYD,01-11-2020,2,2,10,8,0,524,15
P009,fast_moving,28,B737,BASE_HYD,01-12-2020,3,3,15,12,0,599,60
P009,fast_moving,28,B737,BASE_HYD,01-01-2021,10,10,12,2,0,505,30
P009,fast_moving,28,B737,BASE_HYD,01-02-2021,4,4,11,7,0,520,60
P009,fast_moving,28,B737,BASE_HYD,01-03-2021,11,7,7,0,1,517,15
P009,fast_moving,28,B737,BASE_HYD,01-04-2021,8,8,12,4,0,526,60
P009,fast_moving,28,B737,BASE_HYD,01-05-2021,6,4,4,0,1,520,45
P009,fast_moving,28,B737,BASE_HYD,01-06-2021,3,3,11,8,0,601,15
P009,fast_moving,28,B737,BASE_HYD,01-07-2021,15,15,19,4,0,592,45
P009,fast_moving,28,B737,BASE_HYD,01-08-2021,6,4,4,0,1,591,45
P009,fast_moving,28,B737,BASE_HYD,01-09-2021,7,7,9,2,0,518,15
P009,fast_moving,28,B737,BASE_HYD,01-10-2021,14,12,12,0,1,516,15
P009,fast_moving,28,B737,BASE_HYD,01-11-2021,7,7,8,1,0,525,30
P009,fast_moving,28,B737,BASE_HYD,01-12-2021,8,8,8,0,0,595,60
P009,fast_moving,28,B737,BASE_HYD,01-01-2022,12,0,0,0,1,510,30
P009,fast_moving,28,B737,BASE_HYD,01-02-2022,12,12,12,0,0,512,45
P009,fast_moving,28,B737,BASE_HYD,01-03-2022,9,0,0,0,1,522,15
P009,fast_moving,28,B737,BASE_HYD,01-04-2022,4,4,8,4,0,516,60
P009,fast_moving,28,B737,BASE_HYD,01-05-2022,7,4,4,0,1,516,60
P009,fast_moving,28,B737,BASE_HYD,01-06-2022,9,9,9,0,0,601,15
P009,fast_moving,28,B737,BASE_HYD,01-07-2022,8,7,7,0,1,589,30
P009,fast_moving,28,B737,BASE_HYD,01-08-2022,12,11,11,0,1,581,30
P009,fast_moving,28,B737,BASE_HYD,01-09-2022,8,8,12,4,0,512,15
P009,fast_moving,28,B737,BASE_HYD,01-10-2022,10,10,16,6,0,518,30
P009,fast_moving,28,B737,BASE_HYD,01-11-2022,4,4,14,10,0,515,45
P009,fast_moving,28,B737,BASE_HYD,01-12-2022,8,8,10,2,0,585,60
P009,fast_moving,28,B737,BASE_HYD,01-01-2023,10,2,2,0,1,520,15
P009,fast_moving,28,B737,BASE_HYD,01-02-2023,7,7,12,5,0,516,45
P009,fast_moving,28,B737,BASE_HYD,01-03-2023,4,4,5,1,0,517,45
P009,fast_moving,28,B737,BASE_HYD,01-04-2023,4,4,9,5,0,517,30
P009,fast_moving,28,B737,BASE_HYD,01-05-2023,3,3,16,13,0,508,30
P009,fast_moving,28,B737,BASE_HYD,01-06-2023,12,12,13,1,0,594,30
P009,fast_moving,28,B737,BASE_HYD,01-07-2023,6,6,10,4,0,598,45
P009,fast_moving,28,B737,BASE_HYD,01-08-2023,8,4,4,0,1,599,15
P009,fast_moving,28,B737,BASE_HYD,01-09-2023,10,10,12,2,0,519,45
P009,fast_moving,28,B737,BASE_HYD,01-10-2023,8,2,2,0,1,518,45
P009,fast_moving,28,B737,BASE_HYD,01-11-2023,4,4,7,3,0,506,45
P009,fast_moving,28,B737,BASE_HYD,01-12-2023,15,3,3,0,1,592,15
P009,fast_moving,28,B737,LINE_DEL,01-01-2018,9,9,23,14,0,513,30
P009,fast_moving,28,B737,LINE_DEL,01-02-2018,9,9,14,5,0,518,15
P009,fast_moving,28,B737,LINE_DEL,01-03-2018,6,6,17,11,0,517,45
P009,fast_moving,28,B737,LINE_DEL,01-04-2018,10,10,11,1,0,514,45
P009,fast_moving,28,B737,LINE_DEL,01-05-2018,6,1,1,0,1,528,45
P009,fast_moving,28,B737,LINE_DEL,01-06-2018,12,8,8,0,1,614,60
P009,fast_moving,28,B737,LINE_DEL,01-07-2018,5,0,0,0,1,600,30
P009,fast_moving,28,B737,LINE_DEL,01-08-2018,4,4,11,7,0,607,30
P009,fast_moving,28,B737,LINE_DEL,01-09-2018,6,6,19,13,0,531,15
P009,fast_moving,28,B737,LINE_DEL,01-10-2018,8,8,13,5,0,524,15
P009,fast_moving,28,B737,LINE_DEL,01-11-2018,7,7,12,5,0,523,45
P009,fast_moving,28,B737,LINE_DEL,01-12-2018,7,5,5,0,1,600,15
P009,fast_moving,28,B737,LINE_DEL,01-01-2019,7,7,9,2,0,524,60
P009,fast_moving,28,B737,LINE_DEL,01-02-2019,13,2,2,0,1,526,15
P009,fast_moving,28,B737,LINE_DEL,01-03-2019,15,10,10,0,1,524,60
P009,fast_moving,28,B737,LINE_DEL,01-04-2019,11,0,0,0,1,524,15
P009,fast_moving,28,B737,LINE_DEL,01-05-2019,9,9,11,2,0,521,60
P009,fast_moving,28,B737,LINE_DEL,01-06-2019,5,2,2,0,1,590,60
P009,fast_moving,28,B737,LINE_DEL,01-07-2019,11,7,7,0,1,605,30
P009,fast_moving,28,B737,LINE_DEL,01-08-2019,10,8,8,0,1,592,15
P009,fast_moving,28,B737,LINE_DEL,01-09-2019,6,6,12,6,0,525,45
P009,fast_moving,28,B737,LINE_DEL,01-10-2019,6,6,6,0,0,525,60
P009,fast_moving,28,B737,LINE_DEL,01-11-2019,9,9,10,1,0,515,45
P009,fast_moving,28,B737,LINE_DEL,01-12-2019,8,1,1,0,1,596,60
P009,fast_moving,28,B737,LINE_DEL,01-01-2020,9,8,8,0,1,531,45
P009,fast_moving,28,B737,LINE_DEL,01-02-2020,7,0,0,0,1,519,60
P009,fast_moving,28,B737,LINE_DEL,01-03-2020,10,8,8,0,1,514,60
P009,fast_moving,28,B737,LINE_DEL,01-04-2020,10,0,0,0,1,524,45
P009,fast_moving,28,B737,LINE_DEL,01-05-2020,9,8,8,0,1,516,60
P009,fast_moving,28,B737,LINE_DEL,01-06-2020,10,0,0,0,1,586,15
P009,fast_moving,28,B737,LINE_DEL,01-07-2020,9,9,11,2,0,601,60
P009,fast_moving,28,B737,LINE_DEL,01-08-2020,9,2,2,0,1,592,45
P009,fast_moving,28,B737,LINE_DEL,01-09-2020,5,5,7,2,0,522,45
P009,fast_moving,28,B737,LINE_DEL,01-10-2020,8,2,2,0,1,516,45
P009,fast_moving,28,B737,LINE_DEL,01-11-2020,7,7,7,0,0,524,30
P009,fast_moving,28,B737,LINE_DEL,01-12-2020,0,0,12,12,0,599,60
P009,fast_moving,28,B737,LINE_DEL,01-01-2021,7,7,12,5,0,505,45
P009,fast_moving,28,B737,LINE_DEL,01-02-2021,5,5,5,0,0,520,15
P009,fast_moving,28,B737,LINE_DEL,01-03-2021,11,10,10,0,1,517,60
P009,fast_moving,28,B737,LINE_DEL,01-04-2021,0,0,0,0,0,526,30
P009,fast_moving,28,B737,LINE_DEL,01-05-2021,5,5,11,6,0,520,15
P009,fast_moving,28,B737,LINE_DEL,01-06-2021,9,9,16,7,0,601,60
P009,fast_moving,28,B737,LINE_DEL,01-07-2021,6,6,7,1,0,592,15
P009,fast_moving,28,B737,LINE_DEL,01-08-2021,8,8,13,5,0,591,60
P009,fast_moving,28,B737,LINE_DEL,01-09-2021,5,5,5,0,0,518,30
P009,fast_moving,28,B737,LINE_DEL,01-10-2021,4,4,7,3,0,516,30
P009,fast_moving,28,B737,LINE_DEL,01-11-2021,6,6,10,4,0,525,15
P009,fast_moving,28,B737,LINE_DEL,01-12-2021,10,10,16,6,0,595,45
P009,fast_moving,28,B737,LINE_DEL,01-01-2022,5,5,6,1,0,510,45
P009,fast_moving,28,B737,LINE_DEL,01-02-2022,13,12,12,0,1,512,30
P009,fast_moving,28,B737,LINE_DEL,01-03-2022,10,7,7,0,1,522,45
P009,fast_moving,28,B737,LINE_DEL,01-04-2022,12,0,0,0,1,516,15
P009,fast_moving,28,B737,LINE_DEL,01-05-2022,8,8,11,3,0,516,30
P009,fast_moving,28,B737,LINE_DEL,01-06-2022,13,12,12,0,1,601,60
P009,fast_moving,28,B737,LINE_DEL,01-07-2022,8,0,0,0,1,589,15
P009,fast_moving,28,B737,LINE_DEL,01-08-2022,7,7,7,0,0,581,15
P009,fast_moving,28,B737,LINE_DEL,01-09-2022,10,7,7,0,1,512,60
P009,fast_moving,28,B737,LINE_DEL,01-10-2022,4,0,0,0,1,518,30
P009,fast_moving,28,B737,LINE_DEL,01-11-2022,6,6,8,2,0,515,30
P009,fast_moving,28,B737,LINE_DEL,01-12-2022,11,11,13,2,0,585,45
P009,fast_moving,28,B737,LINE_DEL,01-01-2023,11,2,2,0,1,520,60
P009,fast_moving,28,B737,LINE_DEL,01-02-2023,5,5,9,4,0,516,15
P009,fast_moving,28,B737,LINE_DEL,01-03-2023,11,11,15,4,0,517,30
P009,fast_moving,28,B737,LINE_DEL,01-04-2023,6,6,13,7,0,517,15
P009,fast_moving,28,B737,LINE_DEL,01-05-2023,7,7,14,7,0,508,45
P009,fast_moving,28,B737,LINE_DEL,01-06-2023,8,7,7,0,1,594,60
P009,fast_moving,28,B737,LINE_DEL,01-07-2023,5,5,12,7,0,598,15
P009,fast_moving,28,B737,LINE_DEL,01-08-2023,7,7,18,11,0,599,15
P009,fast_moving,28,B737,LINE_DEL,01-09-2023,8,8,11,3,0,519,60
P009,fast_moving,28,B737,LINE_DEL,01-10-2023,7,3,3,0,1,518,60
P009,fast_moving,28,B737,LINE_DEL,01-11-2023,6,6,10,4,0,506,15
P009,fast_moving,28,B737,LINE_DEL,01-12-2023,5,5,15,10,0,592,30
P009,fast_moving,28,B737,MRO_BLR,01-01-2018,6,6,23,17,0,513,15
P009,fast_moving,28,B737,MRO_BLR,01-02-2018,11,11,17,6,0,518,15
P009,fast_moving,28,B737,MRO_BLR,01-03-2018,10,10,14,4,0,517,45
P009,fast_moving,28,B737,MRO_BLR,01-04-2018,6,4,4,0,1,514,45
P009,fast_moving,28,B737,MRO_BLR,01-05-2018,7,7,9,2,0,528,15
P009,fast_moving,28,B737,MRO_BLR,01-06-2018,10,10,10,0,0,614,30
P009,fast_moving,28,B737,MRO_BLR,01-07-2018,7,7,11,4,0,600,45
P009,fast_moving,28,B737,MRO_BLR,01-08-2018,6,4,4,0,1,607,15
P009,fast_moving,28,B737,MRO_BLR,01-09-2018,9,9,11,2,0,531,30
P009,fast_moving,28,B737,MRO_BLR,01-10-2018,6,6,11,5,0,524,15
P009,fast_moving,28,B737,MRO_BLR,01-11-2018,10,10,13,3,0,523,30
P009,fast_moving,28,B737,MRO_BLR,01-12-2018,5,5,12,7,0,600,15
P009,fast_moving,28,B737,MRO_BLR,01-01-2019,5,5,15,10,0,524,60
P009,fast_moving,28,B737,MRO_BLR,01-02-2019,3,3,10,7,0,526,15
P009,fast_moving,28,B737,MRO_BLR,01-03-2019,10,10,18,8,0,524,45
P009,fast_moving,28,B737,MRO_BLR,01-04-2019,8,8,8,0,0,524,30
P009,fast_moving,28,B737,MRO_BLR,01-05-2019,11,7,7,0,1,521,45
P009,fast_moving,28,B737,MRO_BLR,01-06-2019,10,0,0,0,1,590,30
P009,fast_moving,28,B737,MRO_BLR,01-07-2019,10,8,8,0,1,605,45
P009,fast_moving,28,B737,MRO_BLR,01-08-2019,10,0,0,0,1,592,60
P009,fast_moving,28,B737,MRO_BLR,01-09-2019,8,7,7,0,1,525,30
P009,fast_moving,28,B737,MRO_BLR,01-10-2019,6,6,9,3,0,525,15
P009,fast_moving,28,B737,MRO_BLR,01-11-2019,10,10,15,5,0,515,15
P009,fast_moving,28,B737,MRO_BLR,01-12-2019,18,16,16,0,1,596,30
P009,fast_moving,28,B737,MRO_BLR,01-01-2020,6,6,7,1,0,531,30
P009,fast_moving,28,B737,MRO_BLR,01-02-2020,5,5,11,6,0,519,30
P009,fast_moving,28,B737,MRO_BLR,01-03-2020,12,12,18,6,0,514,45
P009,fast_moving,28,B737,MRO_BLR,01-04-2020,5,5,6,1,0,524,30
P009,fast_moving,28,B737,MRO_BLR,01-05-2020,9,9,12,3,0,516,15
P009,fast_moving,28,B737,MRO_BLR,01-06-2020,8,8,12,4,0,586,45
P009,fast_moving,28,B737,MRO_BLR,01-07-2020,14,4,4,0,1,601,60
P009,fast_moving,28,B737,MRO_BLR,01-08-2020,11,9,9,0,1,592,60
P009,fast_moving,28,B737,MRO_BLR,01-09-2020,9,0,0,0,1,522,15
P009,fast_moving,28,B737,MRO_BLR,01-10-2020,12,7,7,0,1,516,30
P009,fast_moving,28,B737,MRO_BLR,01-11-2020,8,8,10,2,0,524,15
P009,fast_moving,28,B737,MRO_BLR,01-12-2020,9,9,10,1,0,599,30
P009,fast_moving,28,B737,MRO_BLR,01-01-2021,10,10,10,0,0,505,60
P009,fast_moving,28,B737,MRO_BLR,01-02-2021,4,0,0,0,1,520,60
P009,fast_moving,28,B737,MRO_BLR,01-03-2021,4,4,10,6,0,517,60
P009,fast_moving,28,B737,MRO_BLR,01-04-2021,10,6,6,0,1,526,60
P009,fast_moving,28,B737,MRO_BLR,01-05-2021,6,6,9,3,0,520,60
P009,fast_moving,28,B737,MRO_BLR,01-06-2021,10,3,3,0,1,601,60
P009,fast_moving,28,B737,MRO_BLR,01-07-2021,7,7,9,2,0,592,30
P009,fast_moving,28,B737,MRO_BLR,01-08-2021,6,6,10,4,0,591,60
P009,fast_moving,28,B737,MRO_BLR,01-09-2021,3,3,4,1,0,518,15
P009,fast_moving,28,B737,MRO_BLR,01-10-2021,12,12,12,0,0,516,60
P009,fast_moving,28,B737,MRO_BLR,01-11-2021,12,0,0,0,1,525,45
P009,fast_moving,28,B737,MRO_BLR,01-12-2021,9,9,10,1,0,595,60
P009,fast_moving,28,B737,MRO_BLR,01-01-2022,7,1,1,0,1,510,30
P009,fast_moving,28,B737,MRO_BLR,01-02-2022,12,7,7,0,1,512,30
P009,fast_moving,28,B737,MRO_BLR,01-03-2022,7,7,10,3,0,522,15
P009,fast_moving,28,B737,MRO_BLR,01-04-2022,12,10,10,0,1,516,45
P009,fast_moving,28,B737,MRO_BLR,01-05-2022,11,0,0,0,1,516,30
P009,fast_moving,28,B737,MRO_BLR,01-06-2022,13,7,7,0,1,601,60
P009,fast_moving,28,B737,MRO_BLR,01-07-2022,12,0,0,0,1,589,15
P009,fast_moving,28,B737,MRO_BLR,01-08-2022,9,9,12,3,0,581,60
P009,fast_moving,28,B737,MRO_BLR,01-09-2022,5,3,3,0,1,512,15
P009,fast_moving,28,B737,MRO_BLR,01-10-2022,6,6,9,3,0,518,45
P009,fast_moving,28,B737,MRO_BLR,01-11-2022,9,3,3,0,1,515,30
P009,fast_moving,28,B737,MRO_BLR,01-12-2022,13,9,9,0,1,585,30
P009,fast_moving,28,B737,MRO_BLR,01-01-2023,5,5,7,2,0,520,30
P009,fast_moving,28,B737,MRO_BLR,01-02-2023,6,6,10,4,0,516,60
P009,fast_moving,28,B737,MRO_BLR,01-03-2023,4,4,4,0,0,517,45
P009,fast_moving,28,B737,MRO_BLR,01-04-2023,9,9,9,0,0,517,30
P009,fast_moving,28,B737,MRO_BLR,01-05-2023,11,11,12,1,0,508,60
P009,fast_moving,28,B737,MRO_BLR,01-06-2023,7,1,1,0,1,594,30
P009,fast_moving,28,B737,MRO_BLR,01-07-2023,8,8,11,3,0,598,30
P009,fast_moving,28,B737,MRO_BLR,01-08-2023,10,10,15,5,0,599,60
P009,fast_moving,28,B737,MRO_BLR,01-09-2023,3,3,5,2,0,519,30
P009,fast_moving,28,B737,MRO_BLR,01-10-2023,10,10,10,0,0,518,30
P009,fast_moving,28,B737,MRO_BLR,01-11-2023,6,6,11,5,0,506,60
P009,fast_moving,28,B737,MRO_BLR,01-12-2023,9,5,5,0,1,592,60
P010,fast_moving,28,B737,BASE_HYD,01-01-2018,7,7,21,14,0,532,60
P010,fast_moving,28,B737,BASE_HYD,01-02-2018,0,0,14,14,0,535,60
P010,fast_moving,28,B737,BASE_HYD,01-03-2018,6,6,14,8,0,532,60
P010,fast_moving,28,B737,BASE_HYD,01-04-2018,12,8,8,0,1,542,15
P010,fast_moving,28,B737,BASE_HYD,01-05-2018,10,9,9,0,1,533,45
P010,fast_moving,28,B737,BASE_HYD,01-06-2018,5,0,0,0,1,615,45
P010,fast_moving,28,B737,BASE_HYD,01-07-2018,6,6,8,2,0,611,30
P010,fast_moving,28,B737,BASE_HYD,01-08-2018,18,11,11,0,1,623,15
P010,fast_moving,28,B737,BASE_HYD,01-09-2018,6,6,11,5,0,532,45
P010,fast_moving,28,B737,BASE_HYD,01-10-2018,6,5,5,0,1,542,45
P010,fast_moving,28,B737,BASE_HYD,01-11-2018,8,8,9,1,0,542,60
P010,fast_moving,28,B737,BASE_HYD,01-12-2018,12,1,1,0,1,614,60
P010,fast_moving,28,B737,BASE_HYD,01-01-2019,9,9,11,2,0,535,30
P010,fast_moving,28,B737,BASE_HYD,01-02-2019,6,6,11,5,0,532,60
P010,fast_moving,28,B737,BASE_HYD,01-03-2019,10,5,5,0,1,537,45
P010,fast_moving,28,B737,BASE_HYD,01-04-2019,8,8,10,2,0,533,45
P010,fast_moving,28,B737,BASE_HYD,01-05-2019,18,2,2,0,1,532,45
P010,fast_moving,28,B737,BASE_HYD,01-06-2019,11,11,12,1,0,615,60
P010,fast_moving,28,B737,BASE_HYD,01-07-2019,4,1,1,0,1,605,45
P010,fast_moving,28,B737,BASE_HYD,01-08-2019,9,7,7,0,1,614,30
P010,fast_moving,28,B737,BASE_HYD,01-09-2019,6,6,7,1,0,538,30
P010,fast_moving,28,B737,BASE_HYD,01-10-2019,13,12,12,0,1,535,60
P010,fast_moving,28,B737,BASE_HYD,01-11-2019,7,0,0,0,1,539,15
P010,fast_moving,28,B737,BASE_HYD,01-12-2019,7,7,8,1,0,612,30
P010,fast_moving,28,B737,BASE_HYD,01-01-2020,12,9,9,0,1,530,30
P010,fast_moving,28,B737,BASE_HYD,01-02-2020,4,4,11,7,0,527,30
P010,fast_moving,28,B737,BASE_HYD,01-03-2020,8,8,15,7,0,531,15
P010,fast_moving,28,B737,BASE_HYD,01-04-2020,6,6,18,12,0,543,15
P010,fast_moving,28,B737,BASE_HYD,01-05-2020,8,8,12,4,0,534,15
P010,fast_moving,28,B737,BASE_HYD,01-06-2020,8,8,15,7,0,609,15
P010,fast_moving,28,B737,BASE_HYD,01-07-2020,9,9,17,8,0,607,15
P010,fast_moving,28,B737,BASE_HYD,01-08-2020,7,7,20,13,0,603,45
P010,fast_moving,28,B737,BASE_HYD,01-09-2020,6,6,13,7,0,528,60
P010,fast_moving,28,B737,BASE_HYD,01-10-2020,12,7,7,0,1,537,30
P010,fast_moving,28,B737,BASE_HYD,01-11-2020,7,7,10,3,0,531,60
P010,fast_moving,28,B737,BASE_HYD,01-12-2020,12,3,3,0,1,607,15
P010,fast_moving,28,B737,BASE_HYD,01-01-2021,4,4,11,7,0,527,45
P010,fast_moving,28,B737,BASE_HYD,01-02-2021,9,7,7,0,1,535,30
P010,fast_moving,28,B737,BASE_HYD,01-03-2021,4,4,10,6,0,531,30
P010,fast_moving,28,B737,BASE_HYD,01-04-2021,12,12,18,6,0,528,15
P010,fast_moving,28,B737,BASE_HYD,01-05-2021,8,8,18,10,0,530,45
P010,fast_moving,28,B737,BASE_HYD,01-06-2021,8,8,10,2,0,624,15
P010,fast_moving,28,B737,BASE_HYD,01-07-2021,16,10,10,0,1,618,60
P010,fast_moving,28,B737,BASE_HYD,01-08-2021,10,0,0,0,1,620,15
P010,fast_moving,28,B737,BASE_HYD,01-09-2021,8,8,11,3,0,522,15
P010,fast_moving,28,B737,BASE_HYD,01-10-2021,5,5,15,10,0,530,15
P010,fast_moving,28,B737,BASE_HYD,01-11-2021,2,2,10,8,0,528,45
P010,fast_moving,28,B737,BASE_HYD,01-12-2021,13,8,8,0,1,614,15
P010,fast_moving,28,B737,BASE_HYD,01-01-2022,4,4,12,8,0,535,15
P010,fast_moving,28,B737,BASE_HYD,01-02-2022,9,9,19,10,0,531,60
P010,fast_moving,28,B737,BASE_HYD,01-03-2022,9,9,10,1,0,525,45
P010,fast_moving,28,B737,BASE_HYD,01-04-2022,10,1,1,0,1,526,15
P010,fast_moving,28,B737,BASE_HYD,01-05-2022,9,8,8,0,1,533,60
P010,fast_moving,28,B737,BASE_HYD,01-06-2022,11,0,0,0,1,613,60
P010,fast_moving,28,B737,BASE_HYD,01-07-2022,7,7,11,4,0,610,60
P010,fast_moving,28,B737,BASE_HYD,01-08-2022,8,4,4,0,1,610,30
P010,fast_moving,28,B737,BASE_HYD,01-09-2022,8,8,9,1,0,530,30
P010,fast_moving,28,B737,BASE_HYD,01-10-2022,4,4,12,8,0,531,15
P010,fast_moving,28,B737,BASE_HYD,01-11-2022,10,10,15,5,0,533,60
P010,fast_moving,28,B737,BASE_HYD,01-12-2022,8,5,5,0,1,613,15
P010,fast_moving,28,B737,BASE_HYD,01-01-2023,6,6,8,2,0,528,45
P010,fast_moving,28,B737,BASE_HYD,01-02-2023,5,2,2,0,1,528,15
P010,fast_moving,28,B737,BASE_HYD,01-03-2023,6,6,9,3,0,527,30
P010,fast_moving,28,B737,BASE_HYD,01-04-2023,3,3,12,9,0,524,45
P010,fast_moving,28,B737,BASE_HYD,01-05-2023,6,6,9,3,0,524,60
P010,fast_moving,28,B737,BASE_HYD,01-06-2023,9,3,3,0,1,610,60
P010,fast_moving,28,B737,BASE_HYD,01-07-2023,7,7,12,5,0,603,30
P010,fast_moving,28,B737,BASE_HYD,01-08-2023,0,0,15,15,0,612,15
P010,fast_moving,28,B737,BASE_HYD,01-09-2023,12,12,15,3,0,528,45
P010,fast_moving,28,B737,BASE_HYD,01-10-2023,7,3,3,0,1,532,60
P010,fast_moving,28,B737,BASE_HYD,01-11-2023,8,8,11,3,0,531,15
P010,fast_moving,28,B737,BASE_HYD,01-12-2023,10,10,15,5,0,612,45
P010,fast_moving,28,B737,LINE_DEL,01-01-2018,7,7,25,18,0,532,60
P010,fast_moving,28,B737,LINE_DEL,01-02-2018,6,6,18,12,0,535,30
P010,fast_moving,28,B737,LINE_DEL,01-03-2018,6,6,12,6,0,532,15
P010,fast_moving,28,B737,LINE_DEL,01-04-2018,6,6,13,7,0,542,15
P010,fast_moving,28,B737,LINE_DEL,01-05-2018,6,6,16,10,0,533,45
P010,fast_moving,28,B737,LINE_DEL,01-06-2018,8,8,10,2,0,615,30
P010,fast_moving,28,B737,LINE_DEL,01-07-2018,9,9,10,1,0,611,45
P010,fast_moving,28,B737,LINE_DEL,01-08-2018,5,1,1,0,1,623,15
P010,fast_moving,28,B737,LINE_DEL,01-09-2018,0,0,12,12,0,532,45
P010,fast_moving,28,B737,LINE_DEL,01-10-2018,7,7,12,5,0,542,45
P010,fast_moving,28,B737,LINE_DEL,01-11-2018,7,5,5,0,1,542,15
P010,fast_moving,28,B737,LINE_DEL,01-12-2018,8,8,11,3,0,614,45
P010,fast_moving,28,B737,LINE_DEL,01-01-2019,4,3,3,0,1,535,45
P010,fast_moving,28,B737,LINE_DEL,01-02-2019,9,9,11,2,0,532,60
P010,fast_moving,28,B737,LINE_DEL,01-03-2019,5,2,2,0,1,537,60
P010,fast_moving,28,B737,LINE_DEL,01-04-2019,11,11,11,0,0,533,45
P010,fast_moving,28,B737,LINE_DEL,01-05-2019,11,0,0,0,1,532,60
P010,fast_moving,28,B737,LINE_DEL,01-06-2019,11,9,9,0,1,615,45
P010,fast_moving,28,B737,LINE_DEL,01-07-2019,4,0,0,0,1,605,45
P010,fast_moving,28,B737,LINE_DEL,01-08-2019,9,9,10,1,0,614,30
P010,fast_moving,28,B737,LINE_DEL,01-09-2019,11,11,11,0,0,538,30
P010,fast_moving,28,B737,LINE_DEL,01-10-2019,12,7,7,0,1,535,30
P010,fast_moving,28,B737,LINE_DEL,01-11-2019,8,8,12,4,0,539,30
P010,fast_moving,28,B737,LINE_DEL,01-12-2019,11,11,15,4,0,612,30
P010,fast_moving,28,B737,LINE_DEL,01-01-2020,11,11,12,1,0,530,30
P010,fast_moving,28,B737,LINE_DEL,01-02-2020,5,5,13,8,0,527,15
P010,fast_moving,28,B737,LINE_DEL,01-03-2020,11,11,19,8,0,531,60
P010,fast_moving,28,B737,LINE_DEL,01-04-2020,8,8,8,0,0,543,60
P010,fast_moving,28,B737,LINE_DEL,01-05-2020,12,8,8,0,1,534,45
P010,fast_moving,28,B737,LINE_DEL,01-06-2020,8,0,0,0,1,609,15
P010,fast_moving,28,B737,LINE_DEL,01-07-2020,15,9,9,0,1,607,60
P010,fast_moving,28,B737,LINE_DEL,01-08-2020,7,0,0,0,1,603,60
P010,fast_moving,28,B737,LINE_DEL,01-09-2020,5,5,8,3,0,528,45
P010,fast_moving,28,B737,LINE_DEL,01-10-2020,4,3,3,0,1,537,30
P010,fast_moving,28,B737,LINE_DEL,01-11-2020,8,8,12,4,0,531,15
P010,fast_moving,28,B737,LINE_DEL,01-12-2020,8,8,14,6,0,607,30
P010,fast_moving,28,B737,LINE_DEL,01-01-2021,11,11,16,5,0,527,30
P010,fast_moving,28,B737,LINE_DEL,01-02-2021,9,9,13,4,0,535,45
P010,fast_moving,28,B737,LINE_DEL,01-03-2021,13,4,4,0,1,531,45
P010,fast_moving,28,B737,LINE_DEL,01-04-2021,9,9,10,1,0,528,45
P010,fast_moving,28,B737,LINE_DEL,01-05-2021,7,1,1,0,1,530,30
P010,fast_moving,28,B737,LINE_DEL,01-06-2021,8,8,11,3,0,624,60
P010,fast_moving,28,B737,LINE_DEL,01-07-2021,12,3,3,0,1,618,60
P010,fast_moving,28,B737,LINE_DEL,01-08-2021,7,7,8,1,0,620,60
P010,fast_moving,28,B737,LINE_DEL,01-09-2021,6,1,1,0,1,522,15
P010,fast_moving,28,B737,LINE_DEL,01-10-2021,5,5,10,5,0,530,60
P010,fast_moving,28,B737,LINE_DEL,01-11-2021,5,5,5,0,0,528,60
P010,fast_moving,28,B737,LINE_DEL,01-12-2021,8,8,10,2,0,614,15
P010,fast_moving,28,B737,LINE_DEL,01-01-2022,7,7,11,4,0,535,30
P010,fast_moving,28,B737,LINE_DEL,01-02-2022,7,7,15,8,0,531,30
P010,fast_moving,28,B737,LINE_DEL,01-03-2022,0,0,15,15,0,525,45
P010,fast_moving,28,B737,LINE_DEL,01-04-2022,2,2,15,13,0,526,15
P010,fast_moving,28,B737,LINE_DEL,01-05-2022,8,8,13,5,0,533,30
P010,fast_moving,28,B737,LINE_DEL,01-06-2022,12,12,17,5,0,613,30
P010,fast_moving,28,B737,LINE_DEL,01-07-2022,12,12,14,2,0,610,15
P010,fast_moving,28,B737,LINE_DEL,01-08-2022,10,10,11,1,0,610,60
P010,fast_moving,28,B737,LINE_DEL,01-09-2022,11,1,1,0,1,530,60
P010,fast_moving,28,B737,LINE_DEL,01-10-2022,7,7,12,5,0,531,30
P010,fast_moving,28,B737,LINE_DEL,01-11-2022,9,9,12,3,0,533,15
P010,fast_moving,28,B737,LINE_DEL,01-12-2022,10,10,11,1,0,613,15
P010,fast_moving,28,B737,LINE_DEL,01-01-2023,8,8,12,4,0,528,45
P010,fast_moving,28,B737,LINE_DEL,01-02-2023,5,4,4,0,1,528,15
P010,fast_moving,28,B737,LINE_DEL,01-03-2023,0,0,11,11,0,527,45
P010,fast_moving,28,B737,LINE_DEL,01-04-2023,12,11,11,0,1,524,15
P010,fast_moving,28,B737,LINE_DEL,01-05-2023,12,11,11,0,1,524,60
P010,fast_moving,28,B737,LINE_DEL,01-06-2023,5,0,0,0,1,610,30
P010,fast_moving,28,B737,LINE_DEL,01-07-2023,6,6,8,2,0,603,30
P010,fast_moving,28,B737,LINE_DEL,01-08-2023,9,9,12,3,0,612,45
P010,fast_moving,28,B737,LINE_DEL,01-09-2023,6,3,3,0,1,528,30
P010,fast_moving,28,B737,LINE_DEL,01-10-2023,13,7,7,0,1,532,45
P010,fast_moving,28,B737,LINE_DEL,01-11-2023,10,0,0,0,1,531,45
P010,fast_moving,28,B737,LINE_DEL,01-12-2023,6,6,10,4,0,612,45
P010,fast_moving,28,B737,MRO_BLR,01-01-2018,4,4,26,22,0,532,30
P010,fast_moving,28,B737,MRO_BLR,01-02-2018,9,9,22,13,0,535,15
P010,fast_moving,28,B737,MRO_BLR,01-03-2018,6,6,13,7,0,532,45
P010,fast_moving,28,B737,MRO_BLR,01-04-2018,8,7,7,0,1,542,60
P010,fast_moving,28,B737,MRO_BLR,01-05-2018,8,8,8,0,0,533,60
P010,fast_moving,28,B737,MRO_BLR,01-06-2018,0,0,0,0,0,615,45
P010,fast_moving,28,B737,MRO_BLR,01-07-2018,15,11,11,0,1,611,30
P010,fast_moving,28,B737,MRO_BLR,01-08-2018,8,7,7,0,1,623,15
P010,fast_moving,28,B737,MRO_BLR,01-09-2018,0,0,9,9,0,532,30
P010,fast_moving,28,B737,MRO_BLR,01-10-2018,6,6,9,3,0,542,60
P010,fast_moving,28,B737,MRO_BLR,01-11-2018,8,3,3,0,1,542,15
P010,fast_moving,28,B737,MRO_BLR,01-12-2018,5,5,8,3,0,614,60
P010,fast_moving,28,B737,MRO_BLR,01-01-2019,6,3,3,0,1,535,30
P010,fast_moving,28,B737,MRO_BLR,01-02-2019,7,7,12,5,0,532,15
P010,fast_moving,28,B737,MRO_BLR,01-03-2019,0,0,12,12,0,537,45
P010,fast_moving,28,B737,MRO_BLR,01-04-2019,8,8,12,4,0,533,60
P010,fast_moving,28,B737,MRO_BLR,01-05-2019,9,4,4,0,1,532,15
P010,fast_moving,28,B737,MRO_BLR,01-06-2019,7,7,9,2,0,615,30
P010,fast_moving,28,B737,MRO_BLR,01-07-2019,14,9,9,0,1,605,30
P010,fast_moving,28,B737,MRO_BLR,01-08-2019,9,9,9,0,0,614,45
P010,fast_moving,28,B737,MRO_BLR,01-09-2019,11,0,0,0,1,538,30
P010,fast_moving,28,B737,MRO_BLR,01-10-2019,6,6,7,1,0,535,15
P010,fast_moving,28,B737,MRO_BLR,01-11-2019,6,6,10,4,0,539,60
P010,fast_moving,28,B737,MRO_BLR,01-12-2019,7,4,4,0,1,612,60
P010,fast_moving,28,B737,MRO_BLR,01-01-2020,4,4,11,7,0,530,15
P010,fast_moving,28,B737,MRO_BLR,01-02-2020,7,7,18,11,0,527,60
P010,fast_moving,28,B737,MRO_BLR,01-03-2020,10,10,11,1,0,531,45
P010,fast_moving,28,B737,MRO_BLR,01-04-2020,5,1,1,0,1,543,15
P010,fast_moving,28,B737,MRO_BLR,01-05-2020,8,8,11,3,0,534,45
P010,fast_moving,28,B737,MRO_BLR,01-06-2020,7,3,3,0,1,609,15
P010,fast_moving,28,B737,MRO_BLR,01-07-2020,7,7,12,5,0,607,30
P010,fast_moving,28,B737,MRO_BLR,01-08-2020,11,11,14,3,0,603,15
P010,fast_moving,28,B737,MRO_BLR,01-09-2020,9,9,10,1,0,528,30
P010,fast_moving,28,B737,MRO_BLR,01-10-2020,5,5,8,3,0,537,45
P010,fast_moving,28,B737,MRO_BLR,01-11-2020,12,3,3,0,1,531,15
P010,fast_moving,28,B737,MRO_BLR,01-12-2020,9,7,7,0,1,607,45
P010,fast_moving,28,B737,MRO_BLR,01-01-2021,8,0,0,0,1,527,30
P010,fast_moving,28,B737,MRO_BLR,01-02-2021,16,8,8,0,1,535,30
P010,fast_moving,28,B737,MRO_BLR,01-03-2021,10,9,9,0,1,531,30
P010,fast_moving,28,B737,MRO_BLR,01-04-2021,8,7,7,0,1,528,15
P010,fast_moving,28,B737,MRO_BLR,01-05-2021,9,9,9,0,0,530,45
P010,fast_moving,28,B737,MRO_BLR,01-06-2021,7,0,0,0,1,624,15
P010,fast_moving,28,B737,MRO_BLR,01-07-2021,8,8,11,3,0,618,15
P010,fast_moving,28,B737,MRO_BLR,01-08-2021,11,11,13,2,0,620,60
P010,fast_moving,28,B737,MRO_BLR,01-09-2021,5,2,2,0,1,522,15
P010,fast_moving,28,B737,MRO_BLR,01-10-2021,8,8,8,0,0,530,30
P010,fast_moving,28,B737,MRO_BLR,01-11-2021,8,8,10,2,0,528,45
P010,fast_moving,28,B737,MRO_BLR,01-12-2021,6,2,2,0,1,614,45
P010,fast_moving,28,B737,MRO_BLR,01-01-2022,0,0,7,7,0,535,30
P010,fast_moving,28,B737,MRO_BLR,01-02-2022,9,9,14,5,0,531,60
P010,fast_moving,28,B737,MRO_BLR,01-03-2022,6,5,5,0,1,525,30
P010,fast_moving,28,B737,MRO_BLR,01-04-2022,9,9,10,1,0,526,60
P010,fast_moving,28,B737,MRO_BLR,01-05-2022,6,1,1,0,1,533,15
P010,fast_moving,28,B737,MRO_BLR,01-06-2022,6,6,11,5,0,613,60
P010,fast_moving,28,B737,MRO_BLR,01-07-2022,10,5,5,0,1,610,30
P010,fast_moving,28,B737,MRO_BLR,01-08-2022,7,7,10,3,0,610,30
P010,fast_moving,28,B737,MRO_BLR,01-09-2022,0,0,11,11,0,530,60
P010,fast_moving,28,B737,MRO_BLR,01-10-2022,4,4,11,7,0,531,30
P010,fast_moving,28,B737,MRO_BLR,01-11-2022,6,6,16,10,0,533,15
P010,fast_moving,28,B737,MRO_BLR,01-12-2022,8,8,10,2,0,613,60
P010,fast_moving,28,B737,MRO_BLR,01-01-2023,7,2,2,0,1,528,45
P010,fast_moving,28,B737,MRO_BLR,01-02-2023,10,8,8,0,1,528,30
P010,fast_moving,28,B737,MRO_BLR,01-03-2023,8,8,10,2,0,527,45
P010,fast_moving,28,B737,MRO_BLR,01-04-2023,8,2,2,0,1,524,30
P010,fast_moving,28,B737,MRO_BLR,01-05-2023,6,6,8,2,0,524,45
P010,fast_moving,28,B737,MRO_BLR,01-06-2023,6,2,2,0,1,610,15
P010,fast_moving,28,B737,MRO_BLR,01-07-2023,10,8,8,0,1,603,15
P010,fast_moving,28,B737,MRO_BLR,01-08-2023,0,0,9,9,0,612,15
P010,fast_moving,28,B737,MRO_BLR,01-09-2023,5,5,9,4,0,528,30
P010,fast_moving,28,B737,MRO_BLR,01-10-2023,12,12,15,3,0,532,45
P010,fast_moving,28,B737,MRO_BLR,01-11-2023,0,0,3,3,0,531,60
P010,fast_moving,28,B737,MRO_BLR,01-12-2023,13,13,15,2,0,612,30
P011,fast_moving,24,A321,BASE_HYD,01-01-2018,12,12,24,12,0,427,15
P011,fast_moving,24,A321,BASE_HYD,01-02-2018,7,7,12,5,0,420,60
P011,fast_moving,24,A321,BASE_HYD,01-03-2018,7,5,5,0,1,417,60
P011,fast_moving,24,A321,BASE_HYD,01-04-2018,8,8,12,4,0,424,15
P011,fast_moving,24,A321,BASE_HYD,01-05-2018,8,8,16,8,0,413,15
P011,fast_moving,24,A321,BASE_HYD,01-06-2018,9,9,15,6,0,484,45
P011,fast_moving,24,A321,BASE_HYD,01-07-2018,10,6,6,0,1,483,15
P011,fast_moving,24,A321,BASE_HYD,01-08-2018,8,8,11,3,0,489,30
P011,fast_moving,24,A321,BASE_HYD,01-09-2018,2,2,12,10,0,426,45
P011,fast_moving,24,A321,BASE_HYD,01-10-2018,5,5,10,5,0,416,45
P011,fast_moving,24,A321,BASE_HYD,01-11-2018,7,5,5,0,1,421,15
P011,fast_moving,24,A321,BASE_HYD,01-12-2018,4,4,10,6,0,480,60
P011,fast_moving,24,A321,BASE_HYD,01-01-2019,6,6,6,0,0,418,45
P011,fast_moving,24,A321,BASE_HYD,01-02-2019,5,5,10,5,0,421,30
P011,fast_moving,24,A321,BASE_HYD,01-03-2019,7,7,13,6,0,417,45
P011,fast_moving,24,A321,BASE_HYD,01-04-2019,6,6,6,0,0,420,15
P011,fast_moving,24,A321,BASE_HYD,01-05-2019,6,6,8,2,0,423,45
P011,fast_moving,24,A321,BASE_HYD,01-06-2019,5,2,2,0,1,489,60
P011,fast_moving,24,A321,BASE_HYD,01-07-2019,4,4,9,5,0,483,45
P011,fast_moving,24,A321,BASE_HYD,01-08-2019,5,5,5,0,0,482,15
P011,fast_moving,24,A321,BASE_HYD,01-09-2019,8,8,9,1,0,414,30
P011,fast_moving,24,A321,BASE_HYD,01-10-2019,12,8,8,0,1,425,15
P011,fast_moving,24,A321,BASE_HYD,01-11-2019,8,8,8,0,0,421,45
P011,fast_moving,24,A321,BASE_HYD,01-12-2019,8,0,0,0,1,482,15
P011,fast_moving,24,A321,BASE_HYD,01-01-2020,14,7,7,0,1,418,15
P011,fast_moving,24,A321,BASE_HYD,01-02-2020,11,11,12,1,0,419,60
P011,fast_moving,24,A321,BASE_HYD,01-03-2020,10,1,1,0,1,421,30
P011,fast_moving,24,A321,BASE_HYD,01-04-2020,4,4,8,4,0,421,30
P011,fast_moving,24,A321,BASE_HYD,01-05-2020,5,5,14,9,0,424,45
P011,fast_moving,24,A321,BASE_HYD,01-06-2020,12,9,9,0,1,481,30
P011,fast_moving,24,A321,BASE_HYD,01-07-2020,9,9,10,1,0,489,15
P011,fast_moving,24,A321,BASE_HYD,01-08-2020,14,11,11,0,1,485,60
P011,fast_moving,24,A321,BASE_HYD,01-09-2020,7,0,0,0,1,417,45
P011,fast_moving,24,A321,BASE_HYD,01-10-2020,11,7,7,0,1,411,45
P011,fast_moving,24,A321,BASE_HYD,01-11-2020,9,0,0,0,1,418,60
P011,fast_moving,24,A321,BASE_HYD,01-12-2020,8,8,12,4,0,488,15
P011,fast_moving,24,A321,BASE_HYD,01-01-2021,6,6,11,5,0,413,15
P011,fast_moving,24,A321,BASE_HYD,01-02-2021,7,7,15,8,0,417,45
P011,fast_moving,24,A321,BASE_HYD,01-03-2021,0,0,8,8,0,417,30
P011,fast_moving,24,A321,BASE_HYD,01-04-2021,6,6,18,12,0,420,15
P011,fast_moving,24,A321,BASE_HYD,01-05-2021,4,4,12,8,0,415,15
P011,fast_moving,24,A321,BASE_HYD,01-06-2021,10,10,17,7,0,474,30
P011,fast_moving,24,A321,BASE_HYD,01-07-2021,9,9,15,6,0,481,15
P011,fast_moving,24,A321,BASE_HYD,01-08-2021,12,12,14,2,0,475,60
P011,fast_moving,24,A321,BASE_HYD,01-09-2021,3,2,2,0,1,409,60
P011,fast_moving,24,A321,BASE_HYD,01-10-2021,6,6,8,2,0,424,15
P011,fast_moving,24,A321,BASE_HYD,01-11-2021,6,6,12,6,0,420,15
P011,fast_moving,24,A321,BASE_HYD,01-12-2021,5,5,15,10,0,488,60
P011,fast_moving,24,A321,BASE_HYD,01-01-2022,10,10,10,0,0,419,60
P011,fast_moving,24,A321,BASE_HYD,01-02-2022,6,0,0,0,1,418,45
P011,fast_moving,24,A321,BASE_HYD,01-03-2022,6,6,10,4,0,416,45
P011,fast_moving,24,A321,BASE_HYD,01-04-2022,8,4,4,0,1,414,45
P011,fast_moving,24,A321,BASE_HYD,01-05-2022,9,9,11,2,0,417,45
P011,fast_moving,24,A321,BASE_HYD,01-06-2022,11,2,2,0,1,475,60
P011,fast_moving,24,A321,BASE_HYD,01-07-2022,7,7,7,0,0,472,45
P011,fast_moving,24,A321,BASE_HYD,01-08-2022,7,0,0,0,1,476,15
P011,fast_moving,24,A321,BASE_HYD,01-09-2022,2,2,8,6,0,420,45
P011,fast_moving,24,A321,BASE_HYD,01-10-2022,8,6,6,0,1,410,60
P011,fast_moving,24,A321,BASE_HYD,01-11-2022,9,9,11,2,0,410,60
P011,fast_moving,24,A321,BASE_HYD,01-12-2022,11,2,2,0,1,480,45
P011,fast_moving,24,A321,BASE_HYD,01-01-2023,7,7,12,5,0,412,60
P011,fast_moving,24,A321,BASE_HYD,01-02-2023,8,5,5,0,1,416,30
P011,fast_moving,24,A321,BASE_HYD,01-03-2023,9,7,7,0,1,418,30
P011,fast_moving,24,A321,BASE_HYD,01-04-2023,6,6,11,5,0,416,30
P011,fast_moving,24,A321,BASE_HYD,01-05-2023,8,8,13,5,0,411,60
P011,fast_moving,24,A321,BASE_HYD,01-06-2023,0,0,5,5,0,482,45
P011,fast_moving,24,A321,BASE_HYD,01-07-2023,13,13,15,2,0,479,15
P011,fast_moving,24,A321,BASE_HYD,01-08-2023,9,9,12,3,0,476,30
P011,fast_moving,24,A321,BASE_HYD,01-09-2023,10,10,13,3,0,414,60
P011,fast_moving,24,A321,BASE_HYD,01-10-2023,9,3,3,0,1,415,60
P011,fast_moving,24,A321,BASE_HYD,01-11-2023,9,8,8,0,1,412,45
P011,fast_moving,24,A321,BASE_HYD,01-12-2023,7,0,0,0,1,468,60
P011,fast_moving,24,A321,LINE_DEL,01-01-2018,4,4,17,13,0,427,30
P011,fast_moving,24,A321,LINE_DEL,01-02-2018,5,5,13,8,0,420,30
P011,fast_moving,24,A321,LINE_DEL,01-03-2018,15,15,17,2,0,417,45
P011,fast_moving,24,A321,LINE_DEL,01-04-2018,3,2,2,0,1,424,60
P011,fast_moving,24,A321,LINE_DEL,01-05-2018,11,9,9,0,1,413,30
P011,fast_moving,24,A321,LINE_DEL,01-06-2018,8,8,12,4,0,484,60
P011,fast_moving,24,A321,LINE_DEL,01-07-2018,8,4,4,0,1,483,60
P011,fast_moving,24,A321,LINE_DEL,01-08-2018,19,9,9,0,1,489,30
P011,fast_moving,24,A321,LINE_DEL,01-09-2018,13,12,12,0,1,426,60
P011,fast_moving,24,A321,LINE_DEL,01-10-2018,9,0,0,0,1,416,30
P011,fast_moving,24,A321,LINE_DEL,01-11-2018,5,5,9,4,0,421,60
P011,fast_moving,24,A321,LINE_DEL,01-12-2018,9,4,4,0,1,480,45
P011,fast_moving,24,A321,LINE_DEL,01-01-2019,5,5,10,5,0,418,45
P011,fast_moving,24,A321,LINE_DEL,01-02-2019,5,5,5,0,0,421,15
P011,fast_moving,24,A321,LINE_DEL,01-03-2019,7,7,7,0,0,417,60
P011,fast_moving,24,A321,LINE_DEL,01-04-2019,0,0,0,0,0,420,60
P011,fast_moving,24,A321,LINE_DEL,01-05-2019,10,8,8,0,1,423,30
P011,fast_moving,24,A321,LINE_DEL,01-06-2019,7,7,12,5,0,489,45
P011,fast_moving,24,A321,LINE_DEL,01-07-2019,9,5,5,0,1,483,30
P011,fast_moving,24,A321,LINE_DEL,01-08-2019,7,7,7,0,0,482,60
P011,fast_moving,24,A321,LINE_DEL,01-09-2019,9,0,0,0,1,414,15
P011,fast_moving,24,A321,LINE_DEL,01-10-2019,10,8,8,0,1,425,15
P011,fast_moving,24,A321,LINE_DEL,01-11-2019,9,9,10,1,0,421,60
P011,fast_moving,24,A321,LINE_DEL,01-12-2019,9,1,1,0,1,482,60
P011,fast_moving,24,A321,LINE_DEL,01-01-2020,9,9,12,3,0,418,60
P011,fast_moving,24,A321,LINE_DEL,01-02-2020,6,3,3,0,1,419,45
P011,fast_moving,24,A321,LINE_DEL,01-03-2020,6,6,12,6,0,421,60
P011,fast_moving,24,A321,LINE_DEL,01-04-2020,6,6,6,0,0,421,15
P011,fast_moving,24,A321,LINE_DEL,01-05-2020,11,10,10,0,1,424,15
P011,fast_moving,24,A321,LINE_DEL,01-06-2020,10,7,7,0,1,481,30
P011,fast_moving,24,A321,LINE_DEL,01-07-2020,5,5,9,4,0,489,45
P011,fast_moving,24,A321,LINE_DEL,01-08-2020,6,4,4,0,1,485,30
P011,fast_moving,24,A321,LINE_DEL,01-09-2020,4,4,10,6,0,417,45
P011,fast_moving,24,A321,LINE_DEL,01-10-2020,5,5,6,1,0,411,15
P011,fast_moving,24,A321,LINE_DEL,01-11-2020,7,7,13,6,0,418,30
P011,fast_moving,24,A321,LINE_DEL,01-12-2020,7,7,18,11,0,488,60
P011,fast_moving,24,A321,LINE_DEL,01-01-2021,12,11,11,0,1,413,30
P011,fast_moving,24,A321,LINE_DEL,01-02-2021,5,5,10,5,0,417,45
P011,fast_moving,24,A321,LINE_DEL,01-03-2021,4,4,5,1,0,417,60
P011,fast_moving,24,A321,LINE_DEL,01-04-2021,6,6,11,5,0,420,15
P011,fast_moving,24,A321,LINE_DEL,01-05-2021,9,9,15,6,0,415,15
P011,fast_moving,24,A321,LINE_DEL,01-06-2021,6,6,17,11,0,474,45
P011,fast_moving,24,A321,LINE_DEL,01-07-2021,5,5,11,6,0,481,45
P011,fast_moving,24,A321,LINE_DEL,01-08-2021,9,6,6,0,1,475,60
P011,fast_moving,24,A321,LINE_DEL,01-09-2021,12,12,12,0,0,409,60
P011,fast_moving,24,A321,LINE_DEL,01-10-2021,8,0,0,0,1,424,45
P011,fast_moving,24,A321,LINE_DEL,01-11-2021,11,11,11,0,0,420,30
P011,fast_moving,24,A321,LINE_DEL,01-12-2021,10,9,9,0,1,488,30
P011,fast_moving,24,A321,LINE_DEL,01-01-2022,6,6,10,4,0,419,60
P011,fast_moving,24,A321,LINE_DEL,01-02-2022,7,4,4,0,1,418,45
P011,fast_moving,24,A321,LINE_DEL,01-03-2022,1,1,9,8,0,416,30
P011,fast_moving,24,A321,LINE_DEL,01-04-2022,3,3,18,15,0,414,60
P011,fast_moving,24,A321,LINE_DEL,01-05-2022,4,4,15,11,0,417,30
P011,fast_moving,24,A321,LINE_DEL,01-06-2022,9,9,11,2,0,475,30
P011,fast_moving,24,A321,LINE_DEL,01-07-2022,5,5,10,5,0,472,30
P011,fast_moving,24,A321,LINE_DEL,01-08-2022,7,7,14,7,0,476,15
P011,fast_moving,24,A321,LINE_DEL,01-09-2022,8,8,19,11,0,420,60
P011,fast_moving,24,A321,LINE_DEL,01-10-2022,9,9,11,2,0,410,30
P011,fast_moving,24,A321,LINE_DEL,01-11-2022,7,7,14,7,0,410,30
P011,fast_moving,24,A321,LINE_DEL,01-12-2022,4,4,16,12,0,480,15
P011,fast_moving,24,A321,LINE_DEL,01-01-2023,11,11,12,1,0,412,45
P011,fast_moving,24,A321,LINE_DEL,01-02-2023,4,1,1,0,1,416,30
P011,fast_moving,24,A321,LINE_DEL,01-03-2023,11,9,9,0,1,418,30
P011,fast_moving,24,A321,LINE_DEL,01-04-2023,5,5,12,7,0,416,45
P011,fast_moving,24,A321,LINE_DEL,01-05-2023,3,3,7,4,0,411,15
P011,fast_moving,24,A321,LINE_DEL,01-06-2023,9,9,11,2,0,482,15
P011,fast_moving,24,A321,LINE_DEL,01-07-2023,2,2,10,8,0,479,45
P011,fast_moving,24,A321,LINE_DEL,01-08-2023,6,6,8,2,0,476,15
P011,fast_moving,24,A321,LINE_DEL,01-09-2023,7,7,9,2,0,414,15
P011,fast_moving,24,A321,LINE_DEL,01-10-2023,8,8,12,4,0,415,60
P011,fast_moving,24,A321,LINE_DEL,01-11-2023,8,4,4,0,1,412,60
P011,fast_moving,24,A321,LINE_DEL,01-12-2023,10,10,10,0,0,468,45
P011,fast_moving,24,A321,MRO_BLR,01-01-2018,7,7,21,14,0,427,30
P011,fast_moving,24,A321,MRO_BLR,01-02-2018,5,5,14,9,0,420,30
P011,fast_moving,24,A321,MRO_BLR,01-03-2018,5,5,9,4,0,417,60
P011,fast_moving,24,A321,MRO_BLR,01-04-2018,5,4,4,0,1,424,45
P011,fast_moving,24,A321,MRO_BLR,01-05-2018,7,7,7,0,0,413,60
P011,fast_moving,24,A321,MRO_BLR,01-06-2018,11,0,0,0,1,484,60
P011,fast_moving,24,A321,MRO_BLR,01-07-2018,5,5,12,7,0,483,30
P011,fast_moving,24,A321,MRO_BLR,01-08-2018,10,10,17,7,0,489,45
P011,fast_moving,24,A321,MRO_BLR,01-09-2018,9,7,7,0,1,426,60
P011,fast_moving,24,A321,MRO_BLR,01-10-2018,10,10,12,2,0,416,30
P011,fast_moving,24,A321,MRO_BLR,01-11-2018,4,4,9,5,0,421,30
P011,fast_moving,24,A321,MRO_BLR,01-12-2018,19,13,13,0,1,480,30
P011,fast_moving,24,A321,MRO_BLR,01-01-2019,9,9,12,3,0,418,15
P011,fast_moving,24,A321,MRO_BLR,01-02-2019,4,4,12,8,0,421,30
P011,fast_moving,24,A321,MRO_BLR,01-03-2019,10,10,16,6,0,417,15
P011,fast_moving,24,A321,MRO_BLR,01-04-2019,4,4,18,14,0,420,45
P011,fast_moving,24,A321,MRO_BLR,01-05-2019,7,7,14,7,0,423,15
P011,fast_moving,24,A321,MRO_BLR,01-06-2019,13,13,17,4,0,489,45
P011,fast_moving,24,A321,MRO_BLR,01-07-2019,7,4,4,0,1,483,60
P011,fast_moving,24,A321,MRO_BLR,01-08-2019,10,9,9,0,1,482,60
P011,fast_moving,24,A321,MRO_BLR,01-09-2019,8,0,0,0,1,414,45
P011,fast_moving,24,A321,MRO_BLR,01-10-2019,8,8,11,3,0,425,30
P011,fast_moving,24,A321,MRO_BLR,01-11-2019,12,11,11,0,1,421,15
P011,fast_moving,24,A321,MRO_BLR,01-12-2019,19,12,12,0,1,482,60
P011,fast_moving,24,A321,MRO_BLR,01-01-2020,8,0,0,0,1,418,60
P011,fast_moving,24,A321,MRO_BLR,01-02-2020,8,8,8,0,0,419,15
P011,fast_moving,24,A321,MRO_BLR,01-03-2020,4,4,8,4,0,421,15
P011,fast_moving,24,A321,MRO_BLR,01-04-2020,6,6,13,7,0,421,30
P011,fast_moving,24,A321,MRO_BLR,01-05-2020,4,4,17,13,0,424,30
P011,fast_moving,24,A321,MRO_BLR,01-06-2020,5,5,13,8,0,481,15
P011,fast_moving,24,A321,MRO_BLR,01-07-2020,10,10,15,5,0,489,60
P011,fast_moving,24,A321,MRO_BLR,01-08-2020,5,5,5,0,0,485,60
P011,fast_moving,24,A321,MRO_BLR,01-09-2020,0,0,10,10,0,417,15
P011,fast_moving,24,A321,MRO_BLR,01-10-2020,7,7,10,3,0,411,30
P011,fast_moving,24,A321,MRO_BLR,01-11-2020,0,0,10,10,0,418,60
P011,fast_moving,24,A321,MRO_BLR,01-12-2020,13,10,10,0,1,488,15
P011,fast_moving,24,A321,MRO_BLR,01-01-2021,8,8,11,3,0,413,15
P011,fast_moving,24,A321,MRO_BLR,01-02-2021,6,6,14,8,0,417,30
P011,fast_moving,24,A321,MRO_BLR,01-03-2021,3,3,20,17,0,417,15
P011,fast_moving,24,A321,MRO_BLR,01-04-2021,8,8,17,9,0,420,30
P011,fast_moving,24,A321,MRO_BLR,01-05-2021,6,6,9,3,0,415,45
P011,fast_moving,24,A321,MRO_BLR,01-06-2021,7,3,3,0,1,474,45
P011,fast_moving,24,A321,MRO_BLR,01-07-2021,5,5,12,7,0,481,15
P011,fast_moving,24,A321,MRO_BLR,01-08-2021,7,7,17,10,0,475,30
P011,fast_moving,24,A321,MRO_BLR,01-09-2021,9,9,10,1,0,409,60
P011,fast_moving,24,A321,MRO_BLR,01-10-2021,7,1,1,0,1,424,60
P011,fast_moving,24,A321,MRO_BLR,01-11-2021,12,10,10,0,1,420,15
P011,fast_moving,24,A321,MRO_BLR,01-12-2021,9,9,10,1,0,488,45
P011,fast_moving,24,A321,MRO_BLR,01-01-2022,4,1,1,0,1,419,30
P011,fast_moving,24,A321,MRO_BLR,01-02-2022,7,7,9,2,0,418,45
P011,fast_moving,24,A321,MRO_BLR,01-03-2022,5,2,2,0,1,416,30
P011,fast_moving,24,A321,MRO_BLR,01-04-2022,10,9,9,0,1,414,45
P011,fast_moving,24,A321,MRO_BLR,01-05-2022,4,0,0,0,1,417,15
P011,fast_moving,24,A321,MRO_BLR,01-06-2022,12,11,11,0,1,475,60
P011,fast_moving,24,A321,MRO_BLR,01-07-2022,8,0,0,0,1,472,15
P011,fast_moving,24,A321,MRO_BLR,01-08-2022,15,8,8,0,1,476,15
P011,fast_moving,24,A321,MRO_BLR,01-09-2022,4,4,7,3,0,420,60
P011,fast_moving,24,A321,MRO_BLR,01-10-2022,9,3,3,0,1,410,60
P011,fast_moving,24,A321,MRO_BLR,01-11-2022,9,8,8,0,1,410,15
P011,fast_moving,24,A321,MRO_BLR,01-12-2022,8,8,10,2,0,480,30
P011,fast_moving,24,A321,MRO_BLR,01-01-2023,7,7,12,5,0,412,60
P011,fast_moving,24,A321,MRO_BLR,01-02-2023,6,5,5,0,1,416,45
P011,fast_moving,24,A321,MRO_BLR,01-03-2023,4,4,10,6,0,418,30
P011,fast_moving,24,A321,MRO_BLR,01-04-2023,9,9,13,4,0,416,15
P011,fast_moving,24,A321,MRO_BLR,01-05-2023,7,7,12,5,0,411,45
P011,fast_moving,24,A321,MRO_BLR,01-06-2023,11,5,5,0,1,482,30
P011,fast_moving,24,A321,MRO_BLR,01-07-2023,13,7,7,0,1,479,45
P011,fast_moving,24,A321,MRO_BLR,01-08-2023,10,0,0,0,1,476,60
P011,fast_moving,24,A321,MRO_BLR,01-09-2023,8,8,12,4,0,414,15
P011,fast_moving,24,A321,MRO_BLR,01-10-2023,12,11,11,0,1,415,45
P011,fast_moving,24,A321,MRO_BLR,01-11-2023,7,0,0,0,1,412,30
P011,fast_moving,24,A321,MRO_BLR,01-12-2023,6,6,12,6,0,468,60
P012,fast_moving,49,A321,BASE_HYD,01-01-2018,0,0,20,20,0,408,60
P012,fast_moving,49,A321,BASE_HYD,01-02-2018,5,5,20,15,0,408,45
P012,fast_moving,49,A321,BASE_HYD,01-03-2018,12,12,15,3,0,413,45
P012,fast_moving,49,A321,BASE_HYD,01-04-2018,4,3,3,0,1,413,15
P012,fast_moving,49,A321,BASE_HYD,01-05-2018,5,5,9,4,0,411,15
P012,fast_moving,49,A321,BASE_HYD,01-06-2018,6,6,15,9,0,477,45
P012,fast_moving,49,A321,BASE_HYD,01-07-2018,10,9,9,0,1,474,45
P012,fast_moving,49,A321,BASE_HYD,01-08-2018,6,0,0,0,1,482,60
P012,fast_moving,49,A321,BASE_HYD,01-09-2018,7,7,7,0,0,411,30
P012,fast_moving,49,A321,BASE_HYD,01-10-2018,8,8,10,2,0,407,30
P012,fast_moving,49,A321,BASE_HYD,01-11-2018,7,7,10,3,0,409,15
P012,fast_moving,49,A321,BASE_HYD,01-12-2018,10,10,14,4,0,475,15
P012,fast_moving,49,A321,BASE_HYD,01-01-2019,3,3,11,8,0,412,30
P012,fast_moving,49,A321,BASE_HYD,01-02-2019,7,7,20,13,0,411,45
P012,fast_moving,49,A321,BASE_HYD,01-03-2019,10,10,13,3,0,406,60
P012,fast_moving,49,A321,BASE_HYD,01-04-2019,3,3,3,0,0,414,60
P012,fast_moving,49,A321,BASE_HYD,01-05-2019,9,8,8,0,1,418,15
P012,fast_moving,49,A321,BASE_HYD,01-06-2019,3,3,7,4,0,471,30
P012,fast_moving,49,A321,BASE_HYD,01-07-2019,6,6,13,7,0,480,30
P012,fast_moving,49,A321,BASE_HYD,01-08-2019,8,8,15,7,0,475,30
P012,fast_moving,49,A321,BASE_HYD,01-09-2019,16,16,16,0,0,419,45
P012,fast_moving,49,A321,BASE_HYD,01-10-2019,5,0,0,0,1,412,15
P012,fast_moving,49,A321,BASE_HYD,01-11-2019,12,9,9,0,1,410,45
P012,fast_moving,49,A321,BASE_HYD,01-12-2019,10,0,0,0,1,475,30
P012,fast_moving,49,A321,BASE_HYD,01-01-2020,8,8,10,2,0,407,15
P012,fast_moving,49,A321,BASE_HYD,01-02-2020,5,5,14,9,0,410,45
P012,fast_moving,49,A321,BASE_HYD,01-03-2020,0,0,9,9,0,414,30
P012,fast_moving,49,A321,BASE_HYD,01-04-2020,11,9,9,0,1,412,45
P012,fast_moving,49,A321,BASE_HYD,01-05-2020,5,0,0,0,1,408,15
P012,fast_moving,49,A321,BASE_HYD,01-06-2020,9,9,9,0,0,471,45
P012,fast_moving,49,A321,BASE_HYD,01-07-2020,15,0,0,0,1,473,30
P012,fast_moving,49,A321,BASE_HYD,01-08-2020,5,5,7,2,0,473,45
P012,fast_moving,49,A321,BASE_HYD,01-09-2020,7,2,2,0,1,412,60
P012,fast_moving,49,A321,BASE_HYD,01-10-2020,4,4,11,7,0,410,45
P012,fast_moving,49,A321,BASE_HYD,01-11-2020,0,0,7,7,0,405,45
P012,fast_moving,49,A321,BASE_HYD,01-12-2020,8,8,15,7,0,467,60
P012,fast_moving,49,A321,BASE_HYD,01-01-2021,0,0,7,7,0,409,45
P012,fast_moving,49,A321,BASE_HYD,01-02-2021,7,7,18,11,0,411,60
P012,fast_moving,49,A321,BASE_HYD,01-03-2021,13,11,11,0,1,410,45
P012,fast_moving,49,A321,BASE_HYD,01-04-2021,10,0,0,0,1,405,45
P012,fast_moving,49,A321,BASE_HYD,01-05-2021,8,8,12,4,0,407,15
P012,fast_moving,49,A321,BASE_HYD,01-06-2021,7,7,12,5,0,463,30
P012,fast_moving,49,A321,BASE_HYD,01-07-2021,6,6,14,8,0,462,60
P012,fast_moving,49,A321,BASE_HYD,01-08-2021,21,8,8,0,1,469,15
P012,fast_moving,49,A321,BASE_HYD,01-09-2021,15,11,11,0,1,413,30
P012,fast_moving,49,A321,BASE_HYD,01-10-2021,6,6,10,4,0,408,60
P012,fast_moving,49,A321,BASE_HYD,01-11-2021,10,4,4,0,1,415,15
P012,fast_moving,49,A321,BASE_HYD,01-12-2021,7,7,10,3,0,468,15
P012,fast_moving,49,A321,BASE_HYD,01-01-2022,7,7,11,4,0,406,30
P012,fast_moving,49,A321,BASE_HYD,01-02-2022,12,11,11,0,1,402,60
P012,fast_moving,49,A321,BASE_HYD,01-03-2022,10,0,0,0,1,405,15
P012,fast_moving,49,A321,BASE_HYD,01-04-2022,4,4,7,3,0,401,15
P012,fast_moving,49,A321,BASE_HYD,01-05-2022,4,4,10,6,0,400,45
P012,fast_moving,49,A321,BASE_HYD,01-06-2022,14,6,6,0,1,462,60
P012,fast_moving,49,A321,BASE_HYD,01-07-2022,14,11,11,0,1,467,60
P012,fast_moving,49,A321,BASE_HYD,01-08-2022,9,0,0,0,1,464,45
P012,fast_moving,49,A321,BASE_HYD,01-09-2022,9,9,11,2,0,404,30
P012,fast_moving,49,A321,BASE_HYD,01-10-2022,13,11,11,0,1,408,60
P012,fast_moving,49,A321,BASE_HYD,01-11-2022,6,0,0,0,1,400,60
P012,fast_moving,49,A321,BASE_HYD,01-12-2022,6,6,7,1,0,467,60
P012,fast_moving,49,A321,BASE_HYD,01-01-2023,5,1,1,0,1,408,15
P012,fast_moving,49,A321,BASE_HYD,01-02-2023,8,7,7,0,1,409,30
P012,fast_moving,49,A321,BASE_HYD,01-03-2023,8,8,12,4,0,407,30
P012,fast_moving,49,A321,BASE_HYD,01-04-2023,7,7,15,8,0,405,45
P012,fast_moving,49,A321,BASE_HYD,01-05-2023,10,8,8,0,1,402,45
P012,fast_moving,49,A321,BASE_HYD,01-06-2023,7,7,7,0,0,465,45
P012,fast_moving,49,A321,BASE_HYD,01-07-2023,13,0,0,0,1,473,60
P012,fast_moving,49,A321,BASE_HYD,01-08-2023,13,12,12,0,1,467,45
P012,fast_moving,49,A321,BASE_HYD,01-09-2023,7,0,0,0,1,404,15
P012,fast_moving,49,A321,BASE_HYD,01-10-2023,8,8,12,4,0,407,45
P012,fast_moving,49,A321,BASE_HYD,01-11-2023,11,4,4,0,1,405,15
P012,fast_moving,49,A321,BASE_HYD,01-12-2023,9,9,10,1,0,467,45
P012,fast_moving,49,A321,LINE_DEL,01-01-2018,8,8,19,11,0,408,30
P012,fast_moving,49,A321,LINE_DEL,01-02-2018,5,5,11,6,0,408,15
P012,fast_moving,49,A321,LINE_DEL,01-03-2018,4,4,13,9,0,413,60
P012,fast_moving,49,A321,LINE_DEL,01-04-2018,7,7,9,2,0,413,30
P012,fast_moving,49,A321,LINE_DEL,01-05-2018,5,5,13,8,0,411,60
P012,fast_moving,49,A321,LINE_DEL,01-06-2018,0,0,8,8,0,477,45
P012,fast_moving,49,A321,LINE_DEL,01-07-2018,6,6,15,9,0,474,60
P012,fast_moving,49,A321,LINE_DEL,01-08-2018,7,7,9,2,0,482,15
P012,fast_moving,49,A321,LINE_DEL,01-09-2018,8,8,10,2,0,411,15
P012,fast_moving,49,A321,LINE_DEL,01-10-2018,0,0,9,9,0,407,30
P012,fast_moving,49,A321,LINE_DEL,01-11-2018,6,6,9,3,0,409,15
P012,fast_moving,49,A321,LINE_DEL,01-12-2018,8,8,15,7,0,475,15
P012,fast_moving,49,A321,LINE_DEL,01-01-2019,9,9,18,9,0,412,15
P012,fast_moving,49,A321,LINE_DEL,01-02-2019,11,9,9,0,1,411,45
P012,fast_moving,49,A321,LINE_DEL,01-03-2019,3,0,0,0,1,406,15
P012,fast_moving,49,A321,LINE_DEL,01-04-2019,9,9,11,2,0,414,30
P012,fast_moving,49,A321,LINE_DEL,01-05-2019,9,9,14,5,0,418,45
P012,fast_moving,49,A321,LINE_DEL,01-06-2019,11,5,5,0,1,471,30
P012,fast_moving,49,A321,LINE_DEL,01-07-2019,10,10,11,1,0,480,15
P012,fast_moving,49,A321,LINE_DEL,01-08-2019,11,10,10,0,1,475,30
P012,fast_moving,49,A321,LINE_DEL,01-09-2019,11,11,12,1,0,419,30
P012,fast_moving,49,A321,LINE_DEL,01-10-2019,12,11,11,0,1,412,45
P012,fast_moving,49,A321,LINE_DEL,01-11-2019,0,0,0,0,0,410,30
P012,fast_moving,49,A321,LINE_DEL,01-12-2019,11,9,9,0,1,475,60
P012,fast_moving,49,A321,LINE_DEL,01-01-2020,8,0,0,0,1,407,30
P012,fast_moving,49,A321,LINE_DEL,01-02-2020,9,8,8,0,1,410,45
P012,fast_moving,49,A321,LINE_DEL,01-03-2020,5,0,0,0,1,414,45
P012,fast_moving,49,A321,LINE_DEL,01-04-2020,16,7,7,0,1,412,60
P012,fast_moving,49,A321,LINE_DEL,01-05-2020,9,0,0,0,1,408,45
P012,fast_moving,49,A321,LINE_DEL,01-06-2020,12,9,9,0,1,471,30
P012,fast_moving,49,A321,LINE_DEL,01-07-2020,3,3,10,7,0,473,15
P012,fast_moving,49,A321,LINE_DEL,01-08-2020,16,16,17,1,0,473,30
P012,fast_moving,49,A321,LINE_DEL,01-09-2020,6,6,8,2,0,412,60
P012,fast_moving,49,A321,LINE_DEL,01-10-2020,3,2,2,0,1,410,45
P012,fast_moving,49,A321,LINE_DEL,01-11-2020,11,7,7,0,1,405,60
P012,fast_moving,49,A321,LINE_DEL,01-12-2020,12,0,0,0,1,467,45
P012,fast_moving,49,A321,LINE_DEL,01-01-2021,10,10,12,2,0,409,45
P012,fast_moving,49,A321,LINE_DEL,01-02-2021,8,2,2,0,1,411,60
P012,fast_moving,49,A321,LINE_DEL,01-03-2021,11,10,10,0,1,410,60
P012,fast_moving,49,A321,LINE_DEL,01-04-2021,8,0,0,0,1,405,30
P012,fast_moving,49,A321,LINE_DEL,01-05-2021,4,4,9,5,0,407,15
P012,fast_moving,49,A321,LINE_DEL,01-06-2021,6,6,17,11,0,463,60
P012,fast_moving,49,A321,LINE_DEL,01-07-2021,4,4,11,7,0,462,45
P012,fast_moving,49,A321,LINE_DEL,01-08-2021,11,7,7,0,1,469,15
P012,fast_moving,49,A321,LINE_DEL,01-09-2021,10,10,10,0,0,413,60
P012,fast_moving,49,A321,LINE_DEL,01-10-2021,12,0,0,0,1,408,45
P012,fast_moving,49,A321,LINE_DEL,01-11-2021,0,0,7,7,0,415,30
P012,fast_moving,49,A321,LINE_DEL,01-12-2021,6,6,16,10,0,468,15
P012,fast_moving,49,A321,LINE_DEL,01-01-2022,7,7,10,3,0,406,15
P012,fast_moving,49,A321,LINE_DEL,01-02-2022,7,7,12,5,0,402,30
P012,fast_moving,49,A321,LINE_DEL,01-03-2022,9,9,17,8,0,405,45
P012,fast_moving,49,A321,LINE_DEL,01-04-2022,8,8,8,0,0,401,60
P012,fast_moving,49,A321,LINE_DEL,01-05-2022,4,4,7,3,0,400,45
P012,fast_moving,49,A321,LINE_DEL,01-06-2022,7,3,3,0,1,462,60
P012,fast_moving,49,A321,LINE_DEL,01-07-2022,7,7,11,4,0,467,45
P012,fast_moving,49,A321,LINE_DEL,01-08-2022,11,4,4,0,1,464,30
P012,fast_moving,49,A321,LINE_DEL,01-09-2022,3,3,8,5,0,404,45
P012,fast_moving,49,A321,LINE_DEL,01-10-2022,8,5,5,0,1,408,60
P012,fast_moving,49,A321,LINE_DEL,01-11-2022,14,7,7,0,1,400,30
P012,fast_moving,49,A321,LINE_DEL,01-12-2022,14,10,10,0,1,467,60
P012,fast_moving,49,A321,LINE_DEL,01-01-2023,11,0,0,0,1,408,45
P012,fast_moving,49,A321,LINE_DEL,01-02-2023,9,9,12,3,0,409,30
P012,fast_moving,49,A321,LINE_DEL,01-03-2023,12,12,13,1,0,407,45
P012,fast_moving,49,A321,LINE_DEL,01-04-2023,4,1,1,0,1,405,15
P012,fast_moving,49,A321,LINE_DEL,01-05-2023,8,8,12,4,0,402,15
P012,fast_moving,49,A321,LINE_DEL,01-06-2023,9,9,11,2,0,465,60
P012,fast_moving,49,A321,LINE_DEL,01-07-2023,7,2,2,0,1,473,45
P012,fast_moving,49,A321,LINE_DEL,01-08-2023,12,10,10,0,1,467,15
P012,fast_moving,49,A321,LINE_DEL,01-09-2023,7,7,7,0,0,404,45
P012,fast_moving,49,A321,LINE_DEL,01-10-2023,11,0,0,0,1,407,30
P012,fast_moving,49,A321,LINE_DEL,01-11-2023,6,6,11,5,0,405,15
P012,fast_moving,49,A321,LINE_DEL,01-12-2023,5,5,14,9,0,467,45
P012,fast_moving,49,A321,MRO_BLR,01-01-2018,7,7,25,18,0,408,45
P012,fast_moving,49,A321,MRO_BLR,01-02-2018,5,5,18,13,0,408,15
P012,fast_moving,49,A321,MRO_BLR,01-03-2018,8,8,13,5,0,413,45
P012,fast_moving,49,A321,MRO_BLR,01-04-2018,6,5,5,0,1,413,30
P012,fast_moving,49,A321,MRO_BLR,01-05-2018,12,9,9,0,1,411,45
P012,fast_moving,49,A321,MRO_BLR,01-06-2018,12,0,0,0,1,477,60
P012,fast_moving,49,A321,MRO_BLR,01-07-2018,8,8,12,4,0,474,15
P012,fast_moving,49,A321,MRO_BLR,01-08-2018,4,4,16,12,0,482,45
P012,fast_moving,49,A321,MRO_BLR,01-09-2018,4,4,12,8,0,411,15
P012,fast_moving,49,A321,MRO_BLR,01-10-2018,9,9,20,11,0,407,30
P012,fast_moving,49,A321,MRO_BLR,01-11-2018,9,9,11,2,0,409,30
P012,fast_moving,49,A321,MRO_BLR,01-12-2018,15,14,14,0,1,475,45
P012,fast_moving,49,A321,MRO_BLR,01-01-2019,13,0,0,0,1,412,15
P012,fast_moving,49,A321,MRO_BLR,01-02-2019,6,6,7,1,0,411,60
P012,fast_moving,49,A321,MRO_BLR,01-03-2019,10,1,1,0,1,406,15
P012,fast_moving,49,A321,MRO_BLR,01-04-2019,11,9,9,0,1,414,15
P012,fast_moving,49,A321,MRO_BLR,01-05-2019,11,11,12,1,0,418,45
P012,fast_moving,49,A321,MRO_BLR,01-06-2019,9,1,1,0,1,471,45
P012,fast_moving,49,A321,MRO_BLR,01-07-2019,14,10,10,0,1,480,30
P012,fast_moving,49,A321,MRO_BLR,01-08-2019,8,8,12,4,0,475,45
P012,fast_moving,49,A321,MRO_BLR,01-09-2019,11,4,4,0,1,419,60
P012,fast_moving,49,A321,MRO_BLR,01-10-2019,2,2,10,8,0,412,15
P012,fast_moving,49,A321,MRO_BLR,01-11-2019,8,8,16,8,0,410,60
P012,fast_moving,49,A321,MRO_BLR,01-12-2019,10,8,8,0,1,475,30
P012,fast_moving,49,A321,MRO_BLR,01-01-2020,9,7,7,0,1,407,15
P012,fast_moving,49,A321,MRO_BLR,01-02-2020,8,8,11,3,0,410,60
P012,fast_moving,49,A321,MRO_BLR,01-03-2020,8,3,3,0,1,414,45
P012,fast_moving,49,A321,MRO_BLR,01-04-2020,8,8,8,0,0,412,60
P012,fast_moving,49,A321,MRO_BLR,01-05-2020,13,0,0,0,1,408,60
P012,fast_moving,49,A321,MRO_BLR,01-06-2020,6,6,12,6,0,471,30
P012,fast_moving,49,A321,MRO_BLR,01-07-2020,10,10,13,3,0,473,45
P012,fast_moving,49,A321,MRO_BLR,01-08-2020,10,3,3,0,1,473,30
P012,fast_moving,49,A321,MRO_BLR,01-09-2020,7,7,10,3,0,412,45
P012,fast_moving,49,A321,MRO_BLR,01-10-2020,11,3,3,0,1,410,30
P012,fast_moving,49,A321,MRO_BLR,01-11-2020,11,10,10,0,1,405,30
P012,fast_moving,49,A321,MRO_BLR,01-12-2020,7,7,9,2,0,467,30
P012,fast_moving,49,A321,MRO_BLR,01-01-2021,7,7,13,6,0,409,15
P012,fast_moving,49,A321,MRO_BLR,01-02-2021,6,6,14,8,0,411,45
P012,fast_moving,49,A321,MRO_BLR,01-03-2021,11,8,8,0,1,410,60
P012,fast_moving,49,A321,MRO_BLR,01-04-2021,6,6,7,1,0,405,60
P012,fast_moving,49,A321,MRO_BLR,01-05-2021,4,1,1,0,1,407,45
P012,fast_moving,49,A321,MRO_BLR,01-06-2021,8,8,8,0,0,463,30
P012,fast_moving,49,A321,MRO_BLR,01-07-2021,14,8,8,0,1,462,15
P012,fast_moving,49,A321,MRO_BLR,01-08-2021,12,12,12,0,0,469,60
P012,fast_moving,49,A321,MRO_BLR,01-09-2021,6,0,0,0,1,413,15
P012,fast_moving,49,A321,MRO_BLR,01-10-2021,4,4,12,8,0,408,60
P012,fast_moving,49,A321,MRO_BLR,01-11-2021,8,8,8,0,0,415,45
P012,fast_moving,49,A321,MRO_BLR,01-12-2021,11,10,10,0,1,468,30
P012,fast_moving,49,A321,MRO_BLR,01-01-2022,6,6,8,2,0,406,30
P012,fast_moving,49,A321,MRO_BLR,01-02-2022,6,6,10,4,0,402,60
P012,fast_moving,49,A321,MRO_BLR,01-03-2022,12,4,4,0,1,405,60
P012,fast_moving,49,A321,MRO_BLR,01-04-2022,10,10,12,2,0,401,60
P012,fast_moving,49,A321,MRO_BLR,01-05-2022,12,2,2,0,1,400,45
P012,fast_moving,49,A321,MRO_BLR,01-06-2022,7,7,7,0,0,462,60
P012,fast_moving,49,A321,MRO_BLR,01-07-2022,7,0,0,0,1,467,45
P012,fast_moving,49,A321,MRO_BLR,01-08-2022,9,9,10,1,0,464,30
P012,fast_moving,49,A321,MRO_BLR,01-09-2022,8,8,12,4,0,404,45
P012,fast_moving,49,A321,MRO_BLR,01-10-2022,7,4,4,0,1,408,15
P012,fast_moving,49,A321,MRO_BLR,01-11-2022,6,6,10,4,0,400,60
P012,fast_moving,49,A321,MRO_BLR,01-12-2022,8,4,4,0,1,467,60
P012,fast_moving,49,A321,MRO_BLR,01-01-2023,4,4,10,6,0,408,45
P012,fast_moving,49,A321,MRO_BLR,01-02-2023,8,6,6,0,1,409,60
P012,fast_moving,49,A321,MRO_BLR,01-03-2023,9,9,10,1,0,407,15
P012,fast_moving,49,A321,MRO_BLR,01-04-2023,6,6,10,4,0,405,15
P012,fast_moving,49,A321,MRO_BLR,01-05-2023,9,9,15,6,0,402,30
P012,fast_moving,49,A321,MRO_BLR,01-06-2023,10,10,13,3,0,465,60
P012,fast_moving,49,A321,MRO_BLR,01-07-2023,12,3,3,0,1,473,15
P012,fast_moving,49,A321,MRO_BLR,01-08-2023,9,8,8,0,1,467,15
P012,fast_moving,49,A321,MRO_BLR,01-09-2023,8,8,10,2,0,404,30
P012,fast_moving,49,A321,MRO_BLR,01-10-2023,3,3,12,9,0,407,30
P012,fast_moving,49,A321,MRO_BLR,01-11-2023,12,9,9,0,1,405,60
P012,fast_moving,49,A321,MRO_BLR,01-12-2023,8,0,0,0,1,467,60
P013,fast_moving,32,B737,BASE_HYD,01-01-2018,10,10,21,11,0,479,15
P013,fast_moving,32,B737,BASE_HYD,01-02-2018,10,10,11,1,0,484,15
P013,fast_moving,32,B737,BASE_HYD,01-03-2018,6,6,11,5,0,481,60
P013,fast_moving,32,B737,BASE_HYD,01-04-2018,6,5,5,0,1,480,30
P013,fast_moving,32,B737,BASE_HYD,01-05-2018,6,6,12,6,0,486,15
P013,fast_moving,32,B737,BASE_HYD,01-06-2018,11,11,18,7,0,553,45
P013,fast_moving,32,B737,BASE_HYD,01-07-2018,9,7,7,0,1,555,45
P013,fast_moving,32,B737,BASE_HYD,01-08-2018,8,7,7,0,1,570,60
P013,fast_moving,32,B737,BASE_HYD,01-09-2018,7,0,0,0,1,481,60
P013,fast_moving,32,B737,BASE_HYD,01-10-2018,8,8,12,4,0,478,60
P013,fast_moving,32,B737,BASE_HYD,01-11-2018,7,4,4,0,1,483,45
P013,fast_moving,32,B737,BASE_HYD,01-12-2018,7,7,10,3,0,557,15
P013,fast_moving,32,B737,BASE_HYD,01-01-2019,11,11,13,2,0,481,60
P013,fast_moving,32,B737,BASE_HYD,01-02-2019,12,2,2,0,1,480,60
P013,fast_moving,32,B737,BASE_HYD,01-03-2019,7,7,11,4,0,487,15
P013,fast_moving,32,B737,BASE_HYD,01-04-2019,11,11,12,1,0,486,60
P013,fast_moving,32,B737,BASE_HYD,01-05-2019,8,1,1,0,1,479,45
P013,fast_moving,32,B737,BASE_HYD,01-06-2019,8,8,12,4,0,548,60
P013,fast_moving,32,B737,BASE_HYD,01-07-2019,8,4,4,0,1,554,15
P013,fast_moving,32,B737,BASE_HYD,01-08-2019,7,7,11,4,0,548,45
P013,fast_moving,32,B737,BASE_HYD,01-09-2019,8,4,4,0,1,484,60
P013,fast_moving,32,B737,BASE_HYD,01-10-2019,8,8,9,1,0,482,30
P013,fast_moving,32,B737,BASE_HYD,01-11-2019,3,3,9,6,0,492,30
P013,fast_moving,32,B737,BASE_HYD,01-12-2019,0,0,15,15,0,560,60
P013,fast_moving,32,B737,BASE_HYD,01-01-2020,12,12,15,3,0,473,15
P013,fast_moving,32,B737,BASE_HYD,01-02-2020,10,10,15,5,0,476,15
P013,fast_moving,32,B737,BASE_HYD,01-03-2020,5,5,13,8,0,469,30
P013,fast_moving,32,B737,BASE_HYD,01-04-2020,7,7,18,11,0,468,60
P013,fast_moving,32,B737,BASE_HYD,01-05-2020,8,8,11,3,0,479,45
P013,fast_moving,32,B737,BASE_HYD,01-06-2020,10,3,3,0,1,543,30
P013,fast_moving,32,B737,BASE_HYD,01-07-2020,5,5,7,2,0,559,60
P013,fast_moving,32,B737,BASE_HYD,01-08-2020,7,2,2,0,1,556,15
P013,fast_moving,32,B737,BASE_HYD,01-09-2020,5,5,11,6,0,477,45
P013,fast_moving,32,B737,BASE_HYD,01-10-2020,8,6,6,0,1,477,30
P013,fast_moving,32,B737,BASE_HYD,01-11-2020,11,11,11,0,0,485,45
P013,fast_moving,32,B737,BASE_HYD,01-12-2020,11,0,0,0,1,559,15
P013,fast_moving,32,B737,BASE_HYD,01-01-2021,6,6,9,3,0,472,60
P013,fast_moving,32,B737,BASE_HYD,01-02-2021,7,3,3,0,1,472,30
P013,fast_moving,32,B737,BASE_HYD,01-03-2021,7,7,8,1,0,475,15
P013,fast_moving,32,B737,BASE_HYD,01-04-2021,5,5,10,5,0,479,45
P013,fast_moving,32,B737,BASE_HYD,01-05-2021,13,5,5,0,1,474,60
P013,fast_moving,32,B737,BASE_HYD,01-06-2021,7,7,12,5,0,551,60
P013,fast_moving,32,B737,BASE_HYD,01-07-2021,6,5,5,0,1,559,45
P013,fast_moving,32,B737,BASE_HYD,01-08-2021,7,7,12,5,0,540,60
P013,fast_moving,32,B737,BASE_HYD,01-09-2021,8,5,5,0,1,475,45
P013,fast_moving,32,B737,BASE_HYD,01-10-2021,7,7,8,1,0,470,45
P013,fast_moving,32,B737,BASE_HYD,01-11-2021,6,1,1,0,1,473,45
P013,fast_moving,32,B737,BASE_HYD,01-12-2021,10,9,9,0,1,547,45
P013,fast_moving,32,B737,BASE_HYD,01-01-2022,4,0,0,0,1,472,60
P013,fast_moving,32,B737,BASE_HYD,01-02-2022,10,9,9,0,1,478,15
P013,fast_moving,32,B737,BASE_HYD,01-03-2022,3,3,8,5,0,476,30
P013,fast_moving,32,B737,BASE_HYD,01-04-2022,4,4,16,12,0,477,45
P013,fast_moving,32,B737,BASE_HYD,01-05-2022,7,7,12,5,0,474,60
P013,fast_moving,32,B737,BASE_HYD,01-06-2022,10,5,5,0,1,545,30
P013,fast_moving,32,B737,BASE_HYD,01-07-2022,9,9,12,3,0,545,45
P013,fast_moving,32,B737,BASE_HYD,01-08-2022,4,3,3,0,1,545,15
P013,fast_moving,32,B737,BASE_HYD,01-09-2022,13,8,8,0,1,477,30
P013,fast_moving,32,B737,BASE_HYD,01-10-2022,5,5,8,3,0,466,45
P013,fast_moving,32,B737,BASE_HYD,01-11-2022,6,3,3,0,1,477,15
P013,fast_moving,32,B737,BASE_HYD,01-12-2022,8,8,10,2,0,542,30
P013,fast_moving,32,B737,BASE_HYD,01-01-2023,11,11,11,0,0,472,15
P013,fast_moving,32,B737,BASE_HYD,01-02-2023,11,10,10,0,1,466,60
P013,fast_moving,32,B737,BASE_HYD,01-03-2023,11,0,0,0,1,472,60
P013,fast_moving,32,B737,BASE_HYD,01-04-2023,12,12,12,0,0,475,60
P013,fast_moving,32,B737,BASE_HYD,01-05-2023,0,0,0,0,0,476,15
P013,fast_moving,32,B737,BASE_HYD,01-06-2023,7,7,12,5,0,538,30
P013,fast_moving,32,B737,BASE_HYD,01-07-2023,10,10,15,5,0,547,60
P013,fast_moving,32,B737,BASE_HYD,01-08-2023,7,5,5,0,1,551,45
P013,fast_moving,32,B737,BASE_HYD,01-09-2023,7,7,9,2,0,471,60
P013,fast_moving,32,B737,BASE_HYD,01-10-2023,4,2,2,0,1,474,15
P013,fast_moving,32,B737,BASE_HYD,01-11-2023,8,8,10,2,0,464,15
P013,fast_moving,32,B737,BASE_HYD,01-12-2023,0,0,11,11,0,540,15
P013,fast_moving,32,B737,LINE_DEL,01-01-2018,8,8,17,9,0,479,60
P013,fast_moving,32,B737,LINE_DEL,01-02-2018,5,5,9,4,0,484,45
P013,fast_moving,32,B737,LINE_DEL,01-03-2018,3,3,4,1,0,481,30
P013,fast_moving,32,B737,LINE_DEL,01-04-2018,9,9,9,0,0,480,15
P013,fast_moving,32,B737,LINE_DEL,01-05-2018,10,10,12,2,0,486,45
P013,fast_moving,32,B737,LINE_DEL,01-06-2018,8,2,2,0,1,553,15
P013,fast_moving,32,B737,LINE_DEL,01-07-2018,8,8,8,0,0,555,45
P013,fast_moving,32,B737,LINE_DEL,01-08-2018,5,0,0,0,1,570,45
P013,fast_moving,32,B737,LINE_DEL,01-09-2018,3,3,10,7,0,481,15
P013,fast_moving,32,B737,LINE_DEL,01-10-2018,6,6,19,13,0,478,15
P013,fast_moving,32,B737,LINE_DEL,01-11-2018,8,8,13,5,0,483,15
P013,fast_moving,32,B737,LINE_DEL,01-12-2018,14,14,16,2,0,557,45
P013,fast_moving,32,B737,LINE_DEL,01-01-2019,10,2,2,0,1,481,45
P013,fast_moving,32,B737,LINE_DEL,01-02-2019,5,5,9,4,0,480,45
P013,fast_moving,32,B737,LINE_DEL,01-03-2019,4,4,4,0,0,487,15
P013,fast_moving,32,B737,LINE_DEL,01-04-2019,4,4,9,5,0,486,45
P013,fast_moving,32,B737,LINE_DEL,01-05-2019,4,4,5,1,0,479,60
P013,fast_moving,32,B737,LINE_DEL,01-06-2019,10,10,11,1,0,548,30
P013,fast_moving,32,B737,LINE_DEL,01-07-2019,10,9,9,0,1,554,15
P013,fast_moving,32,B737,LINE_DEL,01-08-2019,0,0,8,8,0,548,45
P013,fast_moving,32,B737,LINE_DEL,01-09-2019,9,8,8,0,1,484,45
P013,fast_moving,32,B737,LINE_DEL,01-10-2019,11,8,8,0,1,482,15
P013,fast_moving,32,B737,LINE_DEL,01-11-2019,5,5,12,7,0,492,60
P013,fast_moving,32,B737,LINE_DEL,01-12-2019,13,7,7,0,1,560,45
P013,fast_moving,32,B737,LINE_DEL,01-01-2020,13,11,11,0,1,473,45
P013,fast_moving,32,B737,LINE_DEL,01-02-2020,9,0,0,0,1,476,15
P013,fast_moving,32,B737,LINE_DEL,01-03-2020,9,7,7,0,1,469,30
P013,fast_moving,32,B737,LINE_DEL,01-04-2020,7,7,11,4,0,468,15
P013,fast_moving,32,B737,LINE_DEL,01-05-2020,11,11,14,3,0,479,60
P013,fast_moving,32,B737,LINE_DEL,01-06-2020,9,3,3,0,1,543,45
P013,fast_moving,32,B737,LINE_DEL,01-07-2020,13,12,12,0,1,559,45
P013,fast_moving,32,B737,LINE_DEL,01-08-2020,6,0,0,0,1,556,15
P013,fast_moving,32,B737,LINE_DEL,01-09-2020,12,7,7,0,1,477,30
P013,fast_moving,32,B737,LINE_DEL,01-10-2020,7,7,11,4,0,477,15
P013,fast_moving,32,B737,LINE_DEL,01-11-2020,8,8,15,7,0,485,30
P013,fast_moving,32,B737,LINE_DEL,01-12-2020,5,5,14,9,0,559,15
P013,fast_moving,32,B737,LINE_DEL,01-01-2021,13,9,9,0,1,472,45
P013,fast_moving,32,B737,LINE_DEL,01-02-2021,6,0,0,0,1,472,45
P013,fast_moving,32,B737,LINE_DEL,01-03-2021,9,7,7,0,1,475,60
P013,fast_moving,32,B737,LINE_DEL,01-04-2021,11,0,0,0,1,479,30
P013,fast_moving,32,B737,LINE_DEL,01-05-2021,12,10,10,0,1,474,60
P013,fast_moving,32,B737,LINE_DEL,01-06-2021,14,0,0,0,1,551,15
P013,fast_moving,32,B737,LINE_DEL,01-07-2021,10,7,7,0,1,559,15
P013,fast_moving,32,B737,LINE_DEL,01-08-2021,0,0,7,7,0,540,60
P013,fast_moving,32,B737,LINE_DEL,01-09-2021,7,7,7,0,0,475,15
P013,fast_moving,32,B737,LINE_DEL,01-10-2021,3,3,8,5,0,470,60
P013,fast_moving,32,B737,LINE_DEL,01-11-2021,4,4,5,1,0,473,15
P013,fast_moving,32,B737,LINE_DEL,01-12-2021,10,10,13,3,0,547,30
P013,fast_moving,32,B737,LINE_DEL,01-01-2022,12,12,14,2,0,472,30
P013,fast_moving,32,B737,LINE_DEL,01-02-2022,7,7,13,6,0,478,15
P013,fast_moving,32,B737,LINE_DEL,01-03-2022,17,17,17,0,0,476,45
P013,fast_moving,32,B737,LINE_DEL,01-04-2022,7,0,0,0,1,477,45
P013,fast_moving,32,B737,LINE_DEL,01-05-2022,1,1,7,6,0,474,15
P013,fast_moving,32,B737,LINE_DEL,01-06-2022,10,10,18,8,0,545,60
P013,fast_moving,32,B737,LINE_DEL,01-07-2022,11,8,8,0,1,545,45
P013,fast_moving,32,B737,LINE_DEL,01-08-2022,9,7,7,0,1,545,30
P013,fast_moving,32,B737,LINE_DEL,01-09-2022,6,6,7,1,0,477,45
P013,fast_moving,32,B737,LINE_DEL,01-10-2022,12,1,1,0,1,466,15
P013,fast_moving,32,B737,LINE_DEL,01-11-2022,7,7,7,0,0,477,60
P013,fast_moving,32,B737,LINE_DEL,01-12-2022,9,0,0,0,1,542,60
P013,fast_moving,32,B737,LINE_DEL,01-01-2023,6,6,8,2,0,472,45
P013,fast_moving,32,B737,LINE_DEL,01-02-2023,9,2,2,0,1,466,30
P013,fast_moving,32,B737,LINE_DEL,01-03-2023,11,10,10,0,1,472,30
P013,fast_moving,32,B737,LINE_DEL,01-04-2023,8,8,8,0,0,475,45
P013,fast_moving,32,B737,LINE_DEL,01-05-2023,10,0,0,0,1,476,15
P013,fast_moving,32,B737,LINE_DEL,01-06-2023,12,10,10,0,1,538,30
P013,fast_moving,32,B737,LINE_DEL,01-07-2023,8,8,12,4,0,547,30
P013,fast_moving,32,B737,LINE_DEL,01-08-2023,9,9,12,3,0,551,15
P013,fast_moving,32,B737,LINE_DEL,01-09-2023,11,11,11,0,0,471,60
P013,fast_moving,32,B737,LINE_DEL,01-10-2023,6,0,0,0,1,474,30
P013,fast_moving,32,B737,LINE_DEL,01-11-2023,9,8,8,0,1,464,15
P013,fast_moving,32,B737,LINE_DEL,01-12-2023,11,11,12,1,0,540,30
P013,fast_moving,32,B737,MRO_BLR,01-01-2018,7,7,25,18,0,479,30
P013,fast_moving,32,B737,MRO_BLR,01-02-2018,3,3,18,15,0,484,45
P013,fast_moving,32,B737,MRO_BLR,01-03-2018,6,6,15,9,0,481,15
P013,fast_moving,32,B737,MRO_BLR,01-04-2018,12,9,9,0,1,480,60
P013,fast_moving,32,B737,MRO_BLR,01-05-2018,5,0,0,0,1,486,15
P013,fast_moving,32,B737,MRO_BLR,01-06-2018,7,7,12,5,0,553,15
P013,fast_moving,32,B737,MRO_BLR,01-07-2018,12,12,16,4,0,555,30
P013,fast_moving,32,B737,MRO_BLR,01-08-2018,5,5,11,6,0,570,60
P013,fast_moving,32,B737,MRO_BLR,01-09-2018,6,6,6,0,0,481,30
P013,fast_moving,32,B737,MRO_BLR,01-10-2018,11,9,9,0,1,478,45
P013,fast_moving,32,B737,MRO_BLR,01-11-2018,4,0,0,0,1,483,60
P013,fast_moving,32,B737,MRO_BLR,01-12-2018,3,3,10,7,0,557,60
P013,fast_moving,32,B737,MRO_BLR,01-01-2019,0,0,7,7,0,481,60
P013,fast_moving,32,B737,MRO_BLR,01-02-2019,6,6,19,13,0,480,45
P013,fast_moving,32,B737,MRO_BLR,01-03-2019,5,5,13,8,0,487,45
P013,fast_moving,32,B737,MRO_BLR,01-04-2019,8,8,8,0,0,486,45
P013,fast_moving,32,B737,MRO_BLR,01-05-2019,12,9,9,0,1,479,15
P013,fast_moving,32,B737,MRO_BLR,01-06-2019,3,3,9,6,0,548,30
P013,fast_moving,32,B737,MRO_BLR,01-07-2019,11,11,16,5,0,554,60
P013,fast_moving,32,B737,MRO_BLR,01-08-2019,12,5,5,0,1,548,45
P013,fast_moving,32,B737,MRO_BLR,01-09-2019,8,8,9,1,0,484,30
P013,fast_moving,32,B737,MRO_BLR,01-10-2019,4,4,10,6,0,482,45
P013,fast_moving,32,B737,MRO_BLR,01-11-2019,4,4,6,2,0,492,60
P013,fast_moving,32,B737,MRO_BLR,01-12-2019,4,4,10,6,0,560,15
P013,fast_moving,32,B737,MRO_BLR,01-01-2020,7,7,14,7,0,473,60
P013,fast_moving,32,B737,MRO_BLR,01-02-2020,5,5,7,2,0,476,30
P013,fast_moving,32,B737,MRO_BLR,01-03-2020,11,9,9,0,1,469,30
P013,fast_moving,32,B737,MRO_BLR,01-04-2020,10,10,12,2,0,468,15
P013,fast_moving,32,B737,MRO_BLR,01-05-2020,5,5,11,6,0,479,30
P013,fast_moving,32,B737,MRO_BLR,01-06-2020,13,13,17,4,0,543,45
P013,fast_moving,32,B737,MRO_BLR,01-07-2020,6,4,4,0,1,559,60
P013,fast_moving,32,B737,MRO_BLR,01-08-2020,11,7,7,0,1,556,15
P013,fast_moving,32,B737,MRO_BLR,01-09-2020,9,9,11,2,0,477,30
P013,fast_moving,32,B737,MRO_BLR,01-10-2020,9,9,9,0,0,477,15
P013,fast_moving,32,B737,MRO_BLR,01-11-2020,6,6,12,6,0,485,60
P013,fast_moving,32,B737,MRO_BLR,01-12-2020,4,4,6,2,0,559,60
P013,fast_moving,32,B737,MRO_BLR,01-01-2021,10,10,12,2,0,472,60
P013,fast_moving,32,B737,MRO_BLR,01-02-2021,5,2,2,0,1,472,60
P013,fast_moving,32,B737,MRO_BLR,01-03-2021,5,5,9,4,0,475,45
P013,fast_moving,32,B737,MRO_BLR,01-04-2021,6,4,4,0,1,479,45
P013,fast_moving,32,B737,MRO_BLR,01-05-2021,8,8,8,0,0,474,15
P013,fast_moving,32,B737,MRO_BLR,01-06-2021,14,10,10,0,1,551,30
P013,fast_moving,32,B737,MRO_BLR,01-07-2021,6,6,7,1,0,559,45
P013,fast_moving,32,B737,MRO_BLR,01-08-2021,7,1,1,0,1,540,30
P013,fast_moving,32,B737,MRO_BLR,01-09-2021,8,8,9,1,0,475,15
P013,fast_moving,32,B737,MRO_BLR,01-10-2021,11,8,8,0,1,470,60
P013,fast_moving,32,B737,MRO_BLR,01-11-2021,5,0,0,0,1,473,30
P013,fast_moving,32,B737,MRO_BLR,01-12-2021,9,9,10,1,0,547,45
P013,fast_moving,32,B737,MRO_BLR,01-01-2022,6,1,1,0,1,472,15
P013,fast_moving,32,B737,MRO_BLR,01-02-2022,6,6,11,5,0,478,60
P013,fast_moving,32,B737,MRO_BLR,01-03-2022,11,5,5,0,1,476,30
P013,fast_moving,32,B737,MRO_BLR,01-04-2022,11,10,10,0,1,477,30
P013,fast_moving,32,B737,MRO_BLR,01-05-2022,10,7,7,0,1,474,30
P013,fast_moving,32,B737,MRO_BLR,01-06-2022,9,9,9,0,0,545,15
P013,fast_moving,32,B737,MRO_BLR,01-07-2022,6,6,11,5,0,545,30
P013,fast_moving,32,B737,MRO_BLR,01-08-2022,13,13,14,1,0,545,45
P013,fast_moving,32,B737,MRO_BLR,01-09-2022,7,1,1,0,1,477,15
P013,fast_moving,32,B737,MRO_BLR,01-10-2022,12,7,7,0,1,466,15
P013,fast_moving,32,B737,MRO_BLR,01-11-2022,14,11,11,0,1,477,45
P013,fast_moving,32,B737,MRO_BLR,01-12-2022,13,0,0,0,1,542,45
P013,fast_moving,32,B737,MRO_BLR,01-01-2023,6,6,7,1,0,472,60
P013,fast_moving,32,B737,MRO_BLR,01-02-2023,12,1,1,0,1,466,15
P013,fast_moving,32,B737,MRO_BLR,01-03-2023,8,7,7,0,1,472,60
P013,fast_moving,32,B737,MRO_BLR,01-04-2023,9,0,0,0,1,475,30
P013,fast_moving,32,B737,MRO_BLR,01-05-2023,5,5,8,3,0,476,45
P013,fast_moving,32,B737,MRO_BLR,01-06-2023,8,3,3,0,1,538,30
P013,fast_moving,32,B737,MRO_BLR,01-07-2023,8,7,7,0,1,547,30
P013,fast_moving,32,B737,MRO_BLR,01-08-2023,12,11,11,0,1,551,45
P013,fast_moving,32,B737,MRO_BLR,01-09-2023,5,0,0,0,1,471,45
P013,fast_moving,32,B737,MRO_BLR,01-10-2023,6,6,8,2,0,474,30
P013,fast_moving,32,B737,MRO_BLR,01-11-2023,8,8,11,3,0,464,45
P013,fast_moving,32,B737,MRO_BLR,01-12-2023,7,3,3,0,1,540,45
P014,fast_moving,21,A321,BASE_HYD,01-01-2018,19,19,21,2,0,640,15
P014,fast_moving,21,A321,BASE_HYD,01-02-2018,4,4,12,8,0,641,60
P014,fast_moving,21,A321,BASE_HYD,01-03-2018,11,8,8,0,1,649,45
P014,fast_moving,21,A321,BASE_HYD,01-04-2018,4,4,10,6,0,636,15
P014,fast_moving,21,A321,BASE_HYD,01-05-2018,11,11,18,7,0,635,60
P014,fast_moving,21,A321,BASE_HYD,01-06-2018,8,7,7,0,1,732,30
P014,fast_moving,21,A321,BASE_HYD,01-07-2018,10,7,7,0,1,736,60
P014,fast_moving,21,A321,BASE_HYD,01-08-2018,9,0,0,0,1,724,30
P014,fast_moving,21,A321,BASE_HYD,01-09-2018,9,9,11,2,0,645,45
P014,fast_moving,21,A321,BASE_HYD,01-10-2018,0,0,2,2,0,639,60
P014,fast_moving,21,A321,BASE_HYD,01-11-2018,6,6,9,3,0,645,45
P014,fast_moving,21,A321,BASE_HYD,01-12-2018,12,3,3,0,1,720,45
P014,fast_moving,21,A321,BASE_HYD,01-01-2019,10,10,10,0,0,644,45
P014,fast_moving,21,A321,BASE_HYD,01-02-2019,5,0,0,0,1,647,15
P014,fast_moving,21,A321,BASE_HYD,01-03-2019,12,9,9,0,1,641,30
P014,fast_moving,21,A321,BASE_HYD,01-04-2019,8,8,11,3,0,638,15
P014,fast_moving,21,A321,BASE_HYD,01-05-2019,6,6,12,6,0,644,60
P014,fast_moving,21,A321,BASE_HYD,01-06-2019,5,5,6,1,0,743,15
P014,fast_moving,21,A321,BASE_HYD,01-07-2019,9,9,11,2,0,738,60
P014,fast_moving,21,A321,BASE_HYD,01-08-2019,15,2,2,0,1,738,30
P014,fast_moving,21,A321,BASE_HYD,01-09-2019,4,4,7,3,0,649,15
P014,fast_moving,21,A321,BASE_HYD,01-10-2019,8,8,11,3,0,643,30
P014,fast_moving,21,A321,BASE_HYD,01-11-2019,6,6,11,5,0,633,60
P014,fast_moving,21,A321,BASE_HYD,01-12-2019,3,3,5,2,0,743,30
P014,fast_moving,21,A321,BASE_HYD,01-01-2020,6,6,12,6,0,635,30
P014,fast_moving,21,A321,BASE_HYD,01-02-2020,9,9,15,6,0,636,30
P014,fast_moving,21,A321,BASE_HYD,01-03-2020,5,5,17,12,0,637,15
P014,fast_moving,21,A321,BASE_HYD,01-04-2020,9,9,12,3,0,642,45
P014,fast_moving,21,A321,BASE_HYD,01-05-2020,8,3,3,0,1,647,30
P014,fast_moving,21,A321,BASE_HYD,01-06-2020,12,9,9,0,1,732,30
P014,fast_moving,21,A321,BASE_HYD,01-07-2020,6,6,7,1,0,744,45
P014,fast_moving,21,A321,BASE_HYD,01-08-2020,7,1,1,0,1,733,45
P014,fast_moving,21,A321,BASE_HYD,01-09-2020,3,3,11,8,0,645,15
P014,fast_moving,21,A321,BASE_HYD,01-10-2020,5,5,18,13,0,637,15
P014,fast_moving,21,A321,BASE_HYD,01-11-2020,5,5,13,8,0,633,30
P014,fast_moving,21,A321,BASE_HYD,01-12-2020,0,0,18,18,0,746,60
P014,fast_moving,21,A321,BASE_HYD,01-01-2021,5,5,18,13,0,631,60
P014,fast_moving,21,A321,BASE_HYD,01-02-2021,3,3,13,10,0,630,45
P014,fast_moving,21,A321,BASE_HYD,01-03-2021,0,0,10,10,0,626,15
P014,fast_moving,21,A321,BASE_HYD,01-04-2021,5,5,10,5,0,642,60
P014,fast_moving,21,A321,BASE_HYD,01-05-2021,5,5,5,0,0,644,45
P014,fast_moving,21,A321,BASE_HYD,01-06-2021,5,5,9,4,0,732,15
P014,fast_moving,21,A321,BASE_HYD,01-07-2021,12,12,13,1,0,722,30
P014,fast_moving,21,A321,BASE_HYD,01-08-2021,13,12,12,0,1,729,60
P014,fast_moving,21,A321,BASE_HYD,01-09-2021,2,0,0,0,1,632,45
P014,fast_moving,21,A321,BASE_HYD,01-10-2021,13,8,8,0,1,628,60
P014,fast_moving,21,A321,BASE_HYD,01-11-2021,4,0,0,0,1,631,45
P014,fast_moving,21,A321,BASE_HYD,01-12-2021,12,7,7,0,1,733,60
P014,fast_moving,21,A321,BASE_HYD,01-01-2022,8,0,0,0,1,628,45
P014,fast_moving,21,A321,BASE_HYD,01-02-2022,9,7,7,0,1,634,30
P014,fast_moving,21,A321,BASE_HYD,01-03-2022,11,10,10,0,1,621,45
P014,fast_moving,21,A321,BASE_HYD,01-04-2022,8,0,0,0,1,643,15
P014,fast_moving,21,A321,BASE_HYD,01-05-2022,8,7,7,0,1,630,30
P014,fast_moving,21,A321,BASE_HYD,01-06-2022,5,5,8,3,0,733,30
P014,fast_moving,21,A321,BASE_HYD,01-07-2022,10,10,15,5,0,729,45
P014,fast_moving,21,A321,BASE_HYD,01-08-2022,13,5,5,0,1,730,45
P014,fast_moving,21,A321,BASE_HYD,01-09-2022,8,8,9,1,0,625,15
P014,fast_moving,21,A321,BASE_HYD,01-10-2022,4,4,9,5,0,628,15
P014,fast_moving,21,A321,BASE_HYD,01-11-2022,9,9,14,5,0,628,45
P014,fast_moving,21,A321,BASE_HYD,01-12-2022,7,5,5,0,1,727,45
P014,fast_moving,21,A321,BASE_HYD,01-01-2023,8,8,10,2,0,639,15
P014,fast_moving,21,A321,BASE_HYD,01-02-2023,10,10,12,2,0,633,45
P014,fast_moving,21,A321,BASE_HYD,01-03-2023,9,2,2,0,1,625,15
P014,fast_moving,21,A321,BASE_HYD,01-04-2023,5,5,12,7,0,631,15
P014,fast_moving,21,A321,BASE_HYD,01-05-2023,6,6,16,10,0,630,15
P014,fast_moving,21,A321,BASE_HYD,01-06-2023,0,0,10,10,0,722,15
P014,fast_moving,21,A321,BASE_HYD,01-07-2023,13,10,10,0,1,725,15
P014,fast_moving,21,A321,BASE_HYD,01-08-2023,10,10,11,1,0,730,30
P014,fast_moving,21,A321,BASE_HYD,01-09-2023,8,8,13,5,0,626,15
P014,fast_moving,21,A321,BASE_HYD,01-10-2023,9,9,17,8,0,628,30
P014,fast_moving,21,A321,BASE_HYD,01-11-2023,9,9,18,9,0,637,60
P014,fast_moving,21,A321,BASE_HYD,01-12-2023,17,9,9,0,1,728,30
P014,fast_moving,21,A321,LINE_DEL,01-01-2018,11,11,24,13,0,640,15
P014,fast_moving,21,A321,LINE_DEL,01-02-2018,5,5,13,8,0,641,45
P014,fast_moving,21,A321,LINE_DEL,01-03-2018,4,4,8,4,0,649,60
P014,fast_moving,21,A321,LINE_DEL,01-04-2018,1,1,12,11,0,636,30
P014,fast_moving,21,A321,LINE_DEL,01-05-2018,7,7,11,4,0,635,15
P014,fast_moving,21,A321,LINE_DEL,01-06-2018,7,7,11,4,0,732,45
P014,fast_moving,21,A321,LINE_DEL,01-07-2018,6,4,4,0,1,736,30
P014,fast_moving,21,A321,LINE_DEL,01-08-2018,8,8,10,2,0,724,45
P014,fast_moving,21,A321,LINE_DEL,01-09-2018,3,2,2,0,1,645,45
P014,fast_moving,21,A321,LINE_DEL,01-10-2018,8,8,11,3,0,639,45
P014,fast_moving,21,A321,LINE_DEL,01-11-2018,10,3,3,0,1,645,15
P014,fast_moving,21,A321,LINE_DEL,01-12-2018,10,10,12,2,0,720,15
P014,fast_moving,21,A321,LINE_DEL,01-01-2019,0,0,9,9,0,644,15
P014,fast_moving,21,A321,LINE_DEL,01-02-2019,2,2,9,7,0,647,30
P014,fast_moving,21,A321,LINE_DEL,01-03-2019,4,4,14,10,0,641,60
P014,fast_moving,21,A321,LINE_DEL,01-04-2019,8,8,10,2,0,638,30
P014,fast_moving,21,A321,LINE_DEL,01-05-2019,6,6,10,4,0,644,45
P014,fast_moving,21,A321,LINE_DEL,01-06-2019,12,4,4,0,1,743,15
P014,fast_moving,21,A321,LINE_DEL,01-07-2019,6,6,9,3,0,738,60
P014,fast_moving,21,A321,LINE_DEL,01-08-2019,6,3,3,0,1,738,60
P014,fast_moving,21,A321,LINE_DEL,01-09-2019,0,0,11,11,0,649,60
P014,fast_moving,21,A321,LINE_DEL,01-10-2019,7,7,11,4,0,643,60
P014,fast_moving,21,A321,LINE_DEL,01-11-2019,3,3,4,1,0,633,60
P014,fast_moving,21,A321,LINE_DEL,01-12-2019,3,3,9,6,0,743,15
P014,fast_moving,21,A321,LINE_DEL,01-01-2020,12,12,15,3,0,635,60
P014,fast_moving,21,A321,LINE_DEL,01-02-2020,9,3,3,0,1,636,60
P014,fast_moving,21,A321,LINE_DEL,01-03-2020,9,9,11,2,0,637,60
P014,fast_moving,21,A321,LINE_DEL,01-04-2020,0,0,2,2,0,642,45
P014,fast_moving,21,A321,LINE_DEL,01-05-2020,14,9,9,0,1,647,45
P014,fast_moving,21,A321,LINE_DEL,01-06-2020,7,0,0,0,1,732,15
P014,fast_moving,21,A321,LINE_DEL,01-07-2020,10,7,7,0,1,744,30
P014,fast_moving,21,A321,LINE_DEL,01-08-2020,9,9,10,1,0,733,60
P014,fast_moving,21,A321,LINE_DEL,01-09-2020,5,1,1,0,1,645,60
P014,fast_moving,21,A321,LINE_DEL,01-10-2020,11,11,11,0,0,637,15
P014,fast_moving,21,A321,LINE_DEL,01-11-2020,8,8,9,1,0,633,30
P014,fast_moving,21,A321,LINE_DEL,01-12-2020,4,4,13,9,0,746,45
P014,fast_moving,21,A321,LINE_DEL,01-01-2021,7,7,9,2,0,631,45
P014,fast_moving,21,A321,LINE_DEL,01-02-2021,7,2,2,0,1,630,30
P014,fast_moving,21,A321,LINE_DEL,01-03-2021,12,10,10,0,1,626,60
P014,fast_moving,21,A321,LINE_DEL,01-04-2021,6,0,0,0,1,642,45
P014,fast_moving,21,A321,LINE_DEL,01-05-2021,9,9,10,1,0,644,45
P014,fast_moving,21,A321,LINE_DEL,01-06-2021,10,1,1,0,1,732,30
P014,fast_moving,21,A321,LINE_DEL,01-07-2021,10,10,11,1,0,722,45
P014,fast_moving,21,A321,LINE_DEL,01-08-2021,10,1,1,0,1,729,45
P014,fast_moving,21,A321,LINE_DEL,01-09-2021,8,8,11,3,0,632,15
P014,fast_moving,21,A321,LINE_DEL,01-10-2021,7,7,11,4,0,628,15
P014,fast_moving,21,A321,LINE_DEL,01-11-2021,10,10,12,2,0,631,15
P014,fast_moving,21,A321,LINE_DEL,01-12-2021,11,11,12,1,0,733,60
P014,fast_moving,21,A321,LINE_DEL,01-01-2022,10,1,1,0,1,628,30
P014,fast_moving,21,A321,LINE_DEL,01-02-2022,8,7,7,0,1,634,15
P014,fast_moving,21,A321,LINE_DEL,01-03-2022,6,6,7,1,0,621,15
P014,fast_moving,21,A321,LINE_DEL,01-04-2022,10,10,11,1,0,643,60
P014,fast_moving,21,A321,LINE_DEL,01-05-2022,5,1,1,0,1,630,45
P014,fast_moving,21,A321,LINE_DEL,01-06-2022,10,10,11,1,0,733,15
P014,fast_moving,21,A321,LINE_DEL,01-07-2022,6,6,13,7,0,729,45
P014,fast_moving,21,A321,LINE_DEL,01-08-2022,8,7,7,0,1,730,30
P014,fast_moving,21,A321,LINE_DEL,01-09-2022,8,8,12,4,0,625,45
P014,fast_moving,21,A321,LINE_DEL,01-10-2022,8,4,4,0,1,628,45
P014,fast_moving,21,A321,LINE_DEL,01-11-2022,9,9,9,0,0,628,15
P014,fast_moving,21,A321,LINE_DEL,01-12-2022,8,8,9,1,0,727,15
P014,fast_moving,21,A321,LINE_DEL,01-01-2023,6,6,12,6,0,639,45
P014,fast_moving,21,A321,LINE_DEL,01-02-2023,14,6,6,0,1,633,30
P014,fast_moving,21,A321,LINE_DEL,01-03-2023,6,6,12,6,0,625,60
P014,fast_moving,21,A321,LINE_DEL,01-04-2023,7,6,6,0,1,631,30
P014,fast_moving,21,A321,LINE_DEL,01-05-2023,8,8,12,4,0,630,60
P014,fast_moving,21,A321,LINE_DEL,01-06-2023,10,4,4,0,1,722,30
P014,fast_moving,21,A321,LINE_DEL,01-07-2023,7,7,11,4,0,725,30
P014,fast_moving,21,A321,LINE_DEL,01-08-2023,13,11,11,0,1,730,30
P014,fast_moving,21,A321,LINE_DEL,01-09-2023,7,7,9,2,0,626,30
P014,fast_moving,21,A321,LINE_DEL,01-10-2023,6,6,11,5,0,628,15
P014,fast_moving,21,A321,LINE_DEL,01-11-2023,9,9,14,5,0,637,15
P014,fast_moving,21,A321,LINE_DEL,01-12-2023,6,6,13,7,0,728,45
P014,fast_moving,21,A321,MRO_BLR,01-01-2018,3,3,17,14,0,640,45
P014,fast_moving,21,A321,MRO_BLR,01-02-2018,5,5,14,9,0,641,15
P014,fast_moving,21,A321,MRO_BLR,01-03-2018,0,0,9,9,0,649,30
P014,fast_moving,21,A321,MRO_BLR,01-04-2018,12,9,9,0,1,636,60
P014,fast_moving,21,A321,MRO_BLR,01-05-2018,6,0,0,0,1,635,15
P014,fast_moving,21,A321,MRO_BLR,01-06-2018,5,5,12,7,0,732,30
P014,fast_moving,21,A321,MRO_BLR,01-07-2018,9,9,16,7,0,736,45
P014,fast_moving,21,A321,MRO_BLR,01-08-2018,4,4,7,3,0,724,15
P014,fast_moving,21,A321,MRO_BLR,01-09-2018,9,9,14,5,0,645,30
P014,fast_moving,21,A321,MRO_BLR,01-10-2018,7,7,13,6,0,639,60
P014,fast_moving,21,A321,MRO_BLR,01-11-2018,4,4,6,2,0,645,15
P014,fast_moving,21,A321,MRO_BLR,01-12-2018,4,4,10,6,0,720,45
P014,fast_moving,21,A321,MRO_BLR,01-01-2019,7,6,6,0,1,644,60
P014,fast_moving,21,A321,MRO_BLR,01-02-2019,9,9,12,3,0,647,15
P014,fast_moving,21,A321,MRO_BLR,01-03-2019,10,10,14,4,0,641,15
P014,fast_moving,21,A321,MRO_BLR,01-04-2019,11,11,11,0,0,638,45
P014,fast_moving,21,A321,MRO_BLR,01-05-2019,5,0,0,0,1,644,60
P014,fast_moving,21,A321,MRO_BLR,01-06-2019,9,9,11,2,0,743,45
P014,fast_moving,21,A321,MRO_BLR,01-07-2019,3,2,2,0,1,738,45
P014,fast_moving,21,A321,MRO_BLR,01-08-2019,6,6,9,3,0,738,30
P014,fast_moving,21,A321,MRO_BLR,01-09-2019,11,10,10,0,1,649,30
P014,fast_moving,21,A321,MRO_BLR,01-10-2019,10,8,8,0,1,643,15
P014,fast_moving,21,A321,MRO_BLR,01-11-2019,9,9,11,2,0,633,60
P014,fast_moving,21,A321,MRO_BLR,01-12-2019,15,2,2,0,1,743,60
P014,fast_moving,21,A321,MRO_BLR,01-01-2020,14,11,11,0,1,635,30
P014,fast_moving,21,A321,MRO_BLR,01-02-2020,3,3,11,8,0,636,15
P014,fast_moving,21,A321,MRO_BLR,01-03-2020,6,6,17,11,0,637,15
P014,fast_moving,21,A321,MRO_BLR,01-04-2020,7,7,11,4,0,642,45
P014,fast_moving,21,A321,MRO_BLR,01-05-2020,8,4,4,0,1,647,45
P014,fast_moving,21,A321,MRO_BLR,01-06-2020,7,7,9,2,0,732,60
P014,fast_moving,21,A321,MRO_BLR,01-07-2020,10,2,2,0,1,744,30
P014,fast_moving,21,A321,MRO_BLR,01-08-2020,9,7,7,0,1,733,30
P014,fast_moving,21,A321,MRO_BLR,01-09-2020,0,0,11,11,0,645,45
P014,fast_moving,21,A321,MRO_BLR,01-10-2020,12,11,11,0,1,637,45
P014,fast_moving,21,A321,MRO_BLR,01-11-2020,7,0,0,0,1,633,30
P014,fast_moving,21,A321,MRO_BLR,01-12-2020,9,9,12,3,0,746,30
P014,fast_moving,21,A321,MRO_BLR,01-01-2021,9,9,12,3,0,631,60
P014,fast_moving,21,A321,MRO_BLR,01-02-2021,7,3,3,0,1,630,60
P014,fast_moving,21,A321,MRO_BLR,01-03-2021,9,9,9,0,0,626,15
P014,fast_moving,21,A321,MRO_BLR,01-04-2021,12,12,12,0,0,642,30
P014,fast_moving,21,A321,MRO_BLR,01-05-2021,6,6,12,6,0,644,30
P014,fast_moving,21,A321,MRO_BLR,01-06-2021,8,8,13,5,0,732,30
P014,fast_moving,21,A321,MRO_BLR,01-07-2021,9,9,14,5,0,722,15
P014,fast_moving,21,A321,MRO_BLR,01-08-2021,10,10,16,6,0,729,30
P014,fast_moving,21,A321,MRO_BLR,01-09-2021,11,11,17,6,0,632,60
P014,fast_moving,21,A321,MRO_BLR,01-10-2021,8,6,6,0,1,628,30
P014,fast_moving,21,A321,MRO_BLR,01-11-2021,11,7,7,0,1,631,45
P014,fast_moving,21,A321,MRO_BLR,01-12-2021,14,0,0,0,1,733,60
P014,fast_moving,21,A321,MRO_BLR,01-01-2022,7,7,12,5,0,628,15
P014,fast_moving,21,A321,MRO_BLR,01-02-2022,12,12,13,1,0,634,15
P014,fast_moving,21,A321,MRO_BLR,01-03-2022,5,5,10,5,0,621,45
P014,fast_moving,21,A321,MRO_BLR,01-04-2022,6,5,5,0,1,643,45
P014,fast_moving,21,A321,MRO_BLR,01-05-2022,9,9,9,0,0,630,30
P014,fast_moving,21,A321,MRO_BLR,01-06-2022,5,5,10,5,0,733,45
P014,fast_moving,21,A321,MRO_BLR,01-07-2022,10,5,5,0,1,729,15
P014,fast_moving,21,A321,MRO_BLR,01-08-2022,13,8,8,0,1,730,15
P014,fast_moving,21,A321,MRO_BLR,01-09-2022,6,6,11,5,0,625,45
P014,fast_moving,21,A321,MRO_BLR,01-10-2022,9,5,5,0,1,628,30
P014,fast_moving,21,A321,MRO_BLR,01-11-2022,8,7,7,0,1,628,60
P014,fast_moving,21,A321,MRO_BLR,01-12-2022,11,0,0,0,1,727,15
P014,fast_moving,21,A321,MRO_BLR,01-01-2023,4,4,11,7,0,639,60
P014,fast_moving,21,A321,MRO_BLR,01-02-2023,6,6,7,1,0,633,15
P014,fast_moving,21,A321,MRO_BLR,01-03-2023,6,6,12,6,0,625,30
P014,fast_moving,21,A321,MRO_BLR,01-04-2023,16,13,13,0,1,631,45
P014,fast_moving,21,A321,MRO_BLR,01-05-2023,13,0,0,0,1,630,15
P014,fast_moving,21,A321,MRO_BLR,01-06-2023,12,12,12,0,0,722,30
P014,fast_moving,21,A321,MRO_BLR,01-07-2023,7,7,10,3,0,725,15
P014,fast_moving,21,A321,MRO_BLR,01-08-2023,8,8,11,3,0,730,15
P014,fast_moving,21,A321,MRO_BLR,01-09-2023,2,2,10,8,0,626,45
P014,fast_moving,21,A321,MRO_BLR,01-10-2023,4,4,8,4,0,628,15
P014,fast_moving,21,A321,MRO_BLR,01-11-2023,10,10,15,5,0,637,15
P014,fast_moving,21,A321,MRO_BLR,01-12-2023,0,0,12,12,0,728,60
P015,fast_moving,27,B737,BASE_HYD,01-01-2018,10,10,15,5,0,415,60
P015,fast_moving,27,B737,BASE_HYD,01-02-2018,7,5,5,0,1,412,30
P015,fast_moving,27,B737,BASE_HYD,01-03-2018,5,5,11,6,0,407,60
P015,fast_moving,27,B737,BASE_HYD,01-04-2018,6,6,6,0,0,412,60
P015,fast_moving,27,B737,BASE_HYD,01-05-2018,5,5,8,3,0,410,15
P015,fast_moving,27,B737,BASE_HYD,01-06-2018,5,5,14,9,0,471,15
P015,fast_moving,27,B737,BASE_HYD,01-07-2018,5,5,9,4,0,475,45
P015,fast_moving,27,B737,BASE_HYD,01-08-2018,5,4,4,0,1,467,45
P015,fast_moving,27,B737,BASE_HYD,01-09-2018,9,9,9,0,0,408,15
P015,fast_moving,27,B737,BASE_HYD,01-10-2018,5,5,9,4,0,408,15
P015,fast_moving,27,B737,BASE_HYD,01-11-2018,12,12,14,2,0,411,15
P015,fast_moving,27,B737,BASE_HYD,01-12-2018,9,9,14,5,0,470,15
P015,fast_moving,27,B737,BASE_HYD,01-01-2019,10,10,15,5,0,408,60
P015,fast_moving,27,B737,BASE_HYD,01-02-2019,7,5,5,0,1,411,45
P015,fast_moving,27,B737,BASE_HYD,01-03-2019,5,5,9,4,0,409,60
P015,fast_moving,27,B737,BASE_HYD,01-04-2019,7,4,4,0,1,411,45
P015,fast_moving,27,B737,BASE_HYD,01-05-2019,7,7,7,0,0,406,45
P015,fast_moving,27,B737,BASE_HYD,01-06-2019,12,0,0,0,1,468,45
P015,fast_moving,27,B737,BASE_HYD,01-07-2019,12,11,11,0,1,482,30
P015,fast_moving,27,B737,BASE_HYD,01-08-2019,11,10,10,0,1,469,30
P015,fast_moving,27,B737,BASE_HYD,01-09-2019,10,9,9,0,1,402,60
P015,fast_moving,27,B737,BASE_HYD,01-10-2019,6,0,0,0,1,412,45
P015,fast_moving,27,B737,BASE_HYD,01-11-2019,5,5,10,5,0,408,15
P015,fast_moving,27,B737,BASE_HYD,01-12-2019,9,9,14,5,0,474,15
P015,fast_moving,27,B737,BASE_HYD,01-01-2020,6,6,17,11,0,409,60
P015,fast_moving,27,B737,BASE_HYD,01-02-2020,9,9,11,2,0,412,30
P015,fast_moving,27,B737,BASE_HYD,01-03-2020,9,9,11,2,0,409,45
P015,fast_moving,27,B737,BASE_HYD,01-04-2020,5,2,2,0,1,409,45
P015,fast_moving,27,B737,BASE_HYD,01-05-2020,0,0,7,7,0,414,15
P015,fast_moving,27,B737,BASE_HYD,01-06-2020,6,6,17,11,0,461,45
P015,fast_moving,27,B737,BASE_HYD,01-07-2020,13,11,11,0,1,465,45
P015,fast_moving,27,B737,BASE_HYD,01-08-2020,7,0,0,0,1,467,30
P015,fast_moving,27,B737,BASE_HYD,01-09-2020,12,7,7,0,1,403,30
P015,fast_moving,27,B737,BASE_HYD,01-10-2020,5,5,11,6,0,408,30
P015,fast_moving,27,B737,BASE_HYD,01-11-2020,4,4,15,11,0,407,15
P015,fast_moving,27,B737,BASE_HYD,01-12-2020,4,4,11,7,0,476,30
P015,fast_moving,27,B737,BASE_HYD,01-01-2021,10,10,16,6,0,408,15
P015,fast_moving,27,B737,BASE_HYD,01-02-2021,8,8,13,5,0,407,15
P015,fast_moving,27,B737,BASE_HYD,01-03-2021,4,4,14,10,0,407,15
P015,fast_moving,27,B737,BASE_HYD,01-04-2021,7,7,10,3,0,404,15
P015,fast_moving,27,B737,BASE_HYD,01-05-2021,10,10,15,5,0,412,60
P015,fast_moving,27,B737,BASE_HYD,01-06-2021,9,5,5,0,1,475,45
P015,fast_moving,27,B737,BASE_HYD,01-07-2021,8,8,10,2,0,464,15
P015,fast_moving,27,B737,BASE_HYD,01-08-2021,8,8,9,1,0,477,15
P015,fast_moving,27,B737,BASE_HYD,01-09-2021,11,9,9,0,1,406,15
P015,fast_moving,27,B737,BASE_HYD,01-10-2021,6,6,11,5,0,405,60
P015,fast_moving,27,B737,BASE_HYD,01-11-2021,8,5,5,0,1,410,30
P015,fast_moving,27,B737,BASE_HYD,01-12-2021,6,6,11,5,0,472,30
P015,fast_moving,27,B737,BASE_HYD,01-01-2022,7,7,14,7,0,407,15
P015,fast_moving,27,B737,BASE_HYD,01-02-2022,15,15,16,1,0,406,45
P015,fast_moving,27,B737,BASE_HYD,01-03-2022,9,1,1,0,1,412,30
P015,fast_moving,27,B737,BASE_HYD,01-04-2022,6,6,8,2,0,405,30
P015,fast_moving,27,B737,BASE_HYD,01-05-2022,6,6,9,3,0,407,45
P015,fast_moving,27,B737,BASE_HYD,01-06-2022,8,3,3,0,1,476,45
P015,fast_moving,27,B737,BASE_HYD,01-07-2022,7,7,9,2,0,462,60
P015,fast_moving,27,B737,BASE_HYD,01-08-2022,7,2,2,0,1,466,30
P015,fast_moving,27,B737,BASE_HYD,01-09-2022,8,8,9,1,0,411,45
P015,fast_moving,27,B737,BASE_HYD,01-10-2022,8,1,1,0,1,409,15
P015,fast_moving,27,B737,BASE_HYD,01-11-2022,10,7,7,0,1,411,15
P015,fast_moving,27,B737,BASE_HYD,01-12-2022,8,8,8,0,0,462,45
P015,fast_moving,27,B737,BASE_HYD,01-01-2023,5,0,0,0,1,407,45
P015,fast_moving,27,B737,BASE_HYD,01-02-2023,10,8,8,0,1,405,45
P015,fast_moving,27,B737,BASE_HYD,01-03-2023,9,0,0,0,1,415,45
P015,fast_moving,27,B737,BASE_HYD,01-04-2023,3,3,11,8,0,409,45
P015,fast_moving,27,B737,BASE_HYD,01-05-2023,15,8,8,0,1,406,30
P015,fast_moving,27,B737,BASE_HYD,01-06-2023,9,9,9,0,0,468,60
P015,fast_moving,27,B737,BASE_HYD,01-07-2023,11,0,0,0,1,467,30
P015,fast_moving,27,B737,BASE_HYD,01-08-2023,3,3,9,6,0,470,60
P015,fast_moving,27,B737,BASE_HYD,01-09-2023,9,6,6,0,1,402,60
P015,fast_moving,27,B737,BASE_HYD,01-10-2023,6,6,12,6,0,411,60
P015,fast_moving,27,B737,BASE_HYD,01-11-2023,5,5,6,1,0,400,60
P015,fast_moving,27,B737,BASE_HYD,01-12-2023,14,10,10,0,1,468,45
P015,fast_moving,27,B737,LINE_DEL,01-01-2018,0,0,15,15,0,415,60
P015,fast_moving,27,B737,LINE_DEL,01-02-2018,8,8,15,7,0,412,30
P015,fast_moving,27,B737,LINE_DEL,01-03-2018,5,5,18,13,0,407,15
P015,fast_moving,27,B737,LINE_DEL,01-04-2018,11,11,13,2,0,412,15
P015,fast_moving,27,B737,LINE_DEL,01-05-2018,8,8,14,6,0,410,60
P015,fast_moving,27,B737,LINE_DEL,01-06-2018,8,6,6,0,1,471,60
P015,fast_moving,27,B737,LINE_DEL,01-07-2018,9,7,7,0,1,475,30
P015,fast_moving,27,B737,LINE_DEL,01-08-2018,7,7,8,1,0,467,60
P015,fast_moving,27,B737,LINE_DEL,01-09-2018,8,1,1,0,1,408,60
P015,fast_moving,27,B737,LINE_DEL,01-10-2018,8,8,10,2,0,408,15
P015,fast_moving,27,B737,LINE_DEL,01-11-2018,10,10,13,3,0,411,30
P015,fast_moving,27,B737,LINE_DEL,01-12-2018,10,10,14,4,0,470,45
P015,fast_moving,27,B737,LINE_DEL,01-01-2019,4,4,4,0,0,408,60
P015,fast_moving,27,B737,LINE_DEL,01-02-2019,5,5,7,2,0,411,30
P015,fast_moving,27,B737,LINE_DEL,01-03-2019,7,7,11,4,0,409,60
P015,fast_moving,27,B737,LINE_DEL,01-04-2019,5,4,4,0,1,411,60
P015,fast_moving,27,B737,LINE_DEL,01-05-2019,5,5,12,7,0,406,30
P015,fast_moving,27,B737,LINE_DEL,01-06-2019,6,6,16,10,0,468,60
P015,fast_moving,27,B737,LINE_DEL,01-07-2019,0,0,10,10,0,482,30
P015,fast_moving,27,B737,LINE_DEL,01-08-2019,8,8,10,2,0,469,45
P015,fast_moving,27,B737,LINE_DEL,01-09-2019,4,2,2,0,1,402,15
P015,fast_moving,27,B737,LINE_DEL,01-10-2019,11,8,8,0,1,412,45
P015,fast_moving,27,B737,LINE_DEL,01-11-2019,4,0,0,0,1,408,30
P015,fast_moving,27,B737,LINE_DEL,01-12-2019,10,10,12,2,0,474,45
P015,fast_moving,27,B737,LINE_DEL,01-01-2020,3,2,2,0,1,409,45
P015,fast_moving,27,B737,LINE_DEL,01-02-2020,3,3,7,4,0,412,30
P015,fast_moving,27,B737,LINE_DEL,01-03-2020,7,7,11,4,0,409,45
P015,fast_moving,27,B737,LINE_DEL,01-04-2020,1,1,4,3,0,409,45
P015,fast_moving,27,B737,LINE_DEL,01-05-2020,8,8,11,3,0,414,15
P015,fast_moving,27,B737,LINE_DEL,01-06-2020,7,7,12,5,0,461,15
P015,fast_moving,27,B737,LINE_DEL,01-07-2020,9,9,13,4,0,465,15
P015,fast_moving,27,B737,LINE_DEL,01-08-2020,13,12,12,0,1,467,15
P015,fast_moving,27,B737,LINE_DEL,01-09-2020,6,6,10,4,0,403,30
P015,fast_moving,27,B737,LINE_DEL,01-10-2020,0,0,12,12,0,408,45
P015,fast_moving,27,B737,LINE_DEL,01-11-2020,13,12,12,0,1,407,60
P015,fast_moving,27,B737,LINE_DEL,01-12-2020,10,0,0,0,1,476,30
P015,fast_moving,27,B737,LINE_DEL,01-01-2021,8,8,10,2,0,408,30
P015,fast_moving,27,B737,LINE_DEL,01-02-2021,4,4,13,9,0,407,15
P015,fast_moving,27,B737,LINE_DEL,01-03-2021,10,9,9,0,1,407,30
P015,fast_moving,27,B737,LINE_DEL,01-04-2021,10,9,9,0,1,404,45
P015,fast_moving,27,B737,LINE_DEL,01-05-2021,8,0,0,0,1,412,45
P015,fast_moving,27,B737,LINE_DEL,01-06-2021,5,5,10,5,0,475,60
P015,fast_moving,27,B737,LINE_DEL,01-07-2021,16,5,5,0,1,464,30
P015,fast_moving,27,B737,LINE_DEL,01-08-2021,14,8,8,0,1,477,30
P015,fast_moving,27,B737,LINE_DEL,01-09-2021,0,0,7,7,0,406,15
P015,fast_moving,27,B737,LINE_DEL,01-10-2021,5,5,17,12,0,405,45
P015,fast_moving,27,B737,LINE_DEL,01-11-2021,0,0,12,12,0,410,30
P015,fast_moving,27,B737,LINE_DEL,01-12-2021,10,10,12,2,0,472,60
P015,fast_moving,27,B737,LINE_DEL,01-01-2022,4,2,2,0,1,407,45
P015,fast_moving,27,B737,LINE_DEL,01-02-2022,14,8,8,0,1,406,60
P015,fast_moving,27,B737,LINE_DEL,01-03-2022,7,0,0,0,1,412,45
P015,fast_moving,27,B737,LINE_DEL,01-04-2022,6,6,11,5,0,405,30
P015,fast_moving,27,B737,LINE_DEL,01-05-2022,9,9,17,8,0,407,30
P015,fast_moving,27,B737,LINE_DEL,01-06-2022,12,12,16,4,0,476,45
P015,fast_moving,27,B737,LINE_DEL,01-07-2022,3,3,4,1,0,462,15
P015,fast_moving,27,B737,LINE_DEL,01-08-2022,6,6,11,5,0,466,15
P015,fast_moving,27,B737,LINE_DEL,01-09-2022,7,7,12,5,0,411,15
P015,fast_moving,27,B737,LINE_DEL,01-10-2022,10,10,13,3,0,409,30
P015,fast_moving,27,B737,LINE_DEL,01-11-2022,10,10,11,1,0,411,60
P015,fast_moving,27,B737,LINE_DEL,01-12-2022,12,1,1,0,1,462,60
P015,fast_moving,27,B737,LINE_DEL,01-01-2023,10,10,12,2,0,407,15
P015,fast_moving,27,B737,LINE_DEL,01-02-2023,3,3,12,9,0,405,15
P015,fast_moving,27,B737,LINE_DEL,01-03-2023,4,4,9,5,0,415,45
P015,fast_moving,27,B737,LINE_DEL,01-04-2023,11,5,5,0,1,409,30
P015,fast_moving,27,B737,LINE_DEL,01-05-2023,11,7,7,0,1,406,15
P015,fast_moving,27,B737,LINE_DEL,01-06-2023,9,9,9,0,0,468,30
P015,fast_moving,27,B737,LINE_DEL,01-07-2023,2,2,10,8,0,467,15
P015,fast_moving,27,B737,LINE_DEL,01-08-2023,8,8,18,10,0,470,15
P015,fast_moving,27,B737,LINE_DEL,01-09-2023,8,8,10,2,0,402,15
P015,fast_moving,27,B737,LINE_DEL,01-10-2023,11,9,9,0,1,411,30
P015,fast_moving,27,B737,LINE_DEL,01-11-2023,6,6,11,5,0,400,30
P015,fast_moving,27,B737,LINE_DEL,01-12-2023,11,11,15,4,0,468,45
P015,fast_moving,27,B737,MRO_BLR,01-01-2018,5,5,28,23,0,415,45
P015,fast_moving,27,B737,MRO_BLR,01-02-2018,9,9,23,14,0,412,30
P015,fast_moving,27,B737,MRO_BLR,01-03-2018,8,8,14,6,0,407,60
P015,fast_moving,27,B737,MRO_BLR,01-04-2018,10,6,6,0,1,412,60
P015,fast_moving,27,B737,MRO_BLR,01-05-2018,7,7,10,3,0,410,45
P015,fast_moving,27,B737,MRO_BLR,01-06-2018,9,3,3,0,1,471,15
P015,fast_moving,27,B737,MRO_BLR,01-07-2018,5,5,9,4,0,475,60
P015,fast_moving,27,B737,MRO_BLR,01-08-2018,6,4,4,0,1,467,15
P015,fast_moving,27,B737,MRO_BLR,01-09-2018,10,10,11,1,0,408,45
P015,fast_moving,27,B737,MRO_BLR,01-10-2018,5,1,1,0,1,408,45
P015,fast_moving,27,B737,MRO_BLR,01-11-2018,12,11,11,0,1,411,30
P015,fast_moving,27,B737,MRO_BLR,01-12-2018,6,6,7,1,0,470,60
P015,fast_moving,27,B737,MRO_BLR,01-01-2019,10,1,1,0,1,408,60
P015,fast_moving,27,B737,MRO_BLR,01-02-2019,11,9,9,0,1,411,30
P015,fast_moving,27,B737,MRO_BLR,01-03-2019,5,5,11,6,0,409,15
P015,fast_moving,27,B737,MRO_BLR,01-04-2019,8,8,16,8,0,411,45
P015,fast_moving,27,B737,MRO_BLR,01-05-2019,7,7,8,1,0,406,45
P015,fast_moving,27,B737,MRO_BLR,01-06-2019,14,9,9,0,1,468,30
P015,fast_moving,27,B737,MRO_BLR,01-07-2019,12,10,10,0,1,482,15
P015,fast_moving,27,B737,MRO_BLR,01-08-2019,0,0,7,7,0,469,45
P015,fast_moving,27,B737,MRO_BLR,01-09-2019,6,6,7,1,0,402,15
P015,fast_moving,27,B737,MRO_BLR,01-10-2019,8,8,13,5,0,412,15
P015,fast_moving,27,B737,MRO_BLR,01-11-2019,5,5,13,8,0,408,15
P015,fast_moving,27,B737,MRO_BLR,01-12-2019,7,7,16,9,0,474,45
P015,fast_moving,27,B737,MRO_BLR,01-01-2020,7,7,9,2,0,409,60
P015,fast_moving,27,B737,MRO_BLR,01-02-2020,4,2,2,0,1,412,30
P015,fast_moving,27,B737,MRO_BLR,01-03-2020,4,4,10,6,0,409,15
P015,fast_moving,27,B737,MRO_BLR,01-04-2020,10,10,16,6,0,409,60
P015,fast_moving,27,B737,MRO_BLR,01-05-2020,11,6,6,0,1,414,45
P015,fast_moving,27,B737,MRO_BLR,01-06-2020,7,7,8,1,0,461,30
P015,fast_moving,27,B737,MRO_BLR,01-07-2020,7,7,10,3,0,465,45
P015,fast_moving,27,B737,MRO_BLR,01-08-2020,6,3,3,0,1,467,15
P015,fast_moving,27,B737,MRO_BLR,01-09-2020,5,5,8,3,0,403,15
P015,fast_moving,27,B737,MRO_BLR,01-10-2020,7,7,14,7,0,408,60
P015,fast_moving,27,B737,MRO_BLR,01-11-2020,11,7,7,0,1,407,45
P015,fast_moving,27,B737,MRO_BLR,01-12-2020,7,7,9,2,0,476,60
P015,fast_moving,27,B737,MRO_BLR,01-01-2021,7,2,2,0,1,408,15
P015,fast_moving,27,B737,MRO_BLR,01-02-2021,12,11,11,0,1,407,60
P015,fast_moving,27,B737,MRO_BLR,01-03-2021,11,0,0,0,1,407,60
P015,fast_moving,27,B737,MRO_BLR,01-04-2021,6,6,9,3,0,404,60
P015,fast_moving,27,B737,MRO_BLR,01-05-2021,7,3,3,0,1,412,60
P015,fast_moving,27,B737,MRO_BLR,01-06-2021,4,4,7,3,0,475,15
P015,fast_moving,27,B737,MRO_BLR,01-07-2021,14,12,12,0,1,464,45
P015,fast_moving,27,B737,MRO_BLR,01-08-2021,12,0,0,0,1,477,15
P015,fast_moving,27,B737,MRO_BLR,01-09-2021,6,6,7,1,0,406,30
P015,fast_moving,27,B737,MRO_BLR,01-10-2021,6,6,11,5,0,405,45
P015,fast_moving,27,B737,MRO_BLR,01-11-2021,11,5,5,0,1,410,30
P015,fast_moving,27,B737,MRO_BLR,01-12-2021,9,9,12,3,0,472,45
P015,fast_moving,27,B737,MRO_BLR,01-01-2022,10,3,3,0,1,407,30
P015,fast_moving,27,B737,MRO_BLR,01-02-2022,7,7,8,1,0,406,45
P015,fast_moving,27,B737,MRO_BLR,01-03-2022,8,1,1,0,1,412,15
P015,fast_moving,27,B737,MRO_BLR,01-04-2022,3,3,9,6,0,405,15
P015,fast_moving,27,B737,MRO_BLR,01-05-2022,7,7,18,11,0,407,60
P015,fast_moving,27,B737,MRO_BLR,01-06-2022,10,10,11,1,0,476,15
P015,fast_moving,27,B737,MRO_BLR,01-07-2022,4,4,9,5,0,462,60
P015,fast_moving,27,B737,MRO_BLR,01-08-2022,7,5,5,0,1,466,45
P015,fast_moving,27,B737,MRO_BLR,01-09-2022,6,6,7,1,0,411,30
P015,fast_moving,27,B737,MRO_BLR,01-10-2022,4,4,13,9,0,409,45
P015,fast_moving,27,B737,MRO_BLR,01-11-2022,8,8,9,1,0,411,60
P015,fast_moving,27,B737,MRO_BLR,01-12-2022,10,1,1,0,1,462,15
P015,fast_moving,27,B737,MRO_BLR,01-01-2023,11,7,7,0,1,407,60
P015,fast_moving,27,B737,MRO_BLR,01-02-2023,4,0,0,0,1,405,30
P015,fast_moving,27,B737,MRO_BLR,01-03-2023,3,3,8,5,0,415,15
P015,fast_moving,27,B737,MRO_BLR,01-04-2023,2,2,12,10,0,409,45
P015,fast_moving,27,B737,MRO_BLR,01-05-2023,8,8,10,2,0,406,15
P015,fast_moving,27,B737,MRO_BLR,01-06-2023,4,4,10,6,0,468,60
P015,fast_moving,27,B737,MRO_BLR,01-07-2023,11,6,6,0,1,467,15
P015,fast_moving,27,B737,MRO_BLR,01-08-2023,7,7,11,4,0,470,60
P015,fast_moving,27,B737,MRO_BLR,01-09-2023,6,4,4,0,1,402,30
P015,fast_moving,27,B737,MRO_BLR,01-10-2023,6,6,12,6,0,411,30
P015,fast_moving,27,B737,MRO_BLR,01-11-2023,6,6,16,10,0,400,15
P015,fast_moving,27,B737,MRO_BLR,01-12-2023,6,6,10,4,0,468,60
P016,fast_moving,27,B737,BASE_HYD,01-01-2018,6,6,26,20,0,685,45
P016,fast_moving,27,B737,BASE_HYD,01-02-2018,7,7,20,13,0,681,60
P016,fast_moving,27,B737,BASE_HYD,01-03-2018,7,7,13,6,0,689,30
P016,fast_moving,27,B737,BASE_HYD,01-04-2018,10,10,18,8,0,684,15
P016,fast_moving,27,B737,BASE_HYD,01-05-2018,5,5,19,14,0,684,30
P016,fast_moving,27,B737,BASE_HYD,01-06-2018,6,6,14,8,0,796,60
P016,fast_moving,27,B737,BASE_HYD,01-07-2018,8,8,8,0,0,794,15
P016,fast_moving,27,B737,BASE_HYD,01-08-2018,9,9,10,1,0,786,30
P016,fast_moving,27,B737,BASE_HYD,01-09-2018,9,9,13,4,0,683,60
P016,fast_moving,27,B737,BASE_HYD,01-10-2018,5,4,4,0,1,683,30
P016,fast_moving,27,B737,BASE_HYD,01-11-2018,5,5,9,4,0,671,15
P016,fast_moving,27,B737,BASE_HYD,01-12-2018,13,11,11,0,1,796,15
P016,fast_moving,27,B737,BASE_HYD,01-01-2019,13,8,8,0,1,678,15
P016,fast_moving,27,B737,BASE_HYD,01-02-2019,12,7,7,0,1,689,60
P016,fast_moving,27,B737,BASE_HYD,01-03-2019,11,0,0,0,1,683,60
P016,fast_moving,27,B737,BASE_HYD,01-04-2019,8,8,12,4,0,692,60
P016,fast_moving,27,B737,BASE_HYD,01-05-2019,7,4,4,0,1,687,15
P016,fast_moving,27,B737,BASE_HYD,01-06-2019,11,7,7,0,1,793,60
P016,fast_moving,27,B737,BASE_HYD,01-07-2019,8,0,0,0,1,781,60
P016,fast_moving,27,B737,BASE_HYD,01-08-2019,12,7,7,0,1,775,15
P016,fast_moving,27,B737,BASE_HYD,01-09-2019,5,5,7,2,0,684,60
P016,fast_moving,27,B737,BASE_HYD,01-10-2019,10,2,2,0,1,670,15
P016,fast_moving,27,B737,BASE_HYD,01-11-2019,11,11,11,0,0,680,15
P016,fast_moving,27,B737,BASE_HYD,01-12-2019,7,7,12,5,0,776,30
P016,fast_moving,27,B737,BASE_HYD,01-01-2020,7,7,17,10,0,675,45
P016,fast_moving,27,B737,BASE_HYD,01-02-2020,8,8,10,2,0,685,60
P016,fast_moving,27,B737,BASE_HYD,01-03-2020,9,2,2,0,1,684,45
P016,fast_moving,27,B737,BASE_HYD,01-04-2020,3,3,12,9,0,680,15
P016,fast_moving,27,B737,BASE_HYD,01-05-2020,4,4,9,5,0,683,60
P016,fast_moving,27,B737,BASE_HYD,01-06-2020,8,5,5,0,1,779,30
P016,fast_moving,27,B737,BASE_HYD,01-07-2020,8,8,9,1,0,802,45
P016,fast_moving,27,B737,BASE_HYD,01-08-2020,8,1,1,0,1,785,45
P016,fast_moving,27,B737,BASE_HYD,01-09-2020,15,9,9,0,1,677,30
P016,fast_moving,27,B737,BASE_HYD,01-10-2020,4,4,12,8,0,687,15
P016,fast_moving,27,B737,BASE_HYD,01-11-2020,10,10,17,7,0,689,60
P016,fast_moving,27,B737,BASE_HYD,01-12-2020,14,7,7,0,1,777,60
P016,fast_moving,27,B737,BASE_HYD,01-01-2021,7,7,12,5,0,669,45
P016,fast_moving,27,B737,BASE_HYD,01-02-2021,3,3,5,2,0,671,15
P016,fast_moving,27,B737,BASE_HYD,01-03-2021,13,12,12,0,1,674,30
P016,fast_moving,27,B737,BASE_HYD,01-04-2021,13,10,10,0,1,678,30
P016,fast_moving,27,B737,BASE_HYD,01-05-2021,7,7,8,1,0,668,45
P016,fast_moving,27,B737,BASE_HYD,01-06-2021,10,1,1,0,1,777,30
P016,fast_moving,27,B737,BASE_HYD,01-07-2021,11,11,11,0,0,779,30
P016,fast_moving,27,B737,BASE_HYD,01-08-2021,6,6,8,2,0,783,30
P016,fast_moving,27,B737,BASE_HYD,01-09-2021,9,9,10,1,0,683,60
P016,fast_moving,27,B737,BASE_HYD,01-10-2021,6,1,1,0,1,682,60
P016,fast_moving,27,B737,BASE_HYD,01-11-2021,11,8,8,0,1,691,45
P016,fast_moving,27,B737,BASE_HYD,01-12-2021,6,0,0,0,1,789,30
P016,fast_moving,27,B737,BASE_HYD,01-01-2022,5,5,9,4,0,678,60
P016,fast_moving,27,B737,BASE_HYD,01-02-2022,12,4,4,0,1,670,60
P016,fast_moving,27,B737,BASE_HYD,01-03-2022,2,2,12,10,0,672,60
P016,fast_moving,27,B737,BASE_HYD,01-04-2022,12,10,10,0,1,667,15
P016,fast_moving,27,B737,BASE_HYD,01-05-2022,2,2,12,10,0,678,45
P016,fast_moving,27,B737,BASE_HYD,01-06-2022,11,10,10,0,1,781,45
P016,fast_moving,27,B737,BASE_HYD,01-07-2022,10,0,0,0,1,785,45
P016,fast_moving,27,B737,BASE_HYD,01-08-2022,6,6,8,2,0,780,60
P016,fast_moving,27,B737,BASE_HYD,01-09-2022,8,2,2,0,1,684,15
P016,fast_moving,27,B737,BASE_HYD,01-10-2022,8,8,10,2,0,684,60
P016,fast_moving,27,B737,BASE_HYD,01-11-2022,6,2,2,0,1,670,45
P016,fast_moving,27,B737,BASE_HYD,01-12-2022,9,9,11,2,0,774,15
P016,fast_moving,27,B737,BASE_HYD,01-01-2023,10,10,10,0,0,675,30
P016,fast_moving,27,B737,BASE_HYD,01-02-2023,8,8,12,4,0,670,60
P016,fast_moving,27,B737,BASE_HYD,01-03-2023,9,4,4,0,1,673,15
P016,fast_moving,27,B737,BASE_HYD,01-04-2023,10,7,7,0,1,677,15
P016,fast_moving,27,B737,BASE_HYD,01-05-2023,6,6,12,6,0,674,60
P016,fast_moving,27,B737,BASE_HYD,01-06-2023,6,6,6,0,0,776,60
P016,fast_moving,27,B737,BASE_HYD,01-07-2023,11,8,8,0,1,769,45
P016,fast_moving,27,B737,BASE_HYD,01-08-2023,11,0,0,0,1,780,45
P016,fast_moving,27,B737,BASE_HYD,01-09-2023,5,5,8,3,0,678,15
P016,fast_moving,27,B737,BASE_HYD,01-10-2023,8,8,10,2,0,670,30
P016,fast_moving,27,B737,BASE_HYD,01-11-2023,9,9,12,3,0,666,60
P016,fast_moving,27,B737,BASE_HYD,01-12-2023,7,3,3,0,1,785,30
P016,fast_moving,27,B737,LINE_DEL,01-01-2018,6,6,23,17,0,685,30
P016,fast_moving,27,B737,LINE_DEL,01-02-2018,10,10,17,7,0,681,30
P016,fast_moving,27,B737,LINE_DEL,01-03-2018,11,11,18,7,0,689,45
P016,fast_moving,27,B737,LINE_DEL,01-04-2018,5,5,7,2,0,684,45
P016,fast_moving,27,B737,LINE_DEL,01-05-2018,7,7,9,2,0,684,15
P016,fast_moving,27,B737,LINE_DEL,01-06-2018,12,12,12,0,0,796,15
P016,fast_moving,27,B737,LINE_DEL,01-07-2018,7,7,7,0,0,794,60
P016,fast_moving,27,B737,LINE_DEL,01-08-2018,12,0,0,0,1,786,60
P016,fast_moving,27,B737,LINE_DEL,01-09-2018,11,7,7,0,1,683,30
P016,fast_moving,27,B737,LINE_DEL,01-10-2018,5,5,11,6,0,683,15
P016,fast_moving,27,B737,LINE_DEL,01-11-2018,3,3,15,12,0,671,60
P016,fast_moving,27,B737,LINE_DEL,01-12-2018,7,7,12,5,0,796,15
P016,fast_moving,27,B737,LINE_DEL,01-01-2019,6,6,14,8,0,678,15
P016,fast_moving,27,B737,LINE_DEL,01-02-2019,8,8,17,9,0,689,60
P016,fast_moving,27,B737,LINE_DEL,01-03-2019,16,9,9,0,1,683,45
P016,fast_moving,27,B737,LINE_DEL,01-04-2019,10,0,0,0,1,692,45
P016,fast_moving,27,B737,LINE_DEL,01-05-2019,6,6,9,3,0,687,30
P016,fast_moving,27,B737,LINE_DEL,01-06-2019,5,5,10,5,0,793,45
P016,fast_moving,27,B737,LINE_DEL,01-07-2019,4,4,5,1,0,781,15
P016,fast_moving,27,B737,LINE_DEL,01-08-2019,13,12,12,0,1,775,15
P016,fast_moving,27,B737,LINE_DEL,01-09-2019,6,6,10,4,0,684,30
P016,fast_moving,27,B737,LINE_DEL,01-10-2019,5,5,16,11,0,670,30
P016,fast_moving,27,B737,LINE_DEL,01-11-2019,8,8,11,3,0,680,30
P016,fast_moving,27,B737,LINE_DEL,01-12-2019,12,12,13,1,0,776,60
P016,fast_moving,27,B737,LINE_DEL,01-01-2020,6,1,1,0,1,675,45
P016,fast_moving,27,B737,LINE_DEL,01-02-2020,6,6,11,5,0,685,60
P016,fast_moving,27,B737,LINE_DEL,01-03-2020,5,5,5,0,0,684,45
P016,fast_moving,27,B737,LINE_DEL,01-04-2020,9,9,11,2,0,680,30
P016,fast_moving,27,B737,LINE_DEL,01-05-2020,9,9,9,0,0,683,45
P016,fast_moving,27,B737,LINE_DEL,01-06-2020,10,0,0,0,1,779,30
P016,fast_moving,27,B737,LINE_DEL,01-07-2020,9,9,11,2,0,802,30
P016,fast_moving,27,B737,LINE_DEL,01-08-2020,9,9,11,2,0,785,45
P016,fast_moving,27,B737,LINE_DEL,01-09-2020,10,2,2,0,1,677,30
P016,fast_moving,27,B737,LINE_DEL,01-10-2020,5,5,11,6,0,687,45
P016,fast_moving,27,B737,LINE_DEL,01-11-2020,3,3,6,3,0,689,30
P016,fast_moving,27,B737,LINE_DEL,01-12-2020,10,10,12,2,0,777,45
P016,fast_moving,27,B737,LINE_DEL,01-01-2021,5,2,2,0,1,669,45
P016,fast_moving,27,B737,LINE_DEL,01-02-2021,6,6,10,4,0,671,30
P016,fast_moving,27,B737,LINE_DEL,01-03-2021,10,10,16,6,0,674,60
P016,fast_moving,27,B737,LINE_DEL,01-04-2021,7,6,6,0,1,678,60
P016,fast_moving,27,B737,LINE_DEL,01-05-2021,11,11,11,0,0,668,30
P016,fast_moving,27,B737,LINE_DEL,01-06-2021,8,8,10,2,0,777,15
P016,fast_moving,27,B737,LINE_DEL,01-07-2021,12,12,13,1,0,779,15
P016,fast_moving,27,B737,LINE_DEL,01-08-2021,9,9,11,2,0,783,15
P016,fast_moving,27,B737,LINE_DEL,01-09-2021,10,10,12,2,0,683,30
P016,fast_moving,27,B737,LINE_DEL,01-10-2021,12,12,14,2,0,682,15
P016,fast_moving,27,B737,LINE_DEL,01-11-2021,11,11,13,2,0,691,45
P016,fast_moving,27,B737,LINE_DEL,01-12-2021,9,2,2,0,1,789,30
P016,fast_moving,27,B737,LINE_DEL,01-01-2022,13,12,12,0,1,678,45
P016,fast_moving,27,B737,LINE_DEL,01-02-2022,8,0,0,0,1,670,45
P016,fast_moving,27,B737,LINE_DEL,01-03-2022,7,7,7,0,0,672,30
P016,fast_moving,27,B737,LINE_DEL,01-04-2022,6,6,11,5,0,667,60
P016,fast_moving,27,B737,LINE_DEL,01-05-2022,5,5,5,0,0,678,30
P016,fast_moving,27,B737,LINE_DEL,01-06-2022,8,8,9,1,0,781,45
P016,fast_moving,27,B737,LINE_DEL,01-07-2022,8,1,1,0,1,785,30
P016,fast_moving,27,B737,LINE_DEL,01-08-2022,17,12,12,0,1,780,60
P016,fast_moving,27,B737,LINE_DEL,01-09-2022,7,0,0,0,1,684,60
P016,fast_moving,27,B737,LINE_DEL,01-10-2022,10,9,9,0,1,684,45
P016,fast_moving,27,B737,LINE_DEL,01-11-2022,8,0,0,0,1,670,45
P016,fast_moving,27,B737,LINE_DEL,01-12-2022,8,8,11,3,0,774,60
P016,fast_moving,27,B737,LINE_DEL,01-01-2023,4,3,3,0,1,675,30
P016,fast_moving,27,B737,LINE_DEL,01-02-2023,7,7,12,5,0,670,45
P016,fast_moving,27,B737,LINE_DEL,01-03-2023,7,5,5,0,1,673,45
P016,fast_moving,27,B737,LINE_DEL,01-04-2023,5,5,11,6,0,677,15
P016,fast_moving,27,B737,LINE_DEL,01-05-2023,7,7,15,8,0,674,15
P016,fast_moving,27,B737,LINE_DEL,01-06-2023,0,0,15,15,0,776,60
P016,fast_moving,27,B737,LINE_DEL,01-07-2023,6,6,15,9,0,769,45
P016,fast_moving,27,B737,LINE_DEL,01-08-2023,11,9,9,0,1,780,45
P016,fast_moving,27,B737,LINE_DEL,01-09-2023,4,0,0,0,1,678,15
P016,fast_moving,27,B737,LINE_DEL,01-10-2023,9,9,9,0,0,670,30
P016,fast_moving,27,B737,LINE_DEL,01-11-2023,7,7,8,1,0,666,45
P016,fast_moving,27,B737,LINE_DEL,01-12-2023,13,1,1,0,1,785,60
P016,fast_moving,27,B737,MRO_BLR,01-01-2018,4,4,27,23,0,685,60
P016,fast_moving,27,B737,MRO_BLR,01-02-2018,7,7,23,16,0,681,45
P016,fast_moving,27,B737,MRO_BLR,01-03-2018,4,4,16,12,0,689,30
P016,fast_moving,27,B737,MRO_BLR,01-04-2018,10,10,12,2,0,684,30
P016,fast_moving,27,B737,MRO_BLR,01-05-2018,0,0,14,14,0,684,60
P016,fast_moving,27,B737,MRO_BLR,01-06-2018,10,10,14,4,0,796,15
P016,fast_moving,27,B737,MRO_BLR,01-07-2018,5,5,15,10,0,794,30
P016,fast_moving,27,B737,MRO_BLR,01-08-2018,7,7,10,3,0,786,30
P016,fast_moving,27,B737,MRO_BLR,01-09-2018,14,12,12,0,1,683,30
P016,fast_moving,27,B737,MRO_BLR,01-10-2018,9,9,10,1,0,683,60
P016,fast_moving,27,B737,MRO_BLR,01-11-2018,3,1,1,0,1,671,45
P016,fast_moving,27,B737,MRO_BLR,01-12-2018,14,7,7,0,1,796,15
P016,fast_moving,27,B737,MRO_BLR,01-01-2019,9,7,7,0,1,678,30
P016,fast_moving,27,B737,MRO_BLR,01-02-2019,10,10,11,1,0,689,30
P016,fast_moving,27,B737,MRO_BLR,01-03-2019,4,4,10,6,0,683,60
P016,fast_moving,27,B737,MRO_BLR,01-04-2019,0,0,6,6,0,692,60
P016,fast_moving,27,B737,MRO_BLR,01-05-2019,15,14,14,0,1,687,60
P016,fast_moving,27,B737,MRO_BLR,01-06-2019,8,0,0,0,1,793,60
P016,fast_moving,27,B737,MRO_BLR,01-07-2019,10,10,10,0,0,781,60
P016,fast_moving,27,B737,MRO_BLR,01-08-2019,11,0,0,0,1,775,15
P016,fast_moving,27,B737,MRO_BLR,01-09-2019,9,7,7,0,1,684,30
P016,fast_moving,27,B737,MRO_BLR,01-10-2019,12,10,10,0,1,670,30
P016,fast_moving,27,B737,MRO_BLR,01-11-2019,12,10,10,0,1,680,60
P016,fast_moving,27,B737,MRO_BLR,01-12-2019,6,0,0,0,1,776,60
P016,fast_moving,27,B737,MRO_BLR,01-01-2020,5,5,7,2,0,675,30
P016,fast_moving,27,B737,MRO_BLR,01-02-2020,4,4,14,10,0,685,45
P016,fast_moving,27,B737,MRO_BLR,01-03-2020,6,6,10,4,0,684,15
P016,fast_moving,27,B737,MRO_BLR,01-04-2020,6,6,16,10,0,680,15
P016,fast_moving,27,B737,MRO_BLR,01-05-2020,4,4,10,6,0,683,30
P016,fast_moving,27,B737,MRO_BLR,01-06-2020,20,16,16,0,1,779,60
P016,fast_moving,27,B737,MRO_BLR,01-07-2020,6,0,0,0,1,802,45
P016,fast_moving,27,B737,MRO_BLR,01-08-2020,11,8,8,0,1,785,15
P016,fast_moving,27,B737,MRO_BLR,01-09-2020,7,7,9,2,0,677,30
P016,fast_moving,27,B737,MRO_BLR,01-10-2020,4,4,11,7,0,687,45
P016,fast_moving,27,B737,MRO_BLR,01-11-2020,8,7,7,0,1,689,45
P016,fast_moving,27,B737,MRO_BLR,01-12-2020,13,11,11,0,1,777,15
P016,fast_moving,27,B737,MRO_BLR,01-01-2021,9,9,11,2,0,669,45
P016,fast_moving,27,B737,MRO_BLR,01-02-2021,8,2,2,0,1,671,60
P016,fast_moving,27,B737,MRO_BLR,01-03-2021,8,7,7,0,1,674,60
P016,fast_moving,27,B737,MRO_BLR,01-04-2021,8,0,0,0,1,678,30
P016,fast_moving,27,B737,MRO_BLR,01-05-2021,0,0,11,11,0,668,60
P016,fast_moving,27,B737,MRO_BLR,01-06-2021,9,9,11,2,0,777,30
P016,fast_moving,27,B737,MRO_BLR,01-07-2021,12,12,13,1,0,779,45
P016,fast_moving,27,B737,MRO_BLR,01-08-2021,9,1,1,0,1,783,60
P016,fast_moving,27,B737,MRO_BLR,01-09-2021,5,5,10,5,0,683,15
P016,fast_moving,27,B737,MRO_BLR,01-10-2021,13,12,12,0,1,682,45
P016,fast_moving,27,B737,MRO_BLR,01-11-2021,5,0,0,0,1,691,30
P016,fast_moving,27,B737,MRO_BLR,01-12-2021,6,6,11,5,0,789,45
P016,fast_moving,27,B737,MRO_BLR,01-01-2022,8,5,5,0,1,678,45
P016,fast_moving,27,B737,MRO_BLR,01-02-2022,11,11,12,1,0,670,15
P016,fast_moving,27,B737,MRO_BLR,01-03-2022,10,10,13,3,0,672,60
P016,fast_moving,27,B737,MRO_BLR,01-04-2022,8,3,3,0,1,667,45
P016,fast_moving,27,B737,MRO_BLR,01-05-2022,7,7,11,4,0,678,45
P016,fast_moving,27,B737,MRO_BLR,01-06-2022,4,4,4,0,0,781,30
P016,fast_moving,27,B737,MRO_BLR,01-07-2022,7,7,10,3,0,785,45
P016,fast_moving,27,B737,MRO_BLR,01-08-2022,12,3,3,0,1,780,60
P016,fast_moving,27,B737,MRO_BLR,01-09-2022,6,6,10,4,0,684,60
P016,fast_moving,27,B737,MRO_BLR,01-10-2022,6,4,4,0,1,684,60
P016,fast_moving,27,B737,MRO_BLR,01-11-2022,6,6,11,5,0,670,30
P016,fast_moving,27,B737,MRO_BLR,01-12-2022,9,9,16,7,0,774,30
P016,fast_moving,27,B737,MRO_BLR,01-01-2023,8,8,18,10,0,675,30
P016,fast_moving,27,B737,MRO_BLR,01-02-2023,0,0,10,10,0,670,45
P016,fast_moving,27,B737,MRO_BLR,01-03-2023,4,4,10,6,0,673,15
P016,fast_moving,27,B737,MRO_BLR,01-04-2023,3,3,17,14,0,677,30
P016,fast_moving,27,B737,MRO_BLR,01-05-2023,9,9,14,5,0,674,15
P016,fast_moving,27,B737,MRO_BLR,01-06-2023,14,14,14,0,0,776,30
P016,fast_moving,27,B737,MRO_BLR,01-07-2023,12,7,7,0,1,769,45
P016,fast_moving,27,B737,MRO_BLR,01-08-2023,4,0,0,0,1,780,45
P016,fast_moving,27,B737,MRO_BLR,01-09-2023,3,3,7,4,0,678,30
P016,fast_moving,27,B737,MRO_BLR,01-10-2023,7,7,14,7,0,670,15
P016,fast_moving,27,B737,MRO_BLR,01-11-2023,4,4,19,15,0,666,15
P016,fast_moving,27,B737,MRO_BLR,01-12-2023,8,8,15,7,0,785,60
P017,fast_moving,32,B737,BASE_HYD,01-01-2018,9,9,27,18,0,635,60
P017,fast_moving,32,B737,BASE_HYD,01-02-2018,8,8,18,10,0,639,60
P017,fast_moving,32,B737,BASE_HYD,01-03-2018,12,10,10,0,1,648,30
P017,fast_moving,32,B737,BASE_HYD,01-04-2018,7,7,11,4,0,641,45
P017,fast_moving,32,B737,BASE_HYD,01-05-2018,8,4,4,0,1,649,15
P017,fast_moving,32,B737,BASE_HYD,01-06-2018,9,9,11,2,0,732,60
P017,fast_moving,32,B737,BASE_HYD,01-07-2018,6,2,2,0,1,720,45
P017,fast_moving,32,B737,BASE_HYD,01-08-2018,8,8,12,4,0,756,60
P017,fast_moving,32,B737,BASE_HYD,01-09-2018,5,4,4,0,1,642,60
P017,fast_moving,32,B737,BASE_HYD,01-10-2018,6,6,8,2,0,646,60
P017,fast_moving,32,B737,BASE_HYD,01-11-2018,6,2,2,0,1,636,60
P017,fast_moving,32,B737,BASE_HYD,01-12-2018,7,7,11,4,0,727,15
P017,fast_moving,32,B737,BASE_HYD,01-01-2019,6,6,11,5,0,640,45
P017,fast_moving,32,B737,BASE_HYD,01-02-2019,12,5,5,0,1,626,45
P017,fast_moving,32,B737,BASE_HYD,01-03-2019,6,6,8,2,0,637,30
P017,fast_moving,32,B737,BASE_HYD,01-04-2019,4,4,14,10,0,646,15
P017,fast_moving,32,B737,BASE_HYD,01-05-2019,8,8,10,2,0,642,60
P017,fast_moving,32,B737,BASE_HYD,01-06-2019,12,2,2,0,1,737,30
P017,fast_moving,32,B737,BASE_HYD,01-07-2019,12,8,8,0,1,748,15
P017,fast_moving,32,B737,BASE_HYD,01-08-2019,10,10,11,1,0,738,45
P017,fast_moving,32,B737,BASE_HYD,01-09-2019,13,1,1,0,1,627,15
P017,fast_moving,32,B737,BASE_HYD,01-10-2019,4,4,12,8,0,638,30
P017,fast_moving,32,B737,BASE_HYD,01-11-2019,9,9,20,11,0,651,15
P017,fast_moving,32,B737,BASE_HYD,01-12-2019,11,11,11,0,0,733,45
P017,fast_moving,32,B737,BASE_HYD,01-01-2020,11,0,0,0,1,649,30
P017,fast_moving,32,B737,BASE_HYD,01-02-2020,9,8,8,0,1,644,60
P017,fast_moving,32,B737,BASE_HYD,01-03-2020,7,0,0,0,1,635,15
P017,fast_moving,32,B737,BASE_HYD,01-04-2020,9,9,11,2,0,630,45
P017,fast_moving,32,B737,BASE_HYD,01-05-2020,7,2,2,0,1,639,60
P017,fast_moving,32,B737,BASE_HYD,01-06-2020,11,9,9,0,1,742,60
P017,fast_moving,32,B737,BASE_HYD,01-07-2020,8,0,0,0,1,721,15
P017,fast_moving,32,B737,BASE_HYD,01-08-2020,13,12,12,0,1,734,60
P017,fast_moving,32,B737,BASE_HYD,01-09-2020,8,0,0,0,1,624,60
P017,fast_moving,32,B737,BASE_HYD,01-10-2020,8,8,12,4,0,635,30
P017,fast_moving,32,B737,BASE_HYD,01-11-2020,6,6,15,9,0,627,15
P017,fast_moving,32,B737,BASE_HYD,01-12-2020,0,0,9,9,0,737,30
P017,fast_moving,32,B737,BASE_HYD,01-01-2021,4,4,9,5,0,631,60
P017,fast_moving,32,B737,BASE_HYD,01-02-2021,8,5,5,0,1,643,30
P017,fast_moving,32,B737,BASE_HYD,01-03-2021,4,4,10,6,0,632,45
P017,fast_moving,32,B737,BASE_HYD,01-04-2021,5,5,6,1,0,631,60
P017,fast_moving,32,B737,BASE_HYD,01-05-2021,11,8,8,0,1,625,45
P017,fast_moving,32,B737,BASE_HYD,01-06-2021,11,0,0,0,1,733,30
P017,fast_moving,32,B737,BASE_HYD,01-07-2021,4,4,10,6,0,734,15
P017,fast_moving,32,B737,BASE_HYD,01-08-2021,8,8,14,6,0,737,30
P017,fast_moving,32,B737,BASE_HYD,01-09-2021,6,6,15,9,0,639,30
P017,fast_moving,32,B737,BASE_HYD,01-10-2021,10,9,9,0,1,638,45
P017,fast_moving,32,B737,BASE_HYD,01-11-2021,2,0,0,0,1,639,30
P017,fast_moving,32,B737,BASE_HYD,01-12-2021,9,9,9,0,0,736,45
P017,fast_moving,32,B737,BASE_HYD,01-01-2022,7,0,0,0,1,639,60
P017,fast_moving,32,B737,BASE_HYD,01-02-2022,8,8,8,0,0,624,45
P017,fast_moving,32,B737,BASE_HYD,01-03-2022,3,0,0,0,1,630,45
P017,fast_moving,32,B737,BASE_HYD,01-04-2022,5,5,8,3,0,623,60
P017,fast_moving,32,B737,BASE_HYD,01-05-2022,3,3,3,0,0,635,60
P017,fast_moving,32,B737,BASE_HYD,01-06-2022,16,11,11,0,1,740,15
P017,fast_moving,32,B737,BASE_HYD,01-07-2022,6,6,8,2,0,735,45
P017,fast_moving,32,B737,BASE_HYD,01-08-2022,6,2,2,0,1,724,15
P017,fast_moving,32,B737,BASE_HYD,01-09-2022,8,8,8,0,0,637,60
P017,fast_moving,32,B737,BASE_HYD,01-10-2022,9,0,0,0,1,636,60
P017,fast_moving,32,B737,BASE_HYD,01-11-2022,6,6,9,3,0,635,45
P017,fast_moving,32,B737,BASE_HYD,01-12-2022,11,3,3,0,1,719,15
P017,fast_moving,32,B737,BASE_HYD,01-01-2023,8,7,7,0,1,640,45
P017,fast_moving,32,B737,BASE_HYD,01-02-2023,7,0,0,0,1,624,30
P017,fast_moving,32,B737,BASE_HYD,01-03-2023,9,9,10,1,0,629,15
P017,fast_moving,32,B737,BASE_HYD,01-04-2023,5,5,11,6,0,637,15
P017,fast_moving,32,B737,BASE_HYD,01-05-2023,7,7,14,7,0,629,30
P017,fast_moving,32,B737,BASE_HYD,01-06-2023,5,5,16,11,0,727,30
P017,fast_moving,32,B737,BASE_HYD,01-07-2023,11,11,11,0,0,727,30
P017,fast_moving,32,B737,BASE_HYD,01-08-2023,8,8,10,2,0,727,45
P017,fast_moving,32,B737,BASE_HYD,01-09-2023,3,2,2,0,1,632,15
P017,fast_moving,32,B737,BASE_HYD,01-10-2023,9,7,7,0,1,633,45
P017,fast_moving,32,B737,BASE_HYD,01-11-2023,8,0,0,0,1,632,15
P017,fast_moving,32,B737,BASE_HYD,01-12-2023,7,7,11,4,0,720,60
P017,fast_moving,32,B737,LINE_DEL,01-01-2018,6,6,24,18,0,635,45
P017,fast_moving,32,B737,LINE_DEL,01-02-2018,12,12,18,6,0,639,45
P017,fast_moving,32,B737,LINE_DEL,01-03-2018,6,6,6,0,0,648,45
P017,fast_moving,32,B737,LINE_DEL,01-04-2018,11,11,12,1,0,641,60
P017,fast_moving,32,B737,LINE_DEL,01-05-2018,4,1,1,0,1,649,60
P017,fast_moving,32,B737,LINE_DEL,01-06-2018,6,6,11,5,0,732,15
P017,fast_moving,32,B737,LINE_DEL,01-07-2018,7,7,15,8,0,720,45
P017,fast_moving,32,B737,LINE_DEL,01-08-2018,7,7,8,1,0,756,60
P017,fast_moving,32,B737,LINE_DEL,01-09-2018,8,8,8,0,0,642,45
P017,fast_moving,32,B737,LINE_DEL,01-10-2018,4,0,0,0,1,646,45
P017,fast_moving,32,B737,LINE_DEL,01-11-2018,12,12,12,0,0,636,60
P017,fast_moving,32,B737,LINE_DEL,01-12-2018,8,0,0,0,1,727,15
P017,fast_moving,32,B737,LINE_DEL,01-01-2019,5,5,12,7,0,640,60
P017,fast_moving,32,B737,LINE_DEL,01-02-2019,3,3,7,4,0,626,30
P017,fast_moving,32,B737,LINE_DEL,01-03-2019,10,10,14,4,0,637,15
P017,fast_moving,32,B737,LINE_DEL,01-04-2019,8,8,13,5,0,646,45
P017,fast_moving,32,B737,LINE_DEL,01-05-2019,5,5,5,0,0,642,45
P017,fast_moving,32,B737,LINE_DEL,01-06-2019,6,6,10,4,0,737,45
P017,fast_moving,32,B737,LINE_DEL,01-07-2019,7,4,4,0,1,748,45
P017,fast_moving,32,B737,LINE_DEL,01-08-2019,11,11,11,0,0,738,60
P017,fast_moving,32,B737,LINE_DEL,01-09-2019,5,0,0,0,1,627,60
P017,fast_moving,32,B737,LINE_DEL,01-10-2019,7,7,12,5,0,638,45
P017,fast_moving,32,B737,LINE_DEL,01-11-2019,13,5,5,0,1,651,60
P017,fast_moving,32,B737,LINE_DEL,01-12-2019,12,8,8,0,1,733,60
P017,fast_moving,32,B737,LINE_DEL,01-01-2020,9,0,0,0,1,649,60
P017,fast_moving,32,B737,LINE_DEL,01-02-2020,8,8,8,0,0,644,45
P017,fast_moving,32,B737,LINE_DEL,01-03-2020,11,0,0,0,1,635,30
P017,fast_moving,32,B737,LINE_DEL,01-04-2020,9,9,11,2,0,630,30
P017,fast_moving,32,B737,LINE_DEL,01-05-2020,3,3,11,8,0,639,15
P017,fast_moving,32,B737,LINE_DEL,01-06-2020,9,9,15,6,0,742,30
P017,fast_moving,32,B737,LINE_DEL,01-07-2020,8,8,18,10,0,721,15
P017,fast_moving,32,B737,LINE_DEL,01-08-2020,5,5,10,5,0,734,30
P017,fast_moving,32,B737,LINE_DEL,01-09-2020,0,0,13,13,0,624,15
P017,fast_moving,32,B737,LINE_DEL,01-10-2020,5,5,13,8,0,635,15
P017,fast_moving,32,B737,LINE_DEL,01-11-2020,11,11,16,5,0,627,45
P017,fast_moving,32,B737,LINE_DEL,01-12-2020,11,5,5,0,1,737,45
P017,fast_moving,32,B737,LINE_DEL,01-01-2021,9,9,9,0,0,631,60
P017,fast_moving,32,B737,LINE_DEL,01-02-2021,5,0,0,0,1,643,30
P017,fast_moving,32,B737,LINE_DEL,01-03-2021,8,7,7,0,1,632,60
P017,fast_moving,32,B737,LINE_DEL,01-04-2021,8,0,0,0,1,631,15
P017,fast_moving,32,B737,LINE_DEL,01-05-2021,6,6,8,2,0,625,15
P017,fast_moving,32,B737,LINE_DEL,01-06-2021,14,11,11,0,1,733,30
P017,fast_moving,32,B737,LINE_DEL,01-07-2021,9,9,10,1,0,734,15
P017,fast_moving,32,B737,LINE_DEL,01-08-2021,12,11,11,0,1,737,60
P017,fast_moving,32,B737,LINE_DEL,01-09-2021,7,0,0,0,1,639,45
P017,fast_moving,32,B737,LINE_DEL,01-10-2021,3,3,8,5,0,638,45
P017,fast_moving,32,B737,LINE_DEL,01-11-2021,12,5,5,0,1,639,30
P017,fast_moving,32,B737,LINE_DEL,01-12-2021,8,7,7,0,1,736,45
P017,fast_moving,32,B737,LINE_DEL,01-01-2022,10,0,0,0,1,639,30
P017,fast_moving,32,B737,LINE_DEL,01-02-2022,2,2,8,6,0,624,30
P017,fast_moving,32,B737,LINE_DEL,01-03-2022,5,5,18,13,0,630,15
P017,fast_moving,32,B737,LINE_DEL,01-04-2022,5,5,13,8,0,623,45
P017,fast_moving,32,B737,LINE_DEL,01-05-2022,7,7,8,1,0,635,60
P017,fast_moving,32,B737,LINE_DEL,01-06-2022,8,8,13,5,0,740,45
P017,fast_moving,32,B737,LINE_DEL,01-07-2022,13,5,5,0,1,735,15
P017,fast_moving,32,B737,LINE_DEL,01-08-2022,13,9,9,0,1,724,30
P017,fast_moving,32,B737,LINE_DEL,01-09-2022,7,7,11,4,0,637,15
P017,fast_moving,32,B737,LINE_DEL,01-10-2022,5,5,15,10,0,636,60
P017,fast_moving,32,B737,LINE_DEL,01-11-2022,10,10,10,0,0,635,30
P017,fast_moving,32,B737,LINE_DEL,01-12-2022,17,11,11,0,1,719,60
P017,fast_moving,32,B737,LINE_DEL,01-01-2023,0,0,0,0,0,640,45
P017,fast_moving,32,B737,LINE_DEL,01-02-2023,6,6,11,5,0,624,45
P017,fast_moving,32,B737,LINE_DEL,01-03-2023,10,5,5,0,1,629,15
P017,fast_moving,32,B737,LINE_DEL,01-04-2023,10,8,8,0,1,637,60
P017,fast_moving,32,B737,LINE_DEL,01-05-2023,6,0,0,0,1,629,60
P017,fast_moving,32,B737,LINE_DEL,01-06-2023,12,10,10,0,1,727,45
P017,fast_moving,32,B737,LINE_DEL,01-07-2023,10,0,0,0,1,727,60
P017,fast_moving,32,B737,LINE_DEL,01-08-2023,0,0,8,8,0,727,15
P017,fast_moving,32,B737,LINE_DEL,01-09-2023,9,9,15,6,0,632,45
P017,fast_moving,32,B737,LINE_DEL,01-10-2023,13,6,6,0,1,633,45
P017,fast_moving,32,B737,LINE_DEL,01-11-2023,9,9,10,1,0,632,45
P017,fast_moving,32,B737,LINE_DEL,01-12-2023,8,1,1,0,1,720,15
P017,fast_moving,32,B737,MRO_BLR,01-01-2018,7,7,29,22,0,635,60
P017,fast_moving,32,B737,MRO_BLR,01-02-2018,6,6,22,16,0,639,30
P017,fast_moving,32,B737,MRO_BLR,01-03-2018,8,8,16,8,0,648,15
P017,fast_moving,32,B737,MRO_BLR,01-04-2018,6,6,18,12,0,641,60
P017,fast_moving,32,B737,MRO_BLR,01-05-2018,7,7,12,5,0,649,30
P017,fast_moving,32,B737,MRO_BLR,01-06-2018,7,7,15,8,0,732,45
P017,fast_moving,32,B737,MRO_BLR,01-07-2018,11,8,8,0,1,720,15
P017,fast_moving,32,B737,MRO_BLR,01-08-2018,4,4,11,7,0,756,15
P017,fast_moving,32,B737,MRO_BLR,01-09-2018,11,11,16,5,0,642,15
P017,fast_moving,32,B737,MRO_BLR,01-10-2018,6,6,17,11,0,646,45
P017,fast_moving,32,B737,MRO_BLR,01-11-2018,5,5,11,6,0,636,45
P017,fast_moving,32,B737,MRO_BLR,01-12-2018,12,6,6,0,1,727,30
P017,fast_moving,32,B737,MRO_BLR,01-01-2019,4,4,10,6,0,640,15
P017,fast_moving,32,B737,MRO_BLR,01-02-2019,3,3,17,14,0,626,30
P017,fast_moving,32,B737,MRO_BLR,01-03-2019,5,5,14,9,0,637,30
P017,fast_moving,32,B737,MRO_BLR,01-04-2019,14,9,9,0,1,646,30
P017,fast_moving,32,B737,MRO_BLR,01-05-2019,7,7,9,2,0,642,60
P017,fast_moving,32,B737,MRO_BLR,01-06-2019,0,0,2,2,0,737,15
P017,fast_moving,32,B737,MRO_BLR,01-07-2019,0,0,10,10,0,748,15
P017,fast_moving,32,B737,MRO_BLR,01-08-2019,12,10,10,0,1,738,45
P017,fast_moving,32,B737,MRO_BLR,01-09-2019,8,0,0,0,1,627,60
P017,fast_moving,32,B737,MRO_BLR,01-10-2019,13,7,7,0,1,638,45
P017,fast_moving,32,B737,MRO_BLR,01-11-2019,0,0,0,0,0,651,30
P017,fast_moving,32,B737,MRO_BLR,01-12-2019,5,5,11,6,0,733,30
P017,fast_moving,32,B737,MRO_BLR,01-01-2020,9,9,18,9,0,649,60
P017,fast_moving,32,B737,MRO_BLR,01-02-2020,4,4,9,5,0,644,15
P017,fast_moving,32,B737,MRO_BLR,01-03-2020,8,8,13,5,0,635,15
P017,fast_moving,32,B737,MRO_BLR,01-04-2020,8,8,14,6,0,630,45
P017,fast_moving,32,B737,MRO_BLR,01-05-2020,11,6,6,0,1,639,15
P017,fast_moving,32,B737,MRO_BLR,01-06-2020,12,8,8,0,1,742,30
P017,fast_moving,32,B737,MRO_BLR,01-07-2020,7,7,10,3,0,721,45
P017,fast_moving,32,B737,MRO_BLR,01-08-2020,16,3,3,0,1,734,45
P017,fast_moving,32,B737,MRO_BLR,01-09-2020,6,6,7,1,0,624,15
P017,fast_moving,32,B737,MRO_BLR,01-10-2020,13,9,9,0,1,635,45
P017,fast_moving,32,B737,MRO_BLR,01-11-2020,6,0,0,0,1,627,45
P017,fast_moving,32,B737,MRO_BLR,01-12-2020,17,7,7,0,1,737,15
P017,fast_moving,32,B737,MRO_BLR,01-01-2021,7,7,8,1,0,631,45
P017,fast_moving,32,B737,MRO_BLR,01-02-2021,10,1,1,0,1,643,30
P017,fast_moving,32,B737,MRO_BLR,01-03-2021,10,8,8,0,1,632,30
P017,fast_moving,32,B737,MRO_BLR,01-04-2021,13,10,10,0,1,631,15
P017,fast_moving,32,B737,MRO_BLR,01-05-2021,8,7,7,0,1,625,60
P017,fast_moving,32,B737,MRO_BLR,01-06-2021,10,0,0,0,1,733,45
P017,fast_moving,32,B737,MRO_BLR,01-07-2021,11,8,8,0,1,734,15
P017,fast_moving,32,B737,MRO_BLR,01-08-2021,7,7,7,0,0,737,60
P017,fast_moving,32,B737,MRO_BLR,01-09-2021,10,0,0,0,1,639,30
P017,fast_moving,32,B737,MRO_BLR,01-10-2021,8,8,9,1,0,638,15
P017,fast_moving,32,B737,MRO_BLR,01-11-2021,8,8,9,1,0,639,15
P017,fast_moving,32,B737,MRO_BLR,01-12-2021,4,4,12,8,0,736,60
P017,fast_moving,32,B737,MRO_BLR,01-01-2022,5,5,8,3,0,639,15
P017,fast_moving,32,B737,MRO_BLR,01-02-2022,7,7,10,3,0,624,45
P017,fast_moving,32,B737,MRO_BLR,01-03-2022,8,3,3,0,1,630,30
P017,fast_moving,32,B737,MRO_BLR,01-04-2022,5,5,12,7,0,623,60
P017,fast_moving,32,B737,MRO_BLR,01-05-2022,4,4,7,3,0,635,45
P017,fast_moving,32,B737,MRO_BLR,01-06-2022,11,10,10,0,1,740,60
P017,fast_moving,32,B737,MRO_BLR,01-07-2022,7,0,0,0,1,735,45
P017,fast_moving,32,B737,MRO_BLR,01-08-2022,10,9,9,0,1,724,30
P017,fast_moving,32,B737,MRO_BLR,01-09-2022,9,9,11,2,0,637,60
P017,fast_moving,32,B737,MRO_BLR,01-10-2022,8,2,2,0,1,636,60
P017,fast_moving,32,B737,MRO_BLR,01-11-2022,16,11,11,0,1,635,15
P017,fast_moving,32,B737,MRO_BLR,01-12-2022,6,6,10,4,0,719,45
P017,fast_moving,32,B737,MRO_BLR,01-01-2023,4,4,4,0,0,640,60
P017,fast_moving,32,B737,MRO_BLR,01-02-2023,11,7,7,0,1,624,15
P017,fast_moving,32,B737,MRO_BLR,01-03-2023,8,8,9,1,0,629,15
P017,fast_moving,32,B737,MRO_BLR,01-04-2023,8,8,12,4,0,637,15
P017,fast_moving,32,B737,MRO_BLR,01-05-2023,10,10,14,4,0,629,45
P017,fast_moving,32,B737,MRO_BLR,01-06-2023,12,4,4,0,1,727,60
P017,fast_moving,32,B737,MRO_BLR,01-07-2023,6,6,7,1,0,727,15
P017,fast_moving,32,B737,MRO_BLR,01-08-2023,9,9,11,2,0,727,15
P017,fast_moving,32,B737,MRO_BLR,01-09-2023,5,5,12,7,0,632,15
P017,fast_moving,32,B737,MRO_BLR,01-10-2023,8,8,18,10,0,633,45
P017,fast_moving,32,B737,MRO_BLR,01-11-2023,4,4,10,6,0,632,45
P017,fast_moving,32,B737,MRO_BLR,01-12-2023,9,6,6,0,1,720,30
P018,fast_moving,27,A320,BASE_HYD,01-01-2018,8,8,25,17,0,551,45
P018,fast_moving,27,A320,BASE_HYD,01-02-2018,5,5,17,12,0,548,60
P018,fast_moving,27,A320,BASE_HYD,01-03-2018,9,9,12,3,0,545,30
P018,fast_moving,27,A320,BASE_HYD,01-04-2018,7,7,10,3,0,549,60
P018,fast_moving,27,A320,BASE_HYD,01-05-2018,10,3,3,0,1,545,60
P018,fast_moving,27,A320,BASE_HYD,01-06-2018,10,10,12,2,0,626,45
P018,fast_moving,27,A320,BASE_HYD,01-07-2018,7,2,2,0,1,622,15
P018,fast_moving,27,A320,BASE_HYD,01-08-2018,14,12,12,0,1,623,30
P018,fast_moving,27,A320,BASE_HYD,01-09-2018,9,8,8,0,1,541,30
P018,fast_moving,27,A320,BASE_HYD,01-10-2018,6,6,7,1,0,544,60
P018,fast_moving,27,A320,BASE_HYD,01-11-2018,7,1,1,0,1,534,15
P018,fast_moving,27,A320,BASE_HYD,01-12-2018,7,7,8,1,0,632,15
P018,fast_moving,27,A320,BASE_HYD,01-01-2019,8,8,8,0,0,553,45
P018,fast_moving,27,A320,BASE_HYD,01-02-2019,6,0,0,0,1,540,15
P018,fast_moving,27,A320,BASE_HYD,01-03-2019,12,12,12,0,0,549,15
P018,fast_moving,27,A320,BASE_HYD,01-04-2019,4,4,12,8,0,542,30
P018,fast_moving,27,A320,BASE_HYD,01-05-2019,6,6,15,9,0,539,15
P018,fast_moving,27,A320,BASE_HYD,01-06-2019,9,9,9,0,0,621,45
P018,fast_moving,27,A320,BASE_HYD,01-07-2019,11,0,0,0,1,624,30
P018,fast_moving,27,A320,BASE_HYD,01-08-2019,5,5,7,2,0,619,60
P018,fast_moving,27,A320,BASE_HYD,01-09-2019,6,2,2,0,1,546,15
P018,fast_moving,27,A320,BASE_HYD,01-10-2019,6,6,9,3,0,540,60
P018,fast_moving,27,A320,BASE_HYD,01-11-2019,7,3,3,0,1,537,30
P018,fast_moving,27,A320,BASE_HYD,01-12-2019,9,9,9,0,0,624,30
P018,fast_moving,27,A320,BASE_HYD,01-01-2020,10,10,11,1,0,537,30
P018,fast_moving,27,A320,BASE_HYD,01-02-2020,9,9,10,1,0,539,60
P018,fast_moving,27,A320,BASE_HYD,01-03-2020,2,1,1,0,1,540,45
P018,fast_moving,27,A320,BASE_HYD,01-04-2020,6,6,9,3,0,533,15
P018,fast_moving,27,A320,BASE_HYD,01-05-2020,9,9,13,4,0,549,30
P018,fast_moving,27,A320,BASE_HYD,01-06-2020,6,6,14,8,0,627,30
P018,fast_moving,27,A320,BASE_HYD,01-07-2020,12,12,15,3,0,618,60
P018,fast_moving,27,A320,BASE_HYD,01-08-2020,5,3,3,0,1,622,45
P018,fast_moving,27,A320,BASE_HYD,01-09-2020,10,9,9,0,1,544,60
P018,fast_moving,27,A320,BASE_HYD,01-10-2020,5,0,0,0,1,542,60
P018,fast_moving,27,A320,BASE_HYD,01-11-2020,13,9,9,0,1,551,30
P018,fast_moving,27,A320,BASE_HYD,01-12-2020,12,7,7,0,1,620,60
P018,fast_moving,27,A320,BASE_HYD,01-01-2021,10,0,0,0,1,546,45
P018,fast_moving,27,A320,BASE_HYD,01-02-2021,5,5,12,7,0,532,60
P018,fast_moving,27,A320,BASE_HYD,01-03-2021,10,7,7,0,1,533,60
P018,fast_moving,27,A320,BASE_HYD,01-04-2021,9,9,11,2,0,548,15
P018,fast_moving,27,A320,BASE_HYD,01-05-2021,11,11,13,2,0,537,15
P018,fast_moving,27,A320,BASE_HYD,01-06-2021,5,5,14,9,0,613,60
P018,fast_moving,27,A320,BASE_HYD,01-07-2021,11,9,9,0,1,620,15
P018,fast_moving,27,A320,BASE_HYD,01-08-2021,9,9,10,1,0,628,30
P018,fast_moving,27,A320,BASE_HYD,01-09-2021,11,9,9,0,1,535,60
P018,fast_moving,27,A320,BASE_HYD,01-10-2021,8,0,0,0,1,539,45
P018,fast_moving,27,A320,BASE_HYD,01-11-2021,5,5,9,4,0,529,30
P018,fast_moving,27,A320,BASE_HYD,01-12-2021,9,9,15,6,0,617,30
P018,fast_moving,27,A320,BASE_HYD,01-01-2022,7,7,15,8,0,543,45
P018,fast_moving,27,A320,BASE_HYD,01-02-2022,7,7,8,1,0,533,60
P018,fast_moving,27,A320,BASE_HYD,01-03-2022,7,7,9,2,0,531,60
P018,fast_moving,27,A320,BASE_HYD,01-04-2022,7,2,2,0,1,533,30
P018,fast_moving,27,A320,BASE_HYD,01-05-2022,8,8,11,3,0,534,15
P018,fast_moving,27,A320,BASE_HYD,01-06-2022,12,12,13,1,0,623,30
P018,fast_moving,27,A320,BASE_HYD,01-07-2022,11,9,9,0,1,620,30
P018,fast_moving,27,A320,BASE_HYD,01-08-2022,10,10,12,2,0,622,15
P018,fast_moving,27,A320,BASE_HYD,01-09-2022,12,10,10,0,1,538,30
P018,fast_moving,27,A320,BASE_HYD,01-10-2022,4,4,12,8,0,534,30
P018,fast_moving,27,A320,BASE_HYD,01-11-2022,0,0,16,16,0,533,30
P018,fast_moving,27,A320,BASE_HYD,01-12-2022,11,11,16,5,0,621,60
P018,fast_moving,27,A320,BASE_HYD,01-01-2023,10,5,5,0,1,544,30
P018,fast_moving,27,A320,BASE_HYD,01-02-2023,8,8,9,1,0,531,30
P018,fast_moving,27,A320,BASE_HYD,01-03-2023,5,5,13,8,0,530,45
P018,fast_moving,27,A320,BASE_HYD,01-04-2023,3,3,8,5,0,530,15
P018,fast_moving,27,A320,BASE_HYD,01-05-2023,9,9,15,6,0,540,15
P018,fast_moving,27,A320,BASE_HYD,01-06-2023,6,6,13,7,0,616,30
P018,fast_moving,27,A320,BASE_HYD,01-07-2023,4,4,18,14,0,620,60
P018,fast_moving,27,A320,BASE_HYD,01-08-2023,13,13,14,1,0,613,60
P018,fast_moving,27,A320,BASE_HYD,01-09-2023,11,1,1,0,1,539,45
P018,fast_moving,27,A320,BASE_HYD,01-10-2023,4,4,11,7,0,534,30
P018,fast_moving,27,A320,BASE_HYD,01-11-2023,11,11,18,7,0,528,15
P018,fast_moving,27,A320,BASE_HYD,01-12-2023,4,4,14,10,0,622,60
P018,fast_moving,27,A320,LINE_DEL,01-01-2018,7,7,15,8,0,551,30
P018,fast_moving,27,A320,LINE_DEL,01-02-2018,11,11,16,5,0,548,45
P018,fast_moving,27,A320,LINE_DEL,01-03-2018,12,5,5,0,1,545,60
P018,fast_moving,27,A320,LINE_DEL,01-04-2018,5,5,8,3,0,549,15
P018,fast_moving,27,A320,LINE_DEL,01-05-2018,10,10,13,3,0,545,30
P018,fast_moving,27,A320,LINE_DEL,01-06-2018,9,9,11,2,0,626,45
P018,fast_moving,27,A320,LINE_DEL,01-07-2018,9,2,2,0,1,622,60
P018,fast_moving,27,A320,LINE_DEL,01-08-2018,6,6,12,6,0,623,45
P018,fast_moving,27,A320,LINE_DEL,01-09-2018,9,6,6,0,1,541,60
P018,fast_moving,27,A320,LINE_DEL,01-10-2018,7,7,12,5,0,544,60
P018,fast_moving,27,A320,LINE_DEL,01-11-2018,10,5,5,0,1,534,60
P018,fast_moving,27,A320,LINE_DEL,01-12-2018,5,5,7,2,0,632,45
P018,fast_moving,27,A320,LINE_DEL,01-01-2019,11,2,2,0,1,553,60
P018,fast_moving,27,A320,LINE_DEL,01-02-2019,7,7,11,4,0,540,45
P018,fast_moving,27,A320,LINE_DEL,01-03-2019,6,4,4,0,1,549,60
P018,fast_moving,27,A320,LINE_DEL,01-04-2019,7,7,11,4,0,542,15
P018,fast_moving,27,A320,LINE_DEL,01-05-2019,10,10,15,5,0,539,45
P018,fast_moving,27,A320,LINE_DEL,01-06-2019,11,5,5,0,1,621,15
P018,fast_moving,27,A320,LINE_DEL,01-07-2019,6,6,8,2,0,624,45
P018,fast_moving,27,A320,LINE_DEL,01-08-2019,3,2,2,0,1,619,30
P018,fast_moving,27,A320,LINE_DEL,01-09-2019,9,9,9,0,0,546,15
P018,fast_moving,27,A320,LINE_DEL,01-10-2019,4,4,10,6,0,540,30
P018,fast_moving,27,A320,LINE_DEL,01-11-2019,7,7,13,6,0,537,15
P018,fast_moving,27,A320,LINE_DEL,01-12-2019,3,3,14,11,0,624,45
P018,fast_moving,27,A320,LINE_DEL,01-01-2020,6,6,11,5,0,537,45
P018,fast_moving,27,A320,LINE_DEL,01-02-2020,5,5,5,0,0,539,45
P018,fast_moving,27,A320,LINE_DEL,01-03-2020,7,7,11,4,0,540,30
P018,fast_moving,27,A320,LINE_DEL,01-04-2020,5,5,16,11,0,533,45
P018,fast_moving,27,A320,LINE_DEL,01-05-2020,8,8,11,3,0,549,45
P018,fast_moving,27,A320,LINE_DEL,01-06-2020,3,3,3,0,0,627,30
P018,fast_moving,27,A320,LINE_DEL,01-07-2020,12,9,9,0,1,618,60
P018,fast_moving,27,A320,LINE_DEL,01-08-2020,8,0,0,0,1,622,60
P018,fast_moving,27,A320,LINE_DEL,01-09-2020,10,9,9,0,1,544,15
P018,fast_moving,27,A320,LINE_DEL,01-10-2020,8,8,12,4,0,542,60
P018,fast_moving,27,A320,LINE_DEL,01-11-2020,5,4,4,0,1,551,30
P018,fast_moving,27,A320,LINE_DEL,01-12-2020,6,6,11,5,0,620,45
P018,fast_moving,27,A320,LINE_DEL,01-01-2021,8,5,5,0,1,546,15
P018,fast_moving,27,A320,LINE_DEL,01-02-2021,8,8,11,3,0,532,45
P018,fast_moving,27,A320,LINE_DEL,01-03-2021,7,3,3,0,1,533,60
P018,fast_moving,27,A320,LINE_DEL,01-04-2021,7,7,12,5,0,548,60
P018,fast_moving,27,A320,LINE_DEL,01-05-2021,2,2,5,3,0,537,30
P018,fast_moving,27,A320,LINE_DEL,01-06-2021,4,4,15,11,0,613,45
P018,fast_moving,27,A320,LINE_DEL,01-07-2021,15,11,11,0,1,620,30
P018,fast_moving,27,A320,LINE_DEL,01-08-2021,9,9,12,3,0,628,45
P018,fast_moving,27,A320,LINE_DEL,01-09-2021,10,3,3,0,1,535,30
P018,fast_moving,27,A320,LINE_DEL,01-10-2021,9,9,11,2,0,539,30
P018,fast_moving,27,A320,LINE_DEL,01-11-2021,4,4,14,10,0,529,60
P018,fast_moving,27,A320,LINE_DEL,01-12-2021,9,9,10,1,0,617,15
P018,fast_moving,27,A320,LINE_DEL,01-01-2022,15,10,10,0,1,543,15
P018,fast_moving,27,A320,LINE_DEL,01-02-2022,11,10,10,0,1,533,15
P018,fast_moving,27,A320,LINE_DEL,01-03-2022,14,7,7,0,1,531,45
P018,fast_moving,27,A320,LINE_DEL,01-04-2022,8,0,0,0,1,533,45
P018,fast_moving,27,A320,LINE_DEL,01-05-2022,5,5,12,7,0,534,45
P018,fast_moving,27,A320,LINE_DEL,01-06-2022,5,5,7,2,0,623,15
P018,fast_moving,27,A320,LINE_DEL,01-07-2022,9,9,12,3,0,620,15
P018,fast_moving,27,A320,LINE_DEL,01-08-2022,10,10,13,3,0,622,60
P018,fast_moving,27,A320,LINE_DEL,01-09-2022,8,3,3,0,1,538,30
P018,fast_moving,27,A320,LINE_DEL,01-10-2022,4,4,7,3,0,534,15
P018,fast_moving,27,A320,LINE_DEL,01-11-2022,8,8,10,2,0,533,30
P018,fast_moving,27,A320,LINE_DEL,01-12-2022,11,10,10,0,1,621,15
P018,fast_moving,27,A320,LINE_DEL,01-01-2023,8,8,9,1,0,544,45
P018,fast_moving,27,A320,LINE_DEL,01-02-2023,7,1,1,0,1,531,45
P018,fast_moving,27,A320,LINE_DEL,01-03-2023,9,9,10,1,0,530,45
P018,fast_moving,27,A320,LINE_DEL,01-04-2023,13,1,1,0,1,530,15
P018,fast_moving,27,A320,LINE_DEL,01-05-2023,4,4,8,4,0,540,15
P018,fast_moving,27,A320,LINE_DEL,01-06-2023,7,7,16,9,0,616,60
P018,fast_moving,27,A320,LINE_DEL,01-07-2023,10,9,9,0,1,620,30
P018,fast_moving,27,A320,LINE_DEL,01-08-2023,9,9,11,2,0,613,30
P018,fast_moving,27,A320,LINE_DEL,01-09-2023,4,4,10,6,0,539,45
P018,fast_moving,27,A320,LINE_DEL,01-10-2023,7,6,6,0,1,534,45
P018,fast_moving,27,A320,LINE_DEL,01-11-2023,9,9,12,3,0,528,60
P018,fast_moving,27,A320,LINE_DEL,01-12-2023,11,3,3,0,1,622,15
P018,fast_moving,27,A320,MRO_BLR,01-01-2018,11,11,21,10,0,551,60
P018,fast_moving,27,A320,MRO_BLR,01-02-2018,10,10,10,0,0,548,30
P018,fast_moving,27,A320,MRO_BLR,01-03-2018,10,10,12,2,0,545,45
P018,fast_moving,27,A320,MRO_BLR,01-04-2018,10,2,2,0,1,549,15
P018,fast_moving,27,A320,MRO_BLR,01-05-2018,7,7,8,1,0,545,15
P018,fast_moving,27,A320,MRO_BLR,01-06-2018,9,9,11,2,0,626,45
P018,fast_moving,27,A320,MRO_BLR,01-07-2018,6,2,2,0,1,622,15
P018,fast_moving,27,A320,MRO_BLR,01-08-2018,7,7,12,5,0,623,45
P018,fast_moving,27,A320,MRO_BLR,01-09-2018,8,5,5,0,1,541,45
P018,fast_moving,27,A320,MRO_BLR,01-10-2018,4,4,7,3,0,544,15
P018,fast_moving,27,A320,MRO_BLR,01-11-2018,5,5,11,6,0,534,30
P018,fast_moving,27,A320,MRO_BLR,01-12-2018,12,12,15,3,0,632,15
P018,fast_moving,27,A320,MRO_BLR,01-01-2019,9,9,13,4,0,553,30
P018,fast_moving,27,A320,MRO_BLR,01-02-2019,9,9,16,7,0,540,45
P018,fast_moving,27,A320,MRO_BLR,01-03-2019,0,0,7,7,0,549,15
P018,fast_moving,27,A320,MRO_BLR,01-04-2019,11,11,19,8,0,542,30
P018,fast_moving,27,A320,MRO_BLR,01-05-2019,4,4,20,16,0,539,15
P018,fast_moving,27,A320,MRO_BLR,01-06-2019,9,9,16,7,0,621,15
P018,fast_moving,27,A320,MRO_BLR,01-07-2019,5,5,18,13,0,624,15
P018,fast_moving,27,A320,MRO_BLR,01-08-2019,15,13,13,0,1,619,60
P018,fast_moving,27,A320,MRO_BLR,01-09-2019,13,0,0,0,1,546,60
P018,fast_moving,27,A320,MRO_BLR,01-10-2019,3,3,12,9,0,540,60
P018,fast_moving,27,A320,MRO_BLR,01-11-2019,8,8,9,1,0,537,60
P018,fast_moving,27,A320,MRO_BLR,01-12-2019,11,1,1,0,1,624,30
P018,fast_moving,27,A320,MRO_BLR,01-01-2020,9,9,12,3,0,537,15
P018,fast_moving,27,A320,MRO_BLR,01-02-2020,7,7,15,8,0,539,30
P018,fast_moving,27,A320,MRO_BLR,01-03-2020,10,10,15,5,0,540,30
P018,fast_moving,27,A320,MRO_BLR,01-04-2020,0,0,12,12,0,533,45
P018,fast_moving,27,A320,MRO_BLR,01-05-2020,11,11,12,1,0,549,45
P018,fast_moving,27,A320,MRO_BLR,01-06-2020,6,1,1,0,1,627,15
P018,fast_moving,27,A320,MRO_BLR,01-07-2020,0,0,7,7,0,618,60
P018,fast_moving,27,A320,MRO_BLR,01-08-2020,9,7,7,0,1,622,15
P018,fast_moving,27,A320,MRO_BLR,01-09-2020,14,9,9,0,1,544,15
P018,fast_moving,27,A320,MRO_BLR,01-10-2020,8,8,9,1,0,542,15
P018,fast_moving,27,A320,MRO_BLR,01-11-2020,7,7,8,1,0,551,15
P018,fast_moving,27,A320,MRO_BLR,01-12-2020,11,11,12,1,0,620,45
P018,fast_moving,27,A320,MRO_BLR,01-01-2021,6,1,1,0,1,546,30
P018,fast_moving,27,A320,MRO_BLR,01-02-2021,9,9,11,2,0,532,15
P018,fast_moving,27,A320,MRO_BLR,01-03-2021,6,6,12,6,0,533,60
P018,fast_moving,27,A320,MRO_BLR,01-04-2021,5,5,6,1,0,548,15
P018,fast_moving,27,A320,MRO_BLR,01-05-2021,11,11,11,0,0,537,15
P018,fast_moving,27,A320,MRO_BLR,01-06-2021,7,7,7,0,0,613,60
P018,fast_moving,27,A320,MRO_BLR,01-07-2021,9,0,0,0,1,620,15
P018,fast_moving,27,A320,MRO_BLR,01-08-2021,8,8,8,0,0,628,30
P018,fast_moving,27,A320,MRO_BLR,01-09-2021,8,8,12,4,0,535,30
P018,fast_moving,27,A320,MRO_BLR,01-10-2021,6,6,16,10,0,539,45
P018,fast_moving,27,A320,MRO_BLR,01-11-2021,7,7,10,3,0,529,60
P018,fast_moving,27,A320,MRO_BLR,01-12-2021,5,3,3,0,1,617,45
P018,fast_moving,27,A320,MRO_BLR,01-01-2022,10,8,8,0,1,543,30
P018,fast_moving,27,A320,MRO_BLR,01-02-2022,10,10,11,1,0,533,15
P018,fast_moving,27,A320,MRO_BLR,01-03-2022,7,7,9,2,0,531,15
P018,fast_moving,27,A320,MRO_BLR,01-04-2022,7,7,14,7,0,533,60
P018,fast_moving,27,A320,MRO_BLR,01-05-2022,9,7,7,0,1,534,30
P018,fast_moving,27,A320,MRO_BLR,01-06-2022,6,6,7,1,0,623,45
P018,fast_moving,27,A320,MRO_BLR,01-07-2022,9,1,1,0,1,620,30
P018,fast_moving,27,A320,MRO_BLR,01-08-2022,6,6,12,6,0,622,60
P018,fast_moving,27,A320,MRO_BLR,01-09-2022,12,6,6,0,1,538,45
P018,fast_moving,27,A320,MRO_BLR,01-10-2022,10,10,11,1,0,534,45
P018,fast_moving,27,A320,MRO_BLR,01-11-2022,8,1,1,0,1,533,30
P018,fast_moving,27,A320,MRO_BLR,01-12-2022,6,6,7,1,0,621,60
P018,fast_moving,27,A320,MRO_BLR,01-01-2023,6,1,1,0,1,544,45
P018,fast_moving,27,A320,MRO_BLR,01-02-2023,3,3,7,4,0,531,60
P018,fast_moving,27,A320,MRO_BLR,01-03-2023,6,4,4,0,1,530,60
P018,fast_moving,27,A320,MRO_BLR,01-04-2023,5,5,10,5,0,530,60
P018,fast_moving,27,A320,MRO_BLR,01-05-2023,3,3,5,2,0,540,45
P018,fast_moving,27,A320,MRO_BLR,01-06-2023,8,8,9,1,0,616,45
P018,fast_moving,27,A320,MRO_BLR,01-07-2023,12,1,1,0,1,620,45
P018,fast_moving,27,A320,MRO_BLR,01-08-2023,4,4,11,7,0,613,30
P018,fast_moving,27,A320,MRO_BLR,01-09-2023,6,6,15,9,0,539,30
P018,fast_moving,27,A320,MRO_BLR,01-10-2023,13,9,9,0,1,534,15
P018,fast_moving,27,A320,MRO_BLR,01-11-2023,12,12,12,0,0,528,45
P018,fast_moving,27,A320,MRO_BLR,01-12-2023,4,0,0,0,1,622,15
P019,fast_moving,21,A321,BASE_HYD,01-01-2018,9,9,19,10,0,566,15
P019,fast_moving,21,A321,BASE_HYD,01-02-2018,10,10,10,0,0,571,45
P019,fast_moving,21,A321,BASE_HYD,01-03-2018,6,0,0,0,1,566,60
P019,fast_moving,21,A321,BASE_HYD,01-04-2018,5,5,11,6,0,572,60
P019,fast_moving,21,A321,BASE_HYD,01-05-2018,9,6,6,0,1,560,60
P019,fast_moving,21,A321,BASE_HYD,01-06-2018,4,4,8,4,0,648,30
P019,fast_moving,21,A321,BASE_HYD,01-07-2018,8,8,15,7,0,650,45
P019,fast_moving,21,A321,BASE_HYD,01-08-2018,8,7,7,0,1,654,30
P019,fast_moving,21,A321,BASE_HYD,01-09-2018,7,7,10,3,0,561,15
P019,fast_moving,21,A321,BASE_HYD,01-10-2018,10,10,13,3,0,565,15
P019,fast_moving,21,A321,BASE_HYD,01-11-2018,10,10,13,3,0,574,30
P019,fast_moving,21,A321,BASE_HYD,01-12-2018,8,8,11,3,0,661,45
P019,fast_moving,21,A321,BASE_HYD,01-01-2019,6,3,3,0,1,554,60
P019,fast_moving,21,A321,BASE_HYD,01-02-2019,10,8,8,0,1,565,15
P019,fast_moving,21,A321,BASE_HYD,01-03-2019,13,12,12,0,1,576,60
P019,fast_moving,21,A321,BASE_HYD,01-04-2019,6,0,0,0,1,570,45
P019,fast_moving,21,A321,BASE_HYD,01-05-2019,9,8,8,0,1,571,30
P019,fast_moving,21,A321,BASE_HYD,01-06-2019,8,8,8,0,0,657,30
P019,fast_moving,21,A321,BASE_HYD,01-07-2019,8,8,9,1,0,647,45
P019,fast_moving,21,A321,BASE_HYD,01-08-2019,17,1,1,0,1,655,60
P019,fast_moving,21,A321,BASE_HYD,01-09-2019,5,5,10,5,0,571,45
P019,fast_moving,21,A321,BASE_HYD,01-10-2019,9,5,5,0,1,569,60
P019,fast_moving,21,A321,BASE_HYD,01-11-2019,7,7,11,4,0,566,60
P019,fast_moving,21,A321,BASE_HYD,01-12-2019,6,4,4,0,1,653,45
P019,fast_moving,21,A321,BASE_HYD,01-01-2020,0,0,9,9,0,560,60
P019,fast_moving,21,A321,BASE_HYD,01-02-2020,12,9,9,0,1,570,45
P019,fast_moving,21,A321,BASE_HYD,01-03-2020,4,0,0,0,1,558,60
P019,fast_moving,21,A321,BASE_HYD,01-04-2020,8,7,7,0,1,562,60
P019,fast_moving,21,A321,BASE_HYD,01-05-2020,11,0,0,0,1,570,60
P019,fast_moving,21,A321,BASE_HYD,01-06-2020,6,6,11,5,0,653,15
P019,fast_moving,21,A321,BASE_HYD,01-07-2020,3,3,17,14,0,648,30
P019,fast_moving,21,A321,BASE_HYD,01-08-2020,13,13,14,1,0,640,60
P019,fast_moving,21,A321,BASE_HYD,01-09-2020,10,1,1,0,1,566,45
P019,fast_moving,21,A321,BASE_HYD,01-10-2020,10,7,7,0,1,563,15
P019,fast_moving,21,A321,BASE_HYD,01-11-2020,6,6,12,6,0,569,30
P019,fast_moving,21,A321,BASE_HYD,01-12-2020,7,7,18,11,0,648,45
P019,fast_moving,21,A321,BASE_HYD,01-01-2021,8,8,11,3,0,555,30
P019,fast_moving,21,A321,BASE_HYD,01-02-2021,6,6,11,5,0,557,30
P019,fast_moving,21,A321,BASE_HYD,01-03-2021,3,3,13,10,0,562,30
P019,fast_moving,21,A321,BASE_HYD,01-04-2021,3,3,10,7,0,565,30
P019,fast_moving,21,A321,BASE_HYD,01-05-2021,8,8,15,7,0,558,60
P019,fast_moving,21,A321,BASE_HYD,01-06-2021,11,7,7,0,1,645,15
P019,fast_moving,21,A321,BASE_HYD,01-07-2021,8,8,12,4,0,655,15
P019,fast_moving,21,A321,BASE_HYD,01-08-2021,15,11,11,0,1,657,30
P019,fast_moving,21,A321,BASE_HYD,01-09-2021,7,7,10,3,0,566,30
P019,fast_moving,21,A321,BASE_HYD,01-10-2021,9,9,13,4,0,563,30
P019,fast_moving,21,A321,BASE_HYD,01-11-2021,10,10,11,1,0,561,15
P019,fast_moving,21,A321,BASE_HYD,01-12-2021,0,0,12,12,0,653,60
P019,fast_moving,21,A321,BASE_HYD,01-01-2022,13,12,12,0,1,561,30
P019,fast_moving,21,A321,BASE_HYD,01-02-2022,7,7,10,3,0,568,45
P019,fast_moving,21,A321,BASE_HYD,01-03-2022,9,3,3,0,1,569,45
P019,fast_moving,21,A321,BASE_HYD,01-04-2022,6,6,8,2,0,565,30
P019,fast_moving,21,A321,BASE_HYD,01-05-2022,6,6,9,3,0,560,30
P019,fast_moving,21,A321,BASE_HYD,01-06-2022,8,8,11,3,0,645,30
P019,fast_moving,21,A321,BASE_HYD,01-07-2022,8,8,12,4,0,637,30
P019,fast_moving,21,A321,BASE_HYD,01-08-2022,5,5,12,7,0,647,60
P019,fast_moving,21,A321,BASE_HYD,01-09-2022,4,4,7,3,0,563,30
P019,fast_moving,21,A321,BASE_HYD,01-10-2022,6,6,10,4,0,555,30
P019,fast_moving,21,A321,BASE_HYD,01-11-2022,8,8,13,5,0,576,30
P019,fast_moving,21,A321,BASE_HYD,01-12-2022,13,13,17,4,0,651,60
P019,fast_moving,21,A321,BASE_HYD,01-01-2023,8,4,4,0,1,557,45
P019,fast_moving,21,A321,BASE_HYD,01-02-2023,6,6,7,1,0,573,45
P019,fast_moving,21,A321,BASE_HYD,01-03-2023,5,1,1,0,1,559,30
P019,fast_moving,21,A321,BASE_HYD,01-04-2023,3,3,12,9,0,566,30
P019,fast_moving,21,A321,BASE_HYD,01-05-2023,6,6,9,3,0,562,60
P019,fast_moving,21,A321,BASE_HYD,01-06-2023,10,3,3,0,1,643,45
P019,fast_moving,21,A321,BASE_HYD,01-07-2023,8,8,9,1,0,643,30
P019,fast_moving,21,A321,BASE_HYD,01-08-2023,12,12,12,0,0,655,15
P019,fast_moving,21,A321,BASE_HYD,01-09-2023,6,6,12,6,0,566,15
P019,fast_moving,21,A321,BASE_HYD,01-10-2023,13,13,16,3,0,561,15
P019,fast_moving,21,A321,BASE_HYD,01-11-2023,2,2,10,8,0,550,45
P019,fast_moving,21,A321,BASE_HYD,01-12-2023,13,8,8,0,1,648,30
P019,fast_moving,21,A321,LINE_DEL,01-01-2018,9,9,23,14,0,566,60
P019,fast_moving,21,A321,LINE_DEL,01-02-2018,6,6,14,8,0,571,45
P019,fast_moving,21,A321,LINE_DEL,01-03-2018,7,7,8,1,0,566,60
P019,fast_moving,21,A321,LINE_DEL,01-04-2018,10,10,12,2,0,572,15
P019,fast_moving,21,A321,LINE_DEL,01-05-2018,4,4,14,10,0,560,30
P019,fast_moving,21,A321,LINE_DEL,01-06-2018,10,10,10,0,0,648,30
P019,fast_moving,21,A321,LINE_DEL,01-07-2018,7,7,12,5,0,650,30
P019,fast_moving,21,A321,LINE_DEL,01-08-2018,3,3,16,13,0,654,30
P019,fast_moving,21,A321,LINE_DEL,01-09-2018,14,13,13,0,1,561,45
P019,fast_moving,21,A321,LINE_DEL,01-10-2018,6,0,0,0,1,565,30
P019,fast_moving,21,A321,LINE_DEL,01-11-2018,5,5,7,2,0,574,30
P019,fast_moving,21,A321,LINE_DEL,01-12-2018,9,9,10,1,0,661,60
P019,fast_moving,21,A321,LINE_DEL,01-01-2019,4,1,1,0,1,554,60
P019,fast_moving,21,A321,LINE_DEL,01-02-2019,8,8,10,2,0,565,15
P019,fast_moving,21,A321,LINE_DEL,01-03-2019,5,5,11,6,0,576,60
P019,fast_moving,21,A321,LINE_DEL,01-04-2019,8,6,6,0,1,570,15
P019,fast_moving,21,A321,LINE_DEL,01-05-2019,7,7,7,0,0,571,60
P019,fast_moving,21,A321,LINE_DEL,01-06-2019,11,0,0,0,1,657,30
P019,fast_moving,21,A321,LINE_DEL,01-07-2019,9,7,7,0,1,647,15
P019,fast_moving,21,A321,LINE_DEL,01-08-2019,8,8,9,1,0,655,60
P019,fast_moving,21,A321,LINE_DEL,01-09-2019,4,1,1,0,1,571,30
P019,fast_moving,21,A321,LINE_DEL,01-10-2019,2,2,9,7,0,569,60
P019,fast_moving,21,A321,LINE_DEL,01-11-2019,13,7,7,0,1,566,45
P019,fast_moving,21,A321,LINE_DEL,01-12-2019,12,9,9,0,1,653,45
P019,fast_moving,21,A321,LINE_DEL,01-01-2020,11,0,0,0,1,560,45
P019,fast_moving,21,A321,LINE_DEL,01-02-2020,5,5,11,6,0,570,60
P019,fast_moving,21,A321,LINE_DEL,01-03-2020,7,6,6,0,1,558,60
P019,fast_moving,21,A321,LINE_DEL,01-04-2020,10,10,12,2,0,562,30
P019,fast_moving,21,A321,LINE_DEL,01-05-2020,7,7,10,3,0,570,15
P019,fast_moving,21,A321,LINE_DEL,01-06-2020,13,13,14,1,0,653,60
P019,fast_moving,21,A321,LINE_DEL,01-07-2020,4,1,1,0,1,648,30
P019,fast_moving,21,A321,LINE_DEL,01-08-2020,9,8,8,0,1,640,15
P019,fast_moving,21,A321,LINE_DEL,01-09-2020,3,3,10,7,0,566,45
P019,fast_moving,21,A321,LINE_DEL,01-10-2020,6,6,7,1,0,563,60
P019,fast_moving,21,A321,LINE_DEL,01-11-2020,8,8,8,0,0,569,60
P019,fast_moving,21,A321,LINE_DEL,01-12-2020,4,0,0,0,1,648,60
P019,fast_moving,21,A321,LINE_DEL,01-01-2021,0,0,12,12,0,555,15
P019,fast_moving,21,A321,LINE_DEL,01-02-2021,6,6,12,6,0,557,30
P019,fast_moving,21,A321,LINE_DEL,01-03-2021,9,9,15,6,0,562,15
P019,fast_moving,21,A321,LINE_DEL,01-04-2021,7,7,18,11,0,565,15
P019,fast_moving,21,A321,LINE_DEL,01-05-2021,8,8,11,3,0,558,45
P019,fast_moving,21,A321,LINE_DEL,01-06-2021,8,3,3,0,1,645,45
P019,fast_moving,21,A321,LINE_DEL,01-07-2021,11,8,8,0,1,655,30
P019,fast_moving,21,A321,LINE_DEL,01-08-2021,10,8,8,0,1,657,30
P019,fast_moving,21,A321,LINE_DEL,01-09-2021,5,5,11,6,0,566,45
P019,fast_moving,21,A321,LINE_DEL,01-10-2021,7,6,6,0,1,563,30
P019,fast_moving,21,A321,LINE_DEL,01-11-2021,7,7,8,1,0,561,45
P019,fast_moving,21,A321,LINE_DEL,01-12-2021,17,1,1,0,1,653,45
P019,fast_moving,21,A321,LINE_DEL,01-01-2022,6,6,8,2,0,561,60
P019,fast_moving,21,A321,LINE_DEL,01-02-2022,2,2,2,0,0,568,30
P019,fast_moving,21,A321,LINE_DEL,01-03-2022,12,10,10,0,1,569,45
P019,fast_moving,21,A321,LINE_DEL,01-04-2022,6,0,0,0,1,565,45
P019,fast_moving,21,A321,LINE_DEL,01-05-2022,5,5,12,7,0,560,45
P019,fast_moving,21,A321,LINE_DEL,01-06-2022,6,6,7,1,0,645,15
P019,fast_moving,21,A321,LINE_DEL,01-07-2022,7,7,11,4,0,637,15
P019,fast_moving,21,A321,LINE_DEL,01-08-2022,10,10,14,4,0,647,30
P019,fast_moving,21,A321,LINE_DEL,01-09-2022,0,0,16,16,0,563,30
P019,fast_moving,21,A321,LINE_DEL,01-10-2022,9,9,16,7,0,555,60
P019,fast_moving,21,A321,LINE_DEL,01-11-2022,13,7,7,0,1,576,30
P019,fast_moving,21,A321,LINE_DEL,01-12-2022,8,8,10,2,0,651,60
P019,fast_moving,21,A321,LINE_DEL,01-01-2023,8,2,2,0,1,557,45
P019,fast_moving,21,A321,LINE_DEL,01-02-2023,9,7,7,0,1,573,30
P019,fast_moving,21,A321,LINE_DEL,01-03-2023,7,7,11,4,0,559,15
P019,fast_moving,21,A321,LINE_DEL,01-04-2023,4,4,12,8,0,566,30
P019,fast_moving,21,A321,LINE_DEL,01-05-2023,8,8,18,10,0,562,60
P019,fast_moving,21,A321,LINE_DEL,01-06-2023,14,10,10,0,1,643,60
P019,fast_moving,21,A321,LINE_DEL,01-07-2023,5,0,0,0,1,643,15
P019,fast_moving,21,A321,LINE_DEL,01-08-2023,10,10,10,0,0,655,60
P019,fast_moving,21,A321,LINE_DEL,01-09-2023,9,0,0,0,1,566,45
P019,fast_moving,21,A321,LINE_DEL,01-10-2023,6,6,12,6,0,561,15
P019,fast_moving,21,A321,LINE_DEL,01-11-2023,7,7,14,7,0,550,60
P019,fast_moving,21,A321,LINE_DEL,01-12-2023,5,5,7,2,0,648,30
P019,fast_moving,21,A321,MRO_BLR,01-01-2018,7,7,26,19,0,566,60
P019,fast_moving,21,A321,MRO_BLR,01-02-2018,7,7,19,12,0,571,30
P019,fast_moving,21,A321,MRO_BLR,01-03-2018,6,6,12,6,0,566,45
P019,fast_moving,21,A321,MRO_BLR,01-04-2018,5,5,6,1,0,572,45
P019,fast_moving,21,A321,MRO_BLR,01-05-2018,8,8,13,5,0,560,60
P019,fast_moving,21,A321,MRO_BLR,01-06-2018,6,5,5,0,1,648,60
P019,fast_moving,21,A321,MRO_BLR,01-07-2018,8,8,10,2,0,650,30
P019,fast_moving,21,A321,MRO_BLR,01-08-2018,6,6,10,4,0,654,15
P019,fast_moving,21,A321,MRO_BLR,01-09-2018,10,10,14,4,0,561,15
P019,fast_moving,21,A321,MRO_BLR,01-10-2018,5,5,13,8,0,565,30
P019,fast_moving,21,A321,MRO_BLR,01-11-2018,10,10,15,5,0,574,60
P019,fast_moving,21,A321,MRO_BLR,01-12-2018,12,5,5,0,1,661,30
P019,fast_moving,21,A321,MRO_BLR,01-01-2019,4,4,7,3,0,554,60
P019,fast_moving,21,A321,MRO_BLR,01-02-2019,9,3,3,0,1,565,15
P019,fast_moving,21,A321,MRO_BLR,01-03-2019,10,7,7,0,1,576,60
P019,fast_moving,21,A321,MRO_BLR,01-04-2019,8,0,0,0,1,570,60
P019,fast_moving,21,A321,MRO_BLR,01-05-2019,6,6,8,2,0,571,15
P019,fast_moving,21,A321,MRO_BLR,01-06-2019,13,9,9,0,1,657,45
P019,fast_moving,21,A321,MRO_BLR,01-07-2019,8,0,0,0,1,647,60
P019,fast_moving,21,A321,MRO_BLR,01-08-2019,9,9,12,3,0,655,45
P019,fast_moving,21,A321,MRO_BLR,01-09-2019,12,3,3,0,1,571,15
P019,fast_moving,21,A321,MRO_BLR,01-10-2019,3,3,8,5,0,569,60
P019,fast_moving,21,A321,MRO_BLR,01-11-2019,9,5,5,0,1,566,15
P019,fast_moving,21,A321,MRO_BLR,01-12-2019,6,6,7,1,0,653,30
P019,fast_moving,21,A321,MRO_BLR,01-01-2020,9,9,10,1,0,560,60
P019,fast_moving,21,A321,MRO_BLR,01-02-2020,14,1,1,0,1,570,45
P019,fast_moving,21,A321,MRO_BLR,01-03-2020,9,8,8,0,1,558,30
P019,fast_moving,21,A321,MRO_BLR,01-04-2020,5,5,8,3,0,562,60
P019,fast_moving,21,A321,MRO_BLR,01-05-2020,10,3,3,0,1,570,45
P019,fast_moving,21,A321,MRO_BLR,01-06-2020,13,11,11,0,1,653,30
P019,fast_moving,21,A321,MRO_BLR,01-07-2020,5,5,8,3,0,648,45
P019,fast_moving,21,A321,MRO_BLR,01-08-2020,8,3,3,0,1,640,30
P019,fast_moving,21,A321,MRO_BLR,01-09-2020,7,7,12,5,0,566,45
P019,fast_moving,21,A321,MRO_BLR,01-10-2020,5,5,5,0,0,563,30
P019,fast_moving,21,A321,MRO_BLR,01-11-2020,4,4,12,8,0,569,15
P019,fast_moving,21,A321,MRO_BLR,01-12-2020,9,9,20,11,0,648,15
P019,fast_moving,21,A321,MRO_BLR,01-01-2021,7,7,11,4,0,555,60
P019,fast_moving,21,A321,MRO_BLR,01-02-2021,5,4,4,0,1,557,45
P019,fast_moving,21,A321,MRO_BLR,01-03-2021,8,8,9,1,0,562,45
P019,fast_moving,21,A321,MRO_BLR,01-04-2021,4,1,1,0,1,565,15
P019,fast_moving,21,A321,MRO_BLR,01-05-2021,11,8,8,0,1,558,15
P019,fast_moving,21,A321,MRO_BLR,01-06-2021,9,8,8,0,1,645,60
P019,fast_moving,21,A321,MRO_BLR,01-07-2021,7,0,0,0,1,655,45
P019,fast_moving,21,A321,MRO_BLR,01-08-2021,10,7,7,0,1,657,30
P019,fast_moving,21,A321,MRO_BLR,01-09-2021,6,6,11,5,0,566,45
P019,fast_moving,21,A321,MRO_BLR,01-10-2021,6,5,5,0,1,563,60
P019,fast_moving,21,A321,MRO_BLR,01-11-2021,5,5,11,6,0,561,60
P019,fast_moving,21,A321,MRO_BLR,01-12-2021,11,6,6,0,1,653,30
P019,fast_moving,21,A321,MRO_BLR,01-01-2022,9,9,11,2,0,561,60
P019,fast_moving,21,A321,MRO_BLR,01-02-2022,9,2,2,0,1,568,45
P019,fast_moving,21,A321,MRO_BLR,01-03-2022,7,7,9,2,0,569,15
P019,fast_moving,21,A321,MRO_BLR,01-04-2022,14,13,13,0,1,565,15
P019,fast_moving,21,A321,MRO_BLR,01-05-2022,10,10,12,2,0,560,30
P019,fast_moving,21,A321,MRO_BLR,01-06-2022,7,7,14,7,0,645,30
P019,fast_moving,21,A321,MRO_BLR,01-07-2022,11,11,14,3,0,637,15
P019,fast_moving,21,A321,MRO_BLR,01-08-2022,0,0,15,15,0,647,45
P019,fast_moving,21,A321,MRO_BLR,01-09-2022,8,8,15,7,0,563,15
P019,fast_moving,21,A321,MRO_BLR,01-10-2022,10,10,16,6,0,555,45
P019,fast_moving,21,A321,MRO_BLR,01-11-2022,8,6,6,0,1,576,15
P019,fast_moving,21,A321,MRO_BLR,01-12-2022,13,9,9,0,1,651,45
P019,fast_moving,21,A321,MRO_BLR,01-01-2023,7,0,0,0,1,557,30
P019,fast_moving,21,A321,MRO_BLR,01-02-2023,8,8,8,0,0,573,45
P019,fast_moving,21,A321,MRO_BLR,01-03-2023,5,0,0,0,1,559,15
P019,fast_moving,21,A321,MRO_BLR,01-04-2023,7,7,11,4,0,566,45
P019,fast_moving,21,A321,MRO_BLR,01-05-2023,11,4,4,0,1,562,30
P019,fast_moving,21,A321,MRO_BLR,01-06-2023,10,8,8,0,1,643,60
P019,fast_moving,21,A321,MRO_BLR,01-07-2023,9,0,0,0,1,643,45
P019,fast_moving,21,A321,MRO_BLR,01-08-2023,14,9,9,0,1,655,15
P019,fast_moving,21,A321,MRO_BLR,01-09-2023,5,5,9,4,0,566,60
P019,fast_moving,21,A321,MRO_BLR,01-10-2023,3,3,4,1,0,561,60
P019,fast_moving,21,A321,MRO_BLR,01-11-2023,7,7,11,4,0,550,60
P019,fast_moving,21,A321,MRO_BLR,01-12-2023,12,4,4,0,1,648,15
P020,fast_moving,32,A320,BASE_HYD,01-01-2018,7,7,19,12,0,614,45
P020,fast_moving,32,A320,BASE_HYD,01-02-2018,11,11,12,1,0,611,60
P020,fast_moving,32,A320,BASE_HYD,01-03-2018,0,0,1,1,0,611,45
P020,fast_moving,32,A320,BASE_HYD,01-04-2018,8,8,8,0,0,614,30
P020,fast_moving,32,A320,BASE_HYD,01-05-2018,7,7,10,3,0,622,45
P020,fast_moving,32,A320,BASE_HYD,01-06-2018,10,3,3,0,1,719,15
P020,fast_moving,32,A320,BASE_HYD,01-07-2018,3,3,10,7,0,718,45
P020,fast_moving,32,A320,BASE_HYD,01-08-2018,10,7,7,0,1,697,45
P020,fast_moving,32,A320,BASE_HYD,01-09-2018,10,10,11,1,0,610,15
P020,fast_moving,32,A320,BASE_HYD,01-10-2018,5,5,12,7,0,620,15
P020,fast_moving,32,A320,BASE_HYD,01-11-2018,8,8,14,6,0,624,30
P020,fast_moving,32,A320,BASE_HYD,01-12-2018,13,13,13,0,0,702,30
P020,fast_moving,32,A320,BASE_HYD,01-01-2019,6,6,8,2,0,615,15
P020,fast_moving,32,A320,BASE_HYD,01-02-2019,5,5,14,9,0,607,45
P020,fast_moving,32,A320,BASE_HYD,01-03-2019,10,9,9,0,1,616,30
P020,fast_moving,32,A320,BASE_HYD,01-04-2019,7,7,9,2,0,610,30
P020,fast_moving,32,A320,BASE_HYD,01-05-2019,5,5,13,8,0,615,15
P020,fast_moving,32,A320,BASE_HYD,01-06-2019,5,5,15,10,0,698,30
P020,fast_moving,32,A320,BASE_HYD,01-07-2019,11,10,10,0,1,695,15
P020,fast_moving,32,A320,BASE_HYD,01-08-2019,9,9,12,3,0,728,30
P020,fast_moving,32,A320,BASE_HYD,01-09-2019,6,6,14,8,0,615,30
P020,fast_moving,32,A320,BASE_HYD,01-10-2019,6,6,16,10,0,627,30
P020,fast_moving,32,A320,BASE_HYD,01-11-2019,12,10,10,0,1,623,60
P020,fast_moving,32,A320,BASE_HYD,01-12-2019,10,0,0,0,1,695,60
P020,fast_moving,32,A320,BASE_HYD,01-01-2020,9,7,7,0,1,615,15
P020,fast_moving,32,A320,BASE_HYD,01-02-2020,8,8,11,3,0,604,45
P020,fast_moving,32,A320,BASE_HYD,01-03-2020,6,3,3,0,1,610,15
P020,fast_moving,32,A320,BASE_HYD,01-04-2020,8,8,10,2,0,601,45
P020,fast_moving,32,A320,BASE_HYD,01-05-2020,8,2,2,0,1,603,45
P020,fast_moving,32,A320,BASE_HYD,01-06-2020,7,7,7,0,0,698,60
P020,fast_moving,32,A320,BASE_HYD,01-07-2020,9,0,0,0,1,700,30
P020,fast_moving,32,A320,BASE_HYD,01-08-2020,6,6,12,6,0,704,45
P020,fast_moving,32,A320,BASE_HYD,01-09-2020,11,6,6,0,1,606,45
P020,fast_moving,32,A320,BASE_HYD,01-10-2020,8,8,8,0,0,613,45
P020,fast_moving,32,A320,BASE_HYD,01-11-2020,5,0,0,0,1,619,60
P020,fast_moving,32,A320,BASE_HYD,01-12-2020,6,6,8,2,0,706,30
P020,fast_moving,32,A320,BASE_HYD,01-01-2021,10,10,14,4,0,610,15
P020,fast_moving,32,A320,BASE_HYD,01-02-2021,8,8,12,4,0,613,45
P020,fast_moving,32,A320,BASE_HYD,01-03-2021,8,4,4,0,1,602,60
P020,fast_moving,32,A320,BASE_HYD,01-04-2021,6,6,8,2,0,616,60
P020,fast_moving,32,A320,BASE_HYD,01-05-2021,10,2,2,0,1,603,60
P020,fast_moving,32,A320,BASE_HYD,01-06-2021,12,7,7,0,1,713,30
P020,fast_moving,32,A320,BASE_HYD,01-07-2021,9,9,12,3,0,707,45
P020,fast_moving,32,A320,BASE_HYD,01-08-2021,4,3,3,0,1,706,15
P020,fast_moving,32,A320,BASE_HYD,01-09-2021,7,7,8,1,0,614,30
P020,fast_moving,32,A320,BASE_HYD,01-10-2021,13,10,10,0,1,610,45
P020,fast_moving,32,A320,BASE_HYD,01-11-2021,3,0,0,0,1,606,60
P020,fast_moving,32,A320,BASE_HYD,01-12-2021,10,10,11,1,0,695,30
P020,fast_moving,32,A320,BASE_HYD,01-01-2022,7,7,9,2,0,619,45
P020,fast_moving,32,A320,BASE_HYD,01-02-2022,7,2,2,0,1,609,45
P020,fast_moving,32,A320,BASE_HYD,01-03-2022,8,8,11,3,0,602,45
P020,fast_moving,32,A320,BASE_HYD,01-04-2022,7,3,3,0,1,612,30
P020,fast_moving,32,A320,BASE_HYD,01-05-2022,3,3,11,8,0,611,15
P020,fast_moving,32,A320,BASE_HYD,01-06-2022,4,4,19,15,0,698,15
P020,fast_moving,32,A320,BASE_HYD,01-07-2022,6,6,15,9,0,694,15
P020,fast_moving,32,A320,BASE_HYD,01-08-2022,10,9,9,0,1,705,15
P020,fast_moving,32,A320,BASE_HYD,01-09-2022,6,6,9,3,0,614,30
P020,fast_moving,32,A320,BASE_HYD,01-10-2022,10,10,13,3,0,611,15
P020,fast_moving,32,A320,BASE_HYD,01-11-2022,11,11,12,1,0,609,45
P020,fast_moving,32,A320,BASE_HYD,01-12-2022,15,1,1,0,1,694,45
P020,fast_moving,32,A320,BASE_HYD,01-01-2023,8,8,8,0,0,610,30
P020,fast_moving,32,A320,BASE_HYD,01-02-2023,8,8,12,4,0,603,30
P020,fast_moving,32,A320,BASE_HYD,01-03-2023,3,3,15,12,0,599,30
P020,fast_moving,32,A320,BASE_HYD,01-04-2023,9,9,12,3,0,614,30
P020,fast_moving,32,A320,BASE_HYD,01-05-2023,8,8,14,6,0,601,30
P020,fast_moving,32,A320,BASE_HYD,01-06-2023,8,8,17,9,0,685,15
P020,fast_moving,32,A320,BASE_HYD,01-07-2023,12,9,9,0,1,707,60
P020,fast_moving,32,A320,BASE_HYD,01-08-2023,7,0,0,0,1,686,45
P020,fast_moving,32,A320,BASE_HYD,01-09-2023,5,5,11,6,0,604,30
P020,fast_moving,32,A320,BASE_HYD,01-10-2023,8,8,15,7,0,600,30
P020,fast_moving,32,A320,BASE_HYD,01-11-2023,7,7,15,8,0,602,45
P020,fast_moving,32,A320,BASE_HYD,01-12-2023,8,8,8,0,0,713,30
P020,fast_moving,32,A320,LINE_DEL,01-01-2018,9,9,17,8,0,614,15
P020,fast_moving,32,A320,LINE_DEL,01-02-2018,6,6,17,11,0,611,15
P020,fast_moving,32,A320,LINE_DEL,01-03-2018,7,7,11,4,0,611,30
P020,fast_moving,32,A320,LINE_DEL,01-04-2018,14,14,14,0,0,614,30
P020,fast_moving,32,A320,LINE_DEL,01-05-2018,7,7,10,3,0,622,15
P020,fast_moving,32,A320,LINE_DEL,01-06-2018,7,7,13,6,0,719,15
P020,fast_moving,32,A320,LINE_DEL,01-07-2018,11,11,17,6,0,718,45
P020,fast_moving,32,A320,LINE_DEL,01-08-2018,4,4,6,2,0,697,30
P020,fast_moving,32,A320,LINE_DEL,01-09-2018,5,5,12,7,0,610,15
P020,fast_moving,32,A320,LINE_DEL,01-10-2018,7,7,18,11,0,620,15
P020,fast_moving,32,A320,LINE_DEL,01-11-2018,0,0,11,11,0,624,30
P020,fast_moving,32,A320,LINE_DEL,01-12-2018,9,9,11,2,0,702,30
P020,fast_moving,32,A320,LINE_DEL,01-01-2019,10,10,11,1,0,615,30
P020,fast_moving,32,A320,LINE_DEL,01-02-2019,10,10,10,0,0,607,15
P020,fast_moving,32,A320,LINE_DEL,01-03-2019,6,6,7,1,0,616,30
P020,fast_moving,32,A320,LINE_DEL,01-04-2019,10,9,9,0,1,610,15
P020,fast_moving,32,A320,LINE_DEL,01-05-2019,8,8,12,4,0,615,30
P020,fast_moving,32,A320,LINE_DEL,01-06-2019,12,11,11,0,1,698,30
P020,fast_moving,32,A320,LINE_DEL,01-07-2019,12,7,7,0,1,695,60
P020,fast_moving,32,A320,LINE_DEL,01-08-2019,9,0,0,0,1,728,60
P020,fast_moving,32,A320,LINE_DEL,01-09-2019,10,9,9,0,1,615,30
P020,fast_moving,32,A320,LINE_DEL,01-10-2019,9,9,12,3,0,627,60
P020,fast_moving,32,A320,LINE_DEL,01-11-2019,9,3,3,0,1,623,30
P020,fast_moving,32,A320,LINE_DEL,01-12-2019,14,10,10,0,1,695,60
P020,fast_moving,32,A320,LINE_DEL,01-01-2020,9,0,0,0,1,615,15
P020,fast_moving,32,A320,LINE_DEL,01-02-2020,9,9,10,1,0,604,15
P020,fast_moving,32,A320,LINE_DEL,01-03-2020,6,6,11,5,0,610,15
P020,fast_moving,32,A320,LINE_DEL,01-04-2020,9,9,16,7,0,601,45
P020,fast_moving,32,A320,LINE_DEL,01-05-2020,8,7,7,0,1,603,30
P020,fast_moving,32,A320,LINE_DEL,01-06-2020,16,9,9,0,1,698,15
P020,fast_moving,32,A320,LINE_DEL,01-07-2020,8,8,8,0,0,700,45
P020,fast_moving,32,A320,LINE_DEL,01-08-2020,7,0,0,0,1,704,60
P020,fast_moving,32,A320,LINE_DEL,01-09-2020,5,5,11,6,0,606,45
P020,fast_moving,32,A320,LINE_DEL,01-10-2020,12,6,6,0,1,613,45
P020,fast_moving,32,A320,LINE_DEL,01-11-2020,11,10,10,0,1,619,15
P020,fast_moving,32,A320,LINE_DEL,01-12-2020,6,6,12,6,0,706,15
P020,fast_moving,32,A320,LINE_DEL,01-01-2021,8,8,18,10,0,610,15
P020,fast_moving,32,A320,LINE_DEL,01-02-2021,11,10,10,0,1,613,60
P020,fast_moving,32,A320,LINE_DEL,01-03-2021,11,0,0,0,1,602,30
P020,fast_moving,32,A320,LINE_DEL,01-04-2021,6,6,11,5,0,616,30
P020,fast_moving,32,A320,LINE_DEL,01-05-2021,5,5,13,8,0,603,15
P020,fast_moving,32,A320,LINE_DEL,01-06-2021,10,10,16,6,0,713,60
P020,fast_moving,32,A320,LINE_DEL,01-07-2021,11,6,6,0,1,707,30
P020,fast_moving,32,A320,LINE_DEL,01-08-2021,8,8,8,0,0,706,45
P020,fast_moving,32,A320,LINE_DEL,01-09-2021,14,0,0,0,1,614,30
P020,fast_moving,32,A320,LINE_DEL,01-10-2021,7,7,11,4,0,610,60
P020,fast_moving,32,A320,LINE_DEL,01-11-2021,6,4,4,0,1,606,45
P020,fast_moving,32,A320,LINE_DEL,01-12-2021,8,8,8,0,0,695,15
P020,fast_moving,32,A320,LINE_DEL,01-01-2022,6,6,12,6,0,619,15
P020,fast_moving,32,A320,LINE_DEL,01-02-2022,9,9,18,9,0,609,60
P020,fast_moving,32,A320,LINE_DEL,01-03-2022,7,7,9,2,0,602,15
P020,fast_moving,32,A320,LINE_DEL,01-04-2022,6,6,13,7,0,612,30
P020,fast_moving,32,A320,LINE_DEL,01-05-2022,9,9,19,10,0,611,60
P020,fast_moving,32,A320,LINE_DEL,01-06-2022,10,10,10,0,0,698,60
P020,fast_moving,32,A320,LINE_DEL,01-07-2022,15,0,0,0,1,694,60
P020,fast_moving,32,A320,LINE_DEL,01-08-2022,6,6,10,4,0,705,30
P020,fast_moving,32,A320,LINE_DEL,01-09-2022,9,9,11,2,0,614,60
P020,fast_moving,32,A320,LINE_DEL,01-10-2022,9,2,2,0,1,611,45
P020,fast_moving,32,A320,LINE_DEL,01-11-2022,6,6,7,1,0,609,45
P020,fast_moving,32,A320,LINE_DEL,01-12-2022,13,1,1,0,1,694,45
P020,fast_moving,32,A320,LINE_DEL,01-01-2023,10,9,9,0,1,610,30
P020,fast_moving,32,A320,LINE_DEL,01-02-2023,12,12,12,0,0,603,60
P020,fast_moving,32,A320,LINE_DEL,01-03-2023,4,0,0,0,1,599,60
P020,fast_moving,32,A320,LINE_DEL,01-04-2023,7,7,12,5,0,614,60
P020,fast_moving,32,A320,LINE_DEL,01-05-2023,0,0,5,5,0,601,60
P020,fast_moving,32,A320,LINE_DEL,01-06-2023,9,9,17,8,0,685,60
P020,fast_moving,32,A320,LINE_DEL,01-07-2023,9,8,8,0,1,707,15
P020,fast_moving,32,A320,LINE_DEL,01-08-2023,8,8,11,3,0,686,15
P020,fast_moving,32,A320,LINE_DEL,01-09-2023,7,7,12,5,0,604,30
P020,fast_moving,32,A320,LINE_DEL,01-10-2023,7,7,13,6,0,600,30
P020,fast_moving,32,A320,LINE_DEL,01-11-2023,8,8,14,6,0,602,45
P020,fast_moving,32,A320,LINE_DEL,01-12-2023,10,6,6,0,1,713,60
P020,fast_moving,32,A320,MRO_BLR,01-01-2018,8,8,16,8,0,614,45
P020,fast_moving,32,A320,MRO_BLR,01-02-2018,6,6,8,2,0,611,45
P020,fast_moving,32,A320,MRO_BLR,01-03-2018,5,5,9,4,0,611,15
P020,fast_moving,32,A320,MRO_BLR,01-04-2018,8,8,16,8,0,614,15
P020,fast_moving,32,A320,MRO_BLR,01-05-2018,7,7,17,10,0,622,45
P020,fast_moving,32,A320,MRO_BLR,01-06-2018,11,10,10,0,1,719,15
P020,fast_moving,32,A320,MRO_BLR,01-07-2018,10,8,8,0,1,718,60
P020,fast_moving,32,A320,MRO_BLR,01-08-2018,5,0,0,0,1,697,60
P020,fast_moving,32,A320,MRO_BLR,01-09-2018,12,9,9,0,1,610,30
P020,fast_moving,32,A320,MRO_BLR,01-10-2018,5,5,8,3,0,620,45
P020,fast_moving,32,A320,MRO_BLR,01-11-2018,4,3,3,0,1,624,60
P020,fast_moving,32,A320,MRO_BLR,01-12-2018,5,5,7,2,0,702,45
P020,fast_moving,32,A320,MRO_BLR,01-01-2019,11,2,2,0,1,615,15
P020,fast_moving,32,A320,MRO_BLR,01-02-2019,8,8,11,3,0,607,30
P020,fast_moving,32,A320,MRO_BLR,01-03-2019,10,10,12,2,0,616,30
P020,fast_moving,32,A320,MRO_BLR,01-04-2019,6,6,9,3,0,610,15
P020,fast_moving,32,A320,MRO_BLR,01-05-2019,7,7,13,6,0,615,30
P020,fast_moving,32,A320,MRO_BLR,01-06-2019,10,10,14,4,0,698,45
P020,fast_moving,32,A320,MRO_BLR,01-07-2019,13,4,4,0,1,695,60
P020,fast_moving,32,A320,MRO_BLR,01-08-2019,5,5,12,7,0,728,60
P020,fast_moving,32,A320,MRO_BLR,01-09-2019,11,7,7,0,1,615,15
P020,fast_moving,32,A320,MRO_BLR,01-10-2019,9,8,8,0,1,627,15
P020,fast_moving,32,A320,MRO_BLR,01-11-2019,6,6,8,2,0,623,15
P020,fast_moving,32,A320,MRO_BLR,01-12-2019,6,6,10,4,0,695,45
P020,fast_moving,32,A320,MRO_BLR,01-01-2020,9,4,4,0,1,615,60
P020,fast_moving,32,A320,MRO_BLR,01-02-2020,6,6,8,2,0,604,60
P020,fast_moving,32,A320,MRO_BLR,01-03-2020,4,2,2,0,1,610,30
P020,fast_moving,32,A320,MRO_BLR,01-04-2020,5,5,9,4,0,601,30
P020,fast_moving,32,A320,MRO_BLR,01-05-2020,12,12,12,0,0,603,15
P020,fast_moving,32,A320,MRO_BLR,01-06-2020,8,8,9,1,0,698,45
P020,fast_moving,32,A320,MRO_BLR,01-07-2020,9,1,1,0,1,700,15
P020,fast_moving,32,A320,MRO_BLR,01-08-2020,19,8,8,0,1,704,45
P020,fast_moving,32,A320,MRO_BLR,01-09-2020,5,0,0,0,1,606,45
P020,fast_moving,32,A320,MRO_BLR,01-10-2020,8,7,7,0,1,613,45
P020,fast_moving,32,A320,MRO_BLR,01-11-2020,10,0,0,0,1,619,15
P020,fast_moving,32,A320,MRO_BLR,01-12-2020,6,6,12,6,0,706,60
P020,fast_moving,32,A320,MRO_BLR,01-01-2021,7,6,6,0,1,610,60
P020,fast_moving,32,A320,MRO_BLR,01-02-2021,12,7,7,0,1,613,15
P020,fast_moving,32,A320,MRO_BLR,01-03-2021,8,8,11,3,0,602,15
P020,fast_moving,32,A320,MRO_BLR,01-04-2021,5,5,14,9,0,616,45
P020,fast_moving,32,A320,MRO_BLR,01-05-2021,12,9,9,0,1,603,15
P020,fast_moving,32,A320,MRO_BLR,01-06-2021,13,8,8,0,1,713,30
P020,fast_moving,32,A320,MRO_BLR,01-07-2021,8,8,11,3,0,707,45
P020,fast_moving,32,A320,MRO_BLR,01-08-2021,6,3,3,0,1,706,45
P020,fast_moving,32,A320,MRO_BLR,01-09-2021,5,5,10,5,0,614,30
P020,fast_moving,32,A320,MRO_BLR,01-10-2021,10,10,13,3,0,610,15
P020,fast_moving,32,A320,MRO_BLR,01-11-2021,13,13,14,1,0,606,45
P020,fast_moving,32,A320,MRO_BLR,01-12-2021,8,1,1,0,1,695,45
P020,fast_moving,32,A320,MRO_BLR,01-01-2022,7,7,12,5,0,619,45
P020,fast_moving,32,A320,MRO_BLR,01-02-2022,6,5,5,0,1,609,60
P020,fast_moving,32,A320,MRO_BLR,01-03-2022,7,7,11,4,0,602,45
P020,fast_moving,32,A320,MRO_BLR,01-04-2022,7,4,4,0,1,612,60
P020,fast_moving,32,A320,MRO_BLR,01-05-2022,9,9,11,2,0,611,45
P020,fast_moving,32,A320,MRO_BLR,01-06-2022,5,2,2,0,1,698,45
P020,fast_moving,32,A320,MRO_BLR,01-07-2022,10,10,10,0,0,694,60
P020,fast_moving,32,A320,MRO_BLR,01-08-2022,3,0,0,0,1,705,45
P020,fast_moving,32,A320,MRO_BLR,01-09-2022,11,10,10,0,1,614,15
P020,fast_moving,32,A320,MRO_BLR,01-10-2022,4,4,12,8,0,611,15
P020,fast_moving,32,A320,MRO_BLR,01-11-2022,7,7,20,13,0,609,30
P020,fast_moving,32,A320,MRO_BLR,01-12-2022,2,2,13,11,0,694,30
P020,fast_moving,32,A320,MRO_BLR,01-01-2023,7,7,11,4,0,610,15
P020,fast_moving,32,A320,MRO_BLR,01-02-2023,8,8,15,7,0,603,30
P020,fast_moving,32,A320,MRO_BLR,01-03-2023,6,6,14,8,0,599,30
P020,fast_moving,32,A320,MRO_BLR,01-04-2023,9,9,20,11,0,614,60
P020,fast_moving,32,A320,MRO_BLR,01-05-2023,6,6,11,5,0,601,30
P020,fast_moving,32,A320,MRO_BLR,01-06-2023,11,11,15,4,0,685,30
P020,fast_moving,32,A320,MRO_BLR,01-07-2023,6,6,13,7,0,707,15
P020,fast_moving,32,A320,MRO_BLR,01-08-2023,7,7,14,7,0,686,60
P020,fast_moving,32,A320,MRO_BLR,01-09-2023,7,7,7,0,0,604,60
P020,fast_moving,32,A320,MRO_BLR,01-10-2023,10,10,12,2,0,600,60
P020,fast_moving,32,A320,MRO_BLR,01-11-2023,12,2,2,0,1,602,15
P020,fast_moving,32,A320,MRO_BLR,01-12-2023,9,9,9,0,0,713,15
P021,slow_moving,32,B737,BASE_HYD,01-01-2018,1,1,25,24,0,507,30
P021,slow_moving,32,B737,BASE_HYD,01-02-2018,3,3,24,21,0,516,15
P021,slow_moving,32,B737,BASE_HYD,01-03-2018,3,3,21,18,0,506,15
P021,slow_moving,32,B737,BASE_HYD,01-04-2018,0,0,18,18,0,516,15
P021,slow_moving,32,B737,BASE_HYD,01-05-2018,2,2,18,16,0,507,15
P021,slow_moving,32,B737,BASE_HYD,01-06-2018,0,0,16,16,0,592,60
P021,slow_moving,32,B737,BASE_HYD,01-07-2018,3,3,16,13,0,595,15
P021,slow_moving,32,B737,BASE_HYD,01-08-2018,3,3,13,10,0,579,60
P021,slow_moving,32,B737,BASE_HYD,01-09-2018,5,5,10,5,0,504,15
P021,slow_moving,32,B737,BASE_HYD,01-10-2018,0,0,5,5,0,512,45
P021,slow_moving,32,B737,BASE_HYD,01-11-2018,0,0,5,5,0,512,30
P021,slow_moving,32,B737,BASE_HYD,01-12-2018,3,3,5,2,0,586,30
P021,slow_moving,32,B737,BASE_HYD,01-01-2019,2,2,12,10,0,507,60
P021,slow_moving,32,B737,BASE_HYD,01-02-2019,0,0,10,10,0,505,45
P021,slow_moving,32,B737,BASE_HYD,01-03-2019,3,3,10,7,0,511,15
P021,slow_moving,32,B737,BASE_HYD,01-04-2019,2,2,7,5,0,505,60
P021,slow_moving,32,B737,BASE_HYD,01-05-2019,4,4,5,1,0,511,15
P021,slow_moving,32,B737,BASE_HYD,01-06-2019,3,3,10,7,0,583,45
P021,slow_moving,32,B737,BASE_HYD,01-07-2019,1,1,7,6,0,583,45
P021,slow_moving,32,B737,BASE_HYD,01-08-2019,2,2,6,4,0,593,45
P021,slow_moving,32,B737,BASE_HYD,01-09-2019,0,0,4,4,0,514,45
P021,slow_moving,32,B737,BASE_HYD,01-10-2019,3,3,4,1,0,504,60
P021,slow_moving,32,B737,BASE_HYD,01-11-2019,2,1,1,0,1,505,60
P021,slow_moving,32,B737,BASE_HYD,01-12-2019,2,2,8,6,0,590,15
P021,slow_moving,32,B737,BASE_HYD,01-01-2020,0,0,6,6,0,501,60
P021,slow_moving,32,B737,BASE_HYD,01-02-2020,1,1,6,5,0,515,30
P021,slow_moving,32,B737,BASE_HYD,01-03-2020,0,0,5,5,0,509,45
P021,slow_moving,32,B737,BASE_HYD,01-04-2020,2,2,5,3,0,505,30
P021,slow_moving,32,B737,BASE_HYD,01-05-2020,0,0,15,15,0,508,45
P021,slow_moving,32,B737,BASE_HYD,01-06-2020,0,0,15,15,0,592,45
P021,slow_moving,32,B737,BASE_HYD,01-07-2020,0,0,15,15,0,572,15
P021,slow_moving,32,B737,BASE_HYD,01-08-2020,2,2,15,13,0,590,45
P021,slow_moving,32,B737,BASE_HYD,01-09-2020,1,1,13,12,0,514,60
P021,slow_moving,32,B737,BASE_HYD,01-10-2020,5,5,12,7,0,506,45
P021,slow_moving,32,B737,BASE_HYD,01-11-2020,0,0,7,7,0,508,15
P021,slow_moving,32,B737,BASE_HYD,01-12-2020,0,0,7,7,0,585,60
P021,slow_moving,32,B737,BASE_HYD,01-01-2021,0,0,7,7,0,510,15
P021,slow_moving,32,B737,BASE_HYD,01-02-2021,0,0,7,7,0,503,15
P021,slow_moving,32,B737,BASE_HYD,01-03-2021,1,1,7,6,0,506,45
P021,slow_moving,32,B737,BASE_HYD,01-04-2021,0,0,6,6,0,506,45
P021,slow_moving,32,B737,BASE_HYD,01-05-2021,4,4,6,2,0,510,30
P021,slow_moving,32,B737,BASE_HYD,01-06-2021,3,3,11,8,0,598,15
P021,slow_moving,32,B737,BASE_HYD,01-07-2021,0,0,8,8,0,578,45
P021,slow_moving,32,B737,BASE_HYD,01-08-2021,1,1,8,7,0,583,15
P021,slow_moving,32,B737,BASE_HYD,01-09-2021,0,0,7,7,0,503,45
P021,slow_moving,32,B737,BASE_HYD,01-10-2021,4,4,7,3,0,504,60
P021,slow_moving,32,B737,BASE_HYD,01-11-2021,1,1,3,2,0,501,45
P021,slow_moving,32,B737,BASE_HYD,01-12-2021,0,0,11,11,0,573,45
P021,slow_moving,32,B737,BASE_HYD,01-01-2022,4,4,11,7,0,511,45
P021,slow_moving,32,B737,BASE_HYD,01-02-2022,1,1,7,6,0,507,45
P021,slow_moving,32,B737,BASE_HYD,01-03-2022,2,2,6,4,0,505,30
P021,slow_moving,32,B737,BASE_HYD,01-04-2022,2,2,4,2,0,500,15
P021,slow_moving,32,B737,BASE_HYD,01-05-2022,1,1,13,12,0,504,45
P021,slow_moving,32,B737,BASE_HYD,01-06-2022,0,0,12,12,0,574,30
P021,slow_moving,32,B737,BASE_HYD,01-07-2022,1,1,12,11,0,580,15
P021,slow_moving,32,B737,BASE_HYD,01-08-2022,0,0,11,11,0,583,15
P021,slow_moving,32,B737,BASE_HYD,01-09-2022,4,4,11,7,0,502,60
P021,slow_moving,32,B737,BASE_HYD,01-10-2022,4,4,7,3,0,501,15
P021,slow_moving,32,B737,BASE_HYD,01-11-2022,3,3,15,12,0,502,15
P021,slow_moving,32,B737,BASE_HYD,01-12-2022,0,0,12,12,0,585,15
P021,slow_moving,32,B737,BASE_HYD,01-01-2023,5,5,12,7,0,504,15
P021,slow_moving,32,B737,BASE_HYD,01-02-2023,0,0,7,7,0,495,30
P021,slow_moving,32,B737,BASE_HYD,01-03-2023,2,2,7,5,0,507,30
P021,slow_moving,32,B737,BASE_HYD,01-04-2023,2,2,5,3,0,506,15
P021,slow_moving,32,B737,BASE_HYD,01-05-2023,0,0,10,10,0,504,60
P021,slow_moving,32,B737,BASE_HYD,01-06-2023,3,3,10,7,0,588,60
P021,slow_moving,32,B737,BASE_HYD,01-07-2023,0,0,7,7,0,579,15
P021,slow_moving,32,B737,BASE_HYD,01-08-2023,1,1,7,6,0,581,45
P021,slow_moving,32,B737,BASE_HYD,01-09-2023,6,6,6,0,0,506,45
P021,slow_moving,32,B737,BASE_HYD,01-10-2023,2,0,0,0,1,508,30
P021,slow_moving,32,B737,BASE_HYD,01-11-2023,0,0,11,11,0,502,15
P021,slow_moving,32,B737,BASE_HYD,01-12-2023,4,4,11,7,0,575,60
P021,slow_moving,32,B737,LINE_DEL,01-01-2018,4,4,20,16,0,507,45
P021,slow_moving,32,B737,LINE_DEL,01-02-2018,0,0,16,16,0,516,15
P021,slow_moving,32,B737,LINE_DEL,01-03-2018,0,0,16,16,0,506,15
P021,slow_moving,32,B737,LINE_DEL,01-04-2018,4,4,16,12,0,516,45
P021,slow_moving,32,B737,LINE_DEL,01-05-2018,2,2,12,10,0,507,45
P021,slow_moving,32,B737,LINE_DEL,01-06-2018,1,1,10,9,0,592,60
P021,slow_moving,32,B737,LINE_DEL,01-07-2018,0,0,9,9,0,595,30
P021,slow_moving,32,B737,LINE_DEL,01-08-2018,1,1,9,8,0,579,45
P021,slow_moving,32,B737,LINE_DEL,01-09-2018,1,1,8,7,0,504,15
P021,slow_moving,32,B737,LINE_DEL,01-10-2018,1,1,7,6,0,512,60
P021,slow_moving,32,B737,LINE_DEL,01-11-2018,2,2,6,4,0,512,15
P021,slow_moving,32,B737,LINE_DEL,01-12-2018,1,1,4,3,0,586,45
P021,slow_moving,32,B737,LINE_DEL,01-01-2019,2,2,3,1,0,507,60
P021,slow_moving,32,B737,LINE_DEL,01-02-2019,2,2,8,6,0,505,15
P021,slow_moving,32,B737,LINE_DEL,01-03-2019,0,0,6,6,0,511,15
P021,slow_moving,32,B737,LINE_DEL,01-04-2019,4,4,6,2,0,505,30
P021,slow_moving,32,B737,LINE_DEL,01-05-2019,3,3,14,11,0,511,15
P021,slow_moving,32,B737,LINE_DEL,01-06-2019,2,2,11,9,0,583,30
P021,slow_moving,32,B737,LINE_DEL,01-07-2019,2,2,9,7,0,583,45
P021,slow_moving,32,B737,LINE_DEL,01-08-2019,0,0,7,7,0,593,60
P021,slow_moving,32,B737,LINE_DEL,01-09-2019,0,0,7,7,0,514,15
P021,slow_moving,32,B737,LINE_DEL,01-10-2019,0,0,7,7,0,504,30
P021,slow_moving,32,B737,LINE_DEL,01-11-2019,4,4,7,3,0,505,60
P021,slow_moving,32,B737,LINE_DEL,01-12-2019,0,0,3,3,0,590,45
P021,slow_moving,32,B737,LINE_DEL,01-01-2020,2,2,14,12,0,501,30
P021,slow_moving,32,B737,LINE_DEL,01-02-2020,0,0,12,12,0,515,60
P021,slow_moving,32,B737,LINE_DEL,01-03-2020,2,2,12,10,0,509,60
P021,slow_moving,32,B737,LINE_DEL,01-04-2020,1,1,10,9,0,505,30
P021,slow_moving,32,B737,LINE_DEL,01-05-2020,2,2,9,7,0,508,60
P021,slow_moving,32,B737,LINE_DEL,01-06-2020,0,0,7,7,0,592,15
P021,slow_moving,32,B737,LINE_DEL,01-07-2020,5,5,7,2,0,572,60
P021,slow_moving,32,B737,LINE_DEL,01-08-2020,4,2,2,0,1,590,15
P021,slow_moving,32,B737,LINE_DEL,01-09-2020,2,2,9,7,0,514,30
P021,slow_moving,32,B737,LINE_DEL,01-10-2020,2,2,7,5,0,506,30
P021,slow_moving,32,B737,LINE_DEL,01-11-2020,1,1,5,4,0,508,45
P021,slow_moving,32,B737,LINE_DEL,01-12-2020,2,2,4,2,0,585,60
P021,slow_moving,32,B737,LINE_DEL,01-01-2021,2,2,2,0,0,510,15
P021,slow_moving,32,B737,LINE_DEL,01-02-2021,2,2,12,10,0,503,15
P021,slow_moving,32,B737,LINE_DEL,01-03-2021,1,1,10,9,0,506,60
P021,slow_moving,32,B737,LINE_DEL,01-04-2021,0,0,9,9,0,506,15
P021,slow_moving,32,B737,LINE_DEL,01-05-2021,0,0,9,9,0,510,30
P021,slow_moving,32,B737,LINE_DEL,01-06-2021,7,7,9,2,0,598,45
P021,slow_moving,32,B737,LINE_DEL,01-07-2021,0,0,2,2,0,578,15
P021,slow_moving,32,B737,LINE_DEL,01-08-2021,0,0,12,12,0,583,15
P021,slow_moving,32,B737,LINE_DEL,01-09-2021,2,2,12,10,0,503,60
P021,slow_moving,32,B737,LINE_DEL,01-10-2021,2,2,10,8,0,504,30
P021,slow_moving,32,B737,LINE_DEL,01-11-2021,0,0,8,8,0,501,45
P021,slow_moving,32,B737,LINE_DEL,01-12-2021,5,5,8,3,0,573,45
P021,slow_moving,32,B737,LINE_DEL,01-01-2022,0,0,3,3,0,511,45
P021,slow_moving,32,B737,LINE_DEL,01-02-2022,2,2,14,12,0,507,15
P021,slow_moving,32,B737,LINE_DEL,01-03-2022,0,0,12,12,0,505,15
P021,slow_moving,32,B737,LINE_DEL,01-04-2022,0,0,12,12,0,500,15
P021,slow_moving,32,B737,LINE_DEL,01-05-2022,2,2,12,10,0,504,15
P021,slow_moving,32,B737,LINE_DEL,01-06-2022,1,1,10,9,0,574,45
P021,slow_moving,32,B737,LINE_DEL,01-07-2022,1,1,9,8,0,580,30
P021,slow_moving,32,B737,LINE_DEL,01-08-2022,6,6,8,2,0,583,30
P021,slow_moving,32,B737,LINE_DEL,01-09-2022,3,3,12,9,0,502,60
P021,slow_moving,32,B737,LINE_DEL,01-10-2022,1,1,9,8,0,501,30
P021,slow_moving,32,B737,LINE_DEL,01-11-2022,0,0,8,8,0,502,30
P021,slow_moving,32,B737,LINE_DEL,01-12-2022,0,0,8,8,0,585,60
P021,slow_moving,32,B737,LINE_DEL,01-01-2023,0,0,8,8,0,504,30
P021,slow_moving,32,B737,LINE_DEL,01-02-2023,0,0,8,8,0,495,15
P021,slow_moving,32,B737,LINE_DEL,01-03-2023,3,3,8,5,0,507,15
P021,slow_moving,32,B737,LINE_DEL,01-04-2023,3,3,5,2,0,506,30
P021,slow_moving,32,B737,LINE_DEL,01-05-2023,0,0,12,12,0,504,30
P021,slow_moving,32,B737,LINE_DEL,01-06-2023,2,2,12,10,0,588,30
P021,slow_moving,32,B737,LINE_DEL,01-07-2023,2,2,10,8,0,579,60
P021,slow_moving,32,B737,LINE_DEL,01-08-2023,0,0,8,8,0,581,30
P021,slow_moving,32,B737,LINE_DEL,01-09-2023,2,2,8,6,0,506,30
P021,slow_moving,32,B737,LINE_DEL,01-10-2023,3,3,6,3,0,508,30
P021,slow_moving,32,B737,LINE_DEL,01-11-2023,0,0,12,12,0,502,45
P021,slow_moving,32,B737,LINE_DEL,01-12-2023,0,0,12,12,0,575,60
P021,slow_moving,32,B737,MRO_BLR,01-01-2018,0,0,27,27,0,507,60
P021,slow_moving,32,B737,MRO_BLR,01-02-2018,0,0,27,27,0,516,60
P021,slow_moving,32,B737,MRO_BLR,01-03-2018,2,2,27,25,0,506,60
P021,slow_moving,32,B737,MRO_BLR,01-04-2018,2,2,25,23,0,516,45
P021,slow_moving,32,B737,MRO_BLR,01-05-2018,3,3,23,20,0,507,30
P021,slow_moving,32,B737,MRO_BLR,01-06-2018,0,0,20,20,0,592,15
P021,slow_moving,32,B737,MRO_BLR,01-07-2018,0,0,20,20,0,595,45
P021,slow_moving,32,B737,MRO_BLR,01-08-2018,8,8,20,12,0,579,30
P021,slow_moving,32,B737,MRO_BLR,01-09-2018,0,0,12,12,0,504,15
P021,slow_moving,32,B737,MRO_BLR,01-10-2018,3,3,12,9,0,512,30
P021,slow_moving,32,B737,MRO_BLR,01-11-2018,3,3,9,6,0,512,60
P021,slow_moving,32,B737,MRO_BLR,01-12-2018,2,2,6,4,0,586,30
P021,slow_moving,32,B737,MRO_BLR,01-01-2019,2,2,4,2,0,507,15
P021,slow_moving,32,B737,MRO_BLR,01-02-2019,0,0,10,10,0,505,15
P021,slow_moving,32,B737,MRO_BLR,01-03-2019,0,0,10,10,0,511,15
P021,slow_moving,32,B737,MRO_BLR,01-04-2019,2,2,10,8,0,505,30
P021,slow_moving,32,B737,MRO_BLR,01-05-2019,0,0,8,8,0,511,60
P021,slow_moving,32,B737,MRO_BLR,01-06-2019,3,3,8,5,0,583,30
P021,slow_moving,32,B737,MRO_BLR,01-07-2019,3,3,5,2,0,583,60
P021,slow_moving,32,B737,MRO_BLR,01-08-2019,2,2,2,0,0,593,15
P021,slow_moving,32,B737,MRO_BLR,01-09-2019,0,0,12,12,0,514,45
P021,slow_moving,32,B737,MRO_BLR,01-10-2019,4,4,12,8,0,504,60
P021,slow_moving,32,B737,MRO_BLR,01-11-2019,0,0,8,8,0,505,45
P021,slow_moving,32,B737,MRO_BLR,01-12-2019,1,1,8,7,0,590,15
P021,slow_moving,32,B737,MRO_BLR,01-01-2020,0,0,7,7,0,501,45
P021,slow_moving,32,B737,MRO_BLR,01-02-2020,0,0,7,7,0,515,45
P021,slow_moving,32,B737,MRO_BLR,01-03-2020,3,3,7,4,0,509,15
P021,slow_moving,32,B737,MRO_BLR,01-04-2020,3,3,4,1,0,505,15
P021,slow_moving,32,B737,MRO_BLR,01-05-2020,0,0,10,10,0,508,30
P021,slow_moving,32,B737,MRO_BLR,01-06-2020,5,5,10,5,0,592,45
P021,slow_moving,32,B737,MRO_BLR,01-07-2020,3,3,5,2,0,572,30
P021,slow_moving,32,B737,MRO_BLR,01-08-2020,6,6,9,3,0,590,45
P021,slow_moving,32,B737,MRO_BLR,01-09-2020,0,0,3,3,0,514,30
P021,slow_moving,32,B737,MRO_BLR,01-10-2020,3,3,10,7,0,506,15
P021,slow_moving,32,B737,MRO_BLR,01-11-2020,4,4,7,3,0,508,60
P021,slow_moving,32,B737,MRO_BLR,01-12-2020,2,2,3,1,0,585,15
P021,slow_moving,32,B737,MRO_BLR,01-01-2021,4,4,9,5,0,510,15
P021,slow_moving,32,B737,MRO_BLR,01-02-2021,0,0,5,5,0,503,45
P021,slow_moving,32,B737,MRO_BLR,01-03-2021,0,0,5,5,0,506,60
P021,slow_moving,32,B737,MRO_BLR,01-04-2021,0,0,5,5,0,506,15
P021,slow_moving,32,B737,MRO_BLR,01-05-2021,0,0,5,5,0,510,30
P021,slow_moving,32,B737,MRO_BLR,01-06-2021,0,0,5,5,0,598,15
P021,slow_moving,32,B737,MRO_BLR,01-07-2021,0,0,5,5,0,578,15
P021,slow_moving,32,B737,MRO_BLR,01-08-2021,4,4,5,1,0,583,30
P021,slow_moving,32,B737,MRO_BLR,01-09-2021,2,2,11,9,0,503,15
P021,slow_moving,32,B737,MRO_BLR,01-10-2021,0,0,9,9,0,504,45
P021,slow_moving,32,B737,MRO_BLR,01-11-2021,2,2,9,7,0,501,60
P021,slow_moving,32,B737,MRO_BLR,01-12-2021,5,5,7,2,0,573,60
P021,slow_moving,32,B737,MRO_BLR,01-01-2022,0,0,2,2,0,511,30
P021,slow_moving,32,B737,MRO_BLR,01-02-2022,3,3,12,9,0,507,45
P021,slow_moving,32,B737,MRO_BLR,01-03-2022,1,1,9,8,0,505,60
P021,slow_moving,32,B737,MRO_BLR,01-04-2022,0,0,8,8,0,500,15
P021,slow_moving,32,B737,MRO_BLR,01-05-2022,0,0,8,8,0,504,15
P021,slow_moving,32,B737,MRO_BLR,01-06-2022,0,0,8,8,0,574,15
P021,slow_moving,32,B737,MRO_BLR,01-07-2022,0,0,8,8,0,580,15
P021,slow_moving,32,B737,MRO_BLR,01-08-2022,2,2,8,6,0,583,45
P021,slow_moving,32,B737,MRO_BLR,01-09-2022,4,4,6,2,0,502,15
P021,slow_moving,32,B737,MRO_BLR,01-10-2022,3,3,9,6,0,501,45
P021,slow_moving,32,B737,MRO_BLR,01-11-2022,5,5,6,1,0,502,15
P021,slow_moving,32,B737,MRO_BLR,01-12-2022,4,4,9,5,0,585,15
P021,slow_moving,32,B737,MRO_BLR,01-01-2023,4,4,5,1,0,504,60
P021,slow_moving,32,B737,MRO_BLR,01-02-2023,0,0,1,1,0,495,45
P021,slow_moving,32,B737,MRO_BLR,01-03-2023,2,2,13,11,0,507,30
P021,slow_moving,32,B737,MRO_BLR,01-04-2023,3,3,11,8,0,506,30
P021,slow_moving,32,B737,MRO_BLR,01-05-2023,0,0,8,8,0,504,15
P021,slow_moving,32,B737,MRO_BLR,01-06-2023,3,3,8,5,0,588,30
P021,slow_moving,32,B737,MRO_BLR,01-07-2023,3,3,5,2,0,579,30
P021,slow_moving,32,B737,MRO_BLR,01-08-2023,0,0,9,9,0,581,60
P021,slow_moving,32,B737,MRO_BLR,01-09-2023,4,4,9,5,0,506,45
P021,slow_moving,32,B737,MRO_BLR,01-10-2023,3,3,5,2,0,508,15
P021,slow_moving,32,B737,MRO_BLR,01-11-2023,0,0,14,14,0,502,15
P021,slow_moving,32,B737,MRO_BLR,01-12-2023,3,3,14,11,0,575,45
P022,slow_moving,27,B737,BASE_HYD,01-01-2018,4,4,29,25,0,491,15
P022,slow_moving,27,B737,BASE_HYD,01-02-2018,0,0,25,25,0,500,15
P022,slow_moving,27,B737,BASE_HYD,01-03-2018,0,0,25,25,0,500,30
P022,slow_moving,27,B737,BASE_HYD,01-04-2018,3,3,25,22,0,505,45
P022,slow_moving,27,B737,BASE_HYD,01-05-2018,2,2,22,20,0,486,45
P022,slow_moving,27,B737,BASE_HYD,01-06-2018,3,3,20,17,0,576,45
P022,slow_moving,27,B737,BASE_HYD,01-07-2018,3,3,17,14,0,564,45
P022,slow_moving,27,B737,BASE_HYD,01-08-2018,0,0,14,14,0,574,30
P022,slow_moving,27,B737,BASE_HYD,01-09-2018,1,1,14,13,0,497,60
P022,slow_moving,27,B737,BASE_HYD,01-10-2018,0,0,13,13,0,501,30
P022,slow_moving,27,B737,BASE_HYD,01-11-2018,3,3,13,10,0,496,45
P022,slow_moving,27,B737,BASE_HYD,01-12-2018,2,2,10,8,0,577,30
P022,slow_moving,27,B737,BASE_HYD,01-01-2019,5,5,8,3,0,491,30
P022,slow_moving,27,B737,BASE_HYD,01-02-2019,1,1,10,9,0,495,45
P022,slow_moving,27,B737,BASE_HYD,01-03-2019,0,0,9,9,0,496,45
P022,slow_moving,27,B737,BASE_HYD,01-04-2019,6,6,9,3,0,504,30
P022,slow_moving,27,B737,BASE_HYD,01-05-2019,3,3,13,10,0,500,15
P022,slow_moving,27,B737,BASE_HYD,01-06-2019,3,3,10,7,0,571,60
P022,slow_moving,27,B737,BASE_HYD,01-07-2019,3,3,7,4,0,573,15
P022,slow_moving,27,B737,BASE_HYD,01-08-2019,3,3,4,1,0,576,45
P022,slow_moving,27,B737,BASE_HYD,01-09-2019,5,1,1,0,1,497,15
P022,slow_moving,27,B737,BASE_HYD,01-10-2019,3,3,8,5,0,490,15
P022,slow_moving,27,B737,BASE_HYD,01-11-2019,0,0,5,5,0,499,30
P022,slow_moving,27,B737,BASE_HYD,01-12-2019,1,1,5,4,0,570,45
P022,slow_moving,27,B737,BASE_HYD,01-01-2020,1,1,4,3,0,492,60
P022,slow_moving,27,B737,BASE_HYD,01-02-2020,4,3,3,0,1,490,45
P022,slow_moving,27,B737,BASE_HYD,01-03-2020,0,0,12,12,0,497,30
P022,slow_moving,27,B737,BASE_HYD,01-04-2020,0,0,12,12,0,497,60
P022,slow_moving,27,B737,BASE_HYD,01-05-2020,0,0,12,12,0,489,60
P022,slow_moving,27,B737,BASE_HYD,01-06-2020,3,3,12,9,0,562,30
P022,slow_moving,27,B737,BASE_HYD,01-07-2020,2,2,9,7,0,579,30
P022,slow_moving,27,B737,BASE_HYD,01-08-2020,0,0,7,7,0,573,15
P022,slow_moving,27,B737,BASE_HYD,01-09-2020,3,3,7,4,0,494,15
P022,slow_moving,27,B737,BASE_HYD,01-10-2020,0,0,4,4,0,497,60
P022,slow_moving,27,B737,BASE_HYD,01-11-2020,3,3,4,1,0,492,60
P022,slow_moving,27,B737,BASE_HYD,01-12-2020,3,1,1,0,1,567,60
P022,slow_moving,27,B737,BASE_HYD,01-01-2021,2,2,9,7,0,493,15
P022,slow_moving,27,B737,BASE_HYD,01-02-2021,3,3,7,4,0,497,60
P022,slow_moving,27,B737,BASE_HYD,01-03-2021,0,0,4,4,0,486,45
P022,slow_moving,27,B737,BASE_HYD,01-04-2021,4,4,4,0,0,488,45
P022,slow_moving,27,B737,BASE_HYD,01-05-2021,4,0,0,0,1,486,15
P022,slow_moving,27,B737,BASE_HYD,01-06-2021,5,5,11,6,0,571,30
P022,slow_moving,27,B737,BASE_HYD,01-07-2021,0,0,6,6,0,566,15
P022,slow_moving,27,B737,BASE_HYD,01-08-2021,0,0,6,6,0,561,45
P022,slow_moving,27,B737,BASE_HYD,01-09-2021,2,2,6,4,0,491,30
P022,slow_moving,27,B737,BASE_HYD,01-10-2021,3,3,4,1,0,489,30
P022,slow_moving,27,B737,BASE_HYD,01-11-2021,3,3,12,9,0,485,60
P022,slow_moving,27,B737,BASE_HYD,01-12-2021,0,0,9,9,0,574,60
P022,slow_moving,27,B737,BASE_HYD,01-01-2022,2,2,9,7,0,490,60
P022,slow_moving,27,B737,BASE_HYD,01-02-2022,1,1,7,6,0,497,15
P022,slow_moving,27,B737,BASE_HYD,01-03-2022,5,5,6,1,0,484,45
P022,slow_moving,27,B737,BASE_HYD,01-04-2022,2,1,1,0,1,494,15
P022,slow_moving,27,B737,BASE_HYD,01-05-2022,1,1,11,10,0,484,15
P022,slow_moving,27,B737,BASE_HYD,01-06-2022,8,8,10,2,0,579,45
P022,slow_moving,27,B737,BASE_HYD,01-07-2022,3,2,2,0,1,555,60
P022,slow_moving,27,B737,BASE_HYD,01-08-2022,2,2,8,6,0,575,60
P022,slow_moving,27,B737,BASE_HYD,01-09-2022,3,3,6,3,0,491,15
P022,slow_moving,27,B737,BASE_HYD,01-10-2022,0,0,10,10,0,490,30
P022,slow_moving,27,B737,BASE_HYD,01-11-2022,3,3,10,7,0,494,60
P022,slow_moving,27,B737,BASE_HYD,01-12-2022,3,3,7,4,0,559,60
P022,slow_moving,27,B737,BASE_HYD,01-01-2023,0,0,4,4,0,493,45
P022,slow_moving,27,B737,BASE_HYD,01-02-2023,0,0,4,4,0,494,60
P022,slow_moving,27,B737,BASE_HYD,01-03-2023,1,1,4,3,0,490,45
P022,slow_moving,27,B737,BASE_HYD,01-04-2023,2,2,3,1,0,491,15
P022,slow_moving,27,B737,BASE_HYD,01-05-2023,1,1,13,12,0,499,30
P022,slow_moving,27,B737,BASE_HYD,01-06-2023,9,9,12,3,0,567,15
P022,slow_moving,27,B737,BASE_HYD,01-07-2023,1,1,10,9,0,559,15
P022,slow_moving,27,B737,BASE_HYD,01-08-2023,0,0,9,9,0,567,15
P022,slow_moving,27,B737,BASE_HYD,01-09-2023,3,3,9,6,0,487,60
P022,slow_moving,27,B737,BASE_HYD,01-10-2023,3,3,6,3,0,486,45
P022,slow_moving,27,B737,BASE_HYD,01-11-2023,2,2,3,1,0,492,60
P022,slow_moving,27,B737,BASE_HYD,01-12-2023,0,0,10,10,0,557,45
P022,slow_moving,27,B737,LINE_DEL,01-01-2018,2,2,21,19,0,491,60
P022,slow_moving,27,B737,LINE_DEL,01-02-2018,6,6,19,13,0,500,45
P022,slow_moving,27,B737,LINE_DEL,01-03-2018,3,3,13,10,0,500,30
P022,slow_moving,27,B737,LINE_DEL,01-04-2018,1,1,10,9,0,505,30
P022,slow_moving,27,B737,LINE_DEL,01-05-2018,0,0,9,9,0,486,45
P022,slow_moving,27,B737,LINE_DEL,01-06-2018,1,1,9,8,0,576,30
P022,slow_moving,27,B737,LINE_DEL,01-07-2018,0,0,8,8,0,564,30
P022,slow_moving,27,B737,LINE_DEL,01-08-2018,0,0,8,8,0,574,45
P022,slow_moving,27,B737,LINE_DEL,01-09-2018,6,6,8,2,0,497,45
P022,slow_moving,27,B737,LINE_DEL,01-10-2018,0,0,2,2,0,501,60
P022,slow_moving,27,B737,LINE_DEL,01-11-2018,4,4,14,10,0,496,30
P022,slow_moving,27,B737,LINE_DEL,01-12-2018,0,0,10,10,0,577,15
P022,slow_moving,27,B737,LINE_DEL,01-01-2019,3,3,10,7,0,491,60
P022,slow_moving,27,B737,LINE_DEL,01-02-2019,4,4,7,3,0,495,60
P022,slow_moving,27,B737,LINE_DEL,01-03-2019,0,0,3,3,0,496,45
P022,slow_moving,27,B737,LINE_DEL,01-04-2019,3,3,13,10,0,504,30
P022,slow_moving,27,B737,LINE_DEL,01-05-2019,3,3,10,7,0,500,45
P022,slow_moving,27,B737,LINE_DEL,01-06-2019,5,5,7,2,0,571,45
P022,slow_moving,27,B737,LINE_DEL,01-07-2019,3,2,2,0,1,573,45
P022,slow_moving,27,B737,LINE_DEL,01-08-2019,3,3,8,5,0,576,30
P022,slow_moving,27,B737,LINE_DEL,01-09-2019,5,5,5,0,0,497,45
P022,slow_moving,27,B737,LINE_DEL,01-10-2019,3,0,0,0,1,490,15
P022,slow_moving,27,B737,LINE_DEL,01-11-2019,0,0,7,7,0,499,45
P022,slow_moving,27,B737,LINE_DEL,01-12-2019,0,0,7,7,0,570,60
P022,slow_moving,27,B737,LINE_DEL,01-01-2020,0,0,7,7,0,492,45
P022,slow_moving,27,B737,LINE_DEL,01-02-2020,5,5,7,2,0,490,60
P022,slow_moving,27,B737,LINE_DEL,01-03-2020,3,2,2,0,1,497,60
P022,slow_moving,27,B737,LINE_DEL,01-04-2020,2,2,11,9,0,497,60
P022,slow_moving,27,B737,LINE_DEL,01-05-2020,0,0,9,9,0,489,60
P022,slow_moving,27,B737,LINE_DEL,01-06-2020,1,1,9,8,0,562,60
P022,slow_moving,27,B737,LINE_DEL,01-07-2020,0,0,8,8,0,579,30
P022,slow_moving,27,B737,LINE_DEL,01-08-2020,2,2,8,6,0,573,30
P022,slow_moving,27,B737,LINE_DEL,01-09-2020,0,0,6,6,0,494,30
P022,slow_moving,27,B737,LINE_DEL,01-10-2020,0,0,6,6,0,497,45
P022,slow_moving,27,B737,LINE_DEL,01-11-2020,0,0,6,6,0,492,45
P022,slow_moving,27,B737,LINE_DEL,01-12-2020,0,0,6,6,0,567,45
P022,slow_moving,27,B737,LINE_DEL,01-01-2021,0,0,6,6,0,493,15
P022,slow_moving,27,B737,LINE_DEL,01-02-2021,0,0,6,6,0,497,30
P022,slow_moving,27,B737,LINE_DEL,01-03-2021,4,4,6,2,0,486,45
P022,slow_moving,27,B737,LINE_DEL,01-04-2021,2,2,2,0,0,488,15
P022,slow_moving,27,B737,LINE_DEL,01-05-2021,1,1,7,6,0,486,60
P022,slow_moving,27,B737,LINE_DEL,01-06-2021,5,5,6,1,0,571,60
P022,slow_moving,27,B737,LINE_DEL,01-07-2021,2,1,1,0,1,566,15
P022,slow_moving,27,B737,LINE_DEL,01-08-2021,2,2,10,8,0,561,30
P022,slow_moving,27,B737,LINE_DEL,01-09-2021,2,2,8,6,0,491,60
P022,slow_moving,27,B737,LINE_DEL,01-10-2021,0,0,6,6,0,489,45
P022,slow_moving,27,B737,LINE_DEL,01-11-2021,0,0,6,6,0,485,15
P022,slow_moving,27,B737,LINE_DEL,01-12-2021,3,3,6,3,0,574,15
P022,slow_moving,27,B737,LINE_DEL,01-01-2022,1,1,15,14,0,490,45
P022,slow_moving,27,B737,LINE_DEL,01-02-2022,2,2,14,12,0,497,45
P022,slow_moving,27,B737,LINE_DEL,01-03-2022,3,3,12,9,0,484,60
P022,slow_moving,27,B737,LINE_DEL,01-04-2022,1,1,9,8,0,494,30
P022,slow_moving,27,B737,LINE_DEL,01-05-2022,3,3,8,5,0,484,15
P022,slow_moving,27,B737,LINE_DEL,01-06-2022,2,2,5,3,0,579,15
P022,slow_moving,27,B737,LINE_DEL,01-07-2022,1,1,15,14,0,555,45
P022,slow_moving,27,B737,LINE_DEL,01-08-2022,0,0,14,14,0,575,45
P022,slow_moving,27,B737,LINE_DEL,01-09-2022,3,3,14,11,0,491,30
P022,slow_moving,27,B737,LINE_DEL,01-10-2022,1,1,11,10,0,490,15
P022,slow_moving,27,B737,LINE_DEL,01-11-2022,1,1,10,9,0,494,60
P022,slow_moving,27,B737,LINE_DEL,01-12-2022,9,9,9,0,0,559,60
P022,slow_moving,27,B737,LINE_DEL,01-01-2023,1,0,0,0,1,493,45
P022,slow_moving,27,B737,LINE_DEL,01-02-2023,3,3,11,8,0,494,45
P022,slow_moving,27,B737,LINE_DEL,01-03-2023,0,0,8,8,0,490,30
P022,slow_moving,27,B737,LINE_DEL,01-04-2023,0,0,8,8,0,491,30
P022,slow_moving,27,B737,LINE_DEL,01-05-2023,6,6,8,2,0,499,15
P022,slow_moving,27,B737,LINE_DEL,01-06-2023,4,4,10,6,0,567,30
P022,slow_moving,27,B737,LINE_DEL,01-07-2023,0,0,6,6,0,559,30
P022,slow_moving,27,B737,LINE_DEL,01-08-2023,5,5,6,1,0,567,30
P022,slow_moving,27,B737,LINE_DEL,01-09-2023,2,2,10,8,0,487,15
P022,slow_moving,27,B737,LINE_DEL,01-10-2023,0,0,8,8,0,486,45
P022,slow_moving,27,B737,LINE_DEL,01-11-2023,4,4,8,4,0,492,30
P022,slow_moving,27,B737,LINE_DEL,01-12-2023,0,0,4,4,0,557,45
P022,slow_moving,27,B737,MRO_BLR,01-01-2018,3,3,23,20,0,491,15
P022,slow_moving,27,B737,MRO_BLR,01-02-2018,0,0,20,20,0,500,45
P022,slow_moving,27,B737,MRO_BLR,01-03-2018,0,0,20,20,0,500,30
P022,slow_moving,27,B737,MRO_BLR,01-04-2018,0,0,20,20,0,505,15
P022,slow_moving,27,B737,MRO_BLR,01-05-2018,3,3,20,17,0,486,45
P022,slow_moving,27,B737,MRO_BLR,01-06-2018,0,0,17,17,0,576,60
P022,slow_moving,27,B737,MRO_BLR,01-07-2018,0,0,17,17,0,564,45
P022,slow_moving,27,B737,MRO_BLR,01-08-2018,2,2,17,15,0,574,45
P022,slow_moving,27,B737,MRO_BLR,01-09-2018,1,1,15,14,0,497,30
P022,slow_moving,27,B737,MRO_BLR,01-10-2018,5,5,14,9,0,501,30
P022,slow_moving,27,B737,MRO_BLR,01-11-2018,3,3,9,6,0,496,15
P022,slow_moving,27,B737,MRO_BLR,01-12-2018,5,5,6,1,0,577,30
P022,slow_moving,27,B737,MRO_BLR,01-01-2019,3,3,11,8,0,491,15
P022,slow_moving,27,B737,MRO_BLR,01-02-2019,3,3,8,5,0,495,30
P022,slow_moving,27,B737,MRO_BLR,01-03-2019,0,0,5,5,0,496,45
P022,slow_moving,27,B737,MRO_BLR,01-04-2019,0,0,5,5,0,504,15
P022,slow_moving,27,B737,MRO_BLR,01-05-2019,3,3,5,2,0,500,45
P022,slow_moving,27,B737,MRO_BLR,01-06-2019,3,2,2,0,1,571,60
P022,slow_moving,27,B737,MRO_BLR,01-07-2019,0,0,9,9,0,573,15
P022,slow_moving,27,B737,MRO_BLR,01-08-2019,0,0,9,9,0,576,15
P022,slow_moving,27,B737,MRO_BLR,01-09-2019,0,0,9,9,0,497,30
P022,slow_moving,27,B737,MRO_BLR,01-10-2019,0,0,9,9,0,490,60
P022,slow_moving,27,B737,MRO_BLR,01-11-2019,1,1,9,8,0,499,60
P022,slow_moving,27,B737,MRO_BLR,01-12-2019,4,4,8,4,0,570,45
P022,slow_moving,27,B737,MRO_BLR,01-01-2020,0,0,4,4,0,492,45
P022,slow_moving,27,B737,MRO_BLR,01-02-2020,3,3,4,1,0,490,45
P022,slow_moving,27,B737,MRO_BLR,01-03-2020,2,1,1,0,1,497,60
P022,slow_moving,27,B737,MRO_BLR,01-04-2020,0,0,12,12,0,497,45
P022,slow_moving,27,B737,MRO_BLR,01-05-2020,2,2,12,10,0,489,30
P022,slow_moving,27,B737,MRO_BLR,01-06-2020,6,6,10,4,0,562,15
P022,slow_moving,27,B737,MRO_BLR,01-07-2020,0,0,4,4,0,579,15
P022,slow_moving,27,B737,MRO_BLR,01-08-2020,0,0,4,4,0,573,45
P022,slow_moving,27,B737,MRO_BLR,01-09-2020,0,0,4,4,0,494,15
P022,slow_moving,27,B737,MRO_BLR,01-10-2020,2,2,4,2,0,497,60
P022,slow_moving,27,B737,MRO_BLR,01-11-2020,0,0,2,2,0,492,60
P022,slow_moving,27,B737,MRO_BLR,01-12-2020,0,0,11,11,0,567,60
P022,slow_moving,27,B737,MRO_BLR,01-01-2021,0,0,11,11,0,493,45
P022,slow_moving,27,B737,MRO_BLR,01-02-2021,0,0,11,11,0,497,30
P022,slow_moving,27,B737,MRO_BLR,01-03-2021,0,0,11,11,0,486,15
P022,slow_moving,27,B737,MRO_BLR,01-04-2021,4,4,11,7,0,488,60
P022,slow_moving,27,B737,MRO_BLR,01-05-2021,2,2,7,5,0,486,45
P022,slow_moving,27,B737,MRO_BLR,01-06-2021,0,0,5,5,0,571,30
P022,slow_moving,27,B737,MRO_BLR,01-07-2021,6,5,5,0,1,566,15
P022,slow_moving,27,B737,MRO_BLR,01-08-2021,2,2,12,10,0,561,15
P022,slow_moving,27,B737,MRO_BLR,01-09-2021,2,2,10,8,0,491,45
P022,slow_moving,27,B737,MRO_BLR,01-10-2021,0,0,8,8,0,489,15
P022,slow_moving,27,B737,MRO_BLR,01-11-2021,4,4,8,4,0,485,45
P022,slow_moving,27,B737,MRO_BLR,01-12-2021,2,2,4,2,0,574,15
P022,slow_moving,27,B737,MRO_BLR,01-01-2022,0,0,13,13,0,490,30
P022,slow_moving,27,B737,MRO_BLR,01-02-2022,0,0,13,13,0,497,30
P022,slow_moving,27,B737,MRO_BLR,01-03-2022,4,4,13,9,0,484,60
P022,slow_moving,27,B737,MRO_BLR,01-04-2022,0,0,9,9,0,494,15
P022,slow_moving,27,B737,MRO_BLR,01-05-2022,0,0,9,9,0,484,45
P022,slow_moving,27,B737,MRO_BLR,01-06-2022,0,0,9,9,0,579,45
P022,slow_moving,27,B737,MRO_BLR,01-07-2022,3,3,9,6,0,555,45
P022,slow_moving,27,B737,MRO_BLR,01-08-2022,0,0,6,6,0,575,45
P022,slow_moving,27,B737,MRO_BLR,01-09-2022,5,5,6,1,0,491,60
P022,slow_moving,27,B737,MRO_BLR,01-10-2022,0,0,1,1,0,490,15
P022,slow_moving,27,B737,MRO_BLR,01-11-2022,0,0,10,10,0,494,45
P022,slow_moving,27,B737,MRO_BLR,01-12-2022,0,0,10,10,0,559,45
P022,slow_moving,27,B737,MRO_BLR,01-01-2023,0,0,10,10,0,493,60
P022,slow_moving,27,B737,MRO_BLR,01-02-2023,0,0,10,10,0,494,45
P022,slow_moving,27,B737,MRO_BLR,01-03-2023,0,0,10,10,0,490,15
P022,slow_moving,27,B737,MRO_BLR,01-04-2023,1,1,10,9,0,491,30
P022,slow_moving,27,B737,MRO_BLR,01-05-2023,0,0,9,9,0,499,45
P022,slow_moving,27,B737,MRO_BLR,01-06-2023,0,0,9,9,0,567,30
P022,slow_moving,27,B737,MRO_BLR,01-07-2023,2,2,9,7,0,559,60
P022,slow_moving,27,B737,MRO_BLR,01-08-2023,0,0,7,7,0,567,45
P022,slow_moving,27,B737,MRO_BLR,01-09-2023,3,3,7,4,0,487,30
P022,slow_moving,27,B737,MRO_BLR,01-10-2023,5,4,4,0,1,486,60
P022,slow_moving,27,B737,MRO_BLR,01-11-2023,0,0,0,0,0,492,30
P022,slow_moving,27,B737,MRO_BLR,01-12-2023,1,1,11,10,0,557,30
P023,slow_moving,27,B737,BASE_HYD,01-01-2018,2,2,24,22,0,413,30
P023,slow_moving,27,B737,BASE_HYD,01-02-2018,6,6,22,16,0,419,60
P023,slow_moving,27,B737,BASE_HYD,01-03-2018,0,0,16,16,0,417,15
P023,slow_moving,27,B737,BASE_HYD,01-04-2018,2,2,16,14,0,411,15
P023,slow_moving,27,B737,BASE_HYD,01-05-2018,0,0,14,14,0,415,30
P023,slow_moving,27,B737,BASE_HYD,01-06-2018,2,2,14,12,0,469,30
P023,slow_moving,27,B737,BASE_HYD,01-07-2018,1,1,12,11,0,477,30
P023,slow_moving,27,B737,BASE_HYD,01-08-2018,0,0,11,11,0,479,60
P023,slow_moving,27,B737,BASE_HYD,01-09-2018,1,1,11,10,0,417,60
P023,slow_moving,27,B737,BASE_HYD,01-10-2018,5,5,10,5,0,411,30
P023,slow_moving,27,B737,BASE_HYD,01-11-2018,0,0,5,5,0,412,60
P023,slow_moving,27,B737,BASE_HYD,01-12-2018,2,2,5,3,0,478,30
P023,slow_moving,27,B737,BASE_HYD,01-01-2019,1,1,12,11,0,419,45
P023,slow_moving,27,B737,BASE_HYD,01-02-2019,0,0,11,11,0,414,60
P023,slow_moving,27,B737,BASE_HYD,01-03-2019,0,0,11,11,0,411,15
P023,slow_moving,27,B737,BASE_HYD,01-04-2019,0,0,11,11,0,418,45
P023,slow_moving,27,B737,BASE_HYD,01-05-2019,0,0,11,11,0,414,30
P023,slow_moving,27,B737,BASE_HYD,01-06-2019,0,0,11,11,0,477,30
P023,slow_moving,27,B737,BASE_HYD,01-07-2019,1,1,11,10,0,480,45
P023,slow_moving,27,B737,BASE_HYD,01-08-2019,2,2,10,8,0,475,45
P023,slow_moving,27,B737,BASE_HYD,01-09-2019,0,0,8,8,0,410,60
P023,slow_moving,27,B737,BASE_HYD,01-10-2019,1,1,8,7,0,413,30
P023,slow_moving,27,B737,BASE_HYD,01-11-2019,3,3,7,4,0,418,60
P023,slow_moving,27,B737,BASE_HYD,01-12-2019,0,0,4,4,0,485,45
P023,slow_moving,27,B737,BASE_HYD,01-01-2020,1,1,4,3,0,407,45
P023,slow_moving,27,B737,BASE_HYD,01-02-2020,0,0,3,3,0,419,30
P023,slow_moving,27,B737,BASE_HYD,01-03-2020,3,3,13,10,0,411,45
P023,slow_moving,27,B737,BASE_HYD,01-04-2020,0,0,10,10,0,413,45
P023,slow_moving,27,B737,BASE_HYD,01-05-2020,0,0,10,10,0,420,15
P023,slow_moving,27,B737,BASE_HYD,01-06-2020,3,3,10,7,0,472,60
P023,slow_moving,27,B737,BASE_HYD,01-07-2020,2,2,7,5,0,473,60
P023,slow_moving,27,B737,BASE_HYD,01-08-2020,0,0,5,5,0,471,45
P023,slow_moving,27,B737,BASE_HYD,01-09-2020,3,3,5,2,0,413,45
P023,slow_moving,27,B737,BASE_HYD,01-10-2020,1,1,2,1,0,414,45
P023,slow_moving,27,B737,BASE_HYD,01-11-2020,4,4,8,4,0,410,60
P023,slow_moving,27,B737,BASE_HYD,01-12-2020,3,3,4,1,0,481,15
P023,slow_moving,27,B737,BASE_HYD,01-01-2021,4,4,13,9,0,408,30
P023,slow_moving,27,B737,BASE_HYD,01-02-2021,1,1,9,8,0,413,15
P023,slow_moving,27,B737,BASE_HYD,01-03-2021,2,2,8,6,0,411,60
P023,slow_moving,27,B737,BASE_HYD,01-04-2021,0,0,6,6,0,416,45
P023,slow_moving,27,B737,BASE_HYD,01-05-2021,2,2,6,4,0,408,60
P023,slow_moving,27,B737,BASE_HYD,01-06-2021,0,0,4,4,0,476,60
P023,slow_moving,27,B737,BASE_HYD,01-07-2021,3,3,4,1,0,484,15
P023,slow_moving,27,B737,BASE_HYD,01-08-2021,3,3,9,6,0,466,15
P023,slow_moving,27,B737,BASE_HYD,01-09-2021,1,1,6,5,0,408,60
P023,slow_moving,27,B737,BASE_HYD,01-10-2021,0,0,5,5,0,420,45
P023,slow_moving,27,B737,BASE_HYD,01-11-2021,1,1,5,4,0,411,15
P023,slow_moving,27,B737,BASE_HYD,01-12-2021,0,0,4,4,0,473,45
P023,slow_moving,27,B737,BASE_HYD,01-01-2022,0,0,4,4,0,409,30
P023,slow_moving,27,B737,BASE_HYD,01-02-2022,0,0,4,4,0,417,45
P023,slow_moving,27,B737,BASE_HYD,01-03-2022,3,3,4,1,0,403,60
P023,slow_moving,27,B737,BASE_HYD,01-04-2022,0,0,1,1,0,415,60
P023,slow_moving,27,B737,BASE_HYD,01-05-2022,2,2,9,7,0,404,45
P023,slow_moving,27,B737,BASE_HYD,01-06-2022,8,7,7,0,1,464,15
P023,slow_moving,27,B737,BASE_HYD,01-07-2022,0,0,9,9,0,466,60
P023,slow_moving,27,B737,BASE_HYD,01-08-2022,4,4,9,5,0,471,60
P023,slow_moving,27,B737,BASE_HYD,01-09-2022,4,4,5,1,0,407,45
P023,slow_moving,27,B737,BASE_HYD,01-10-2022,3,1,1,0,1,407,60
P023,slow_moving,27,B737,BASE_HYD,01-11-2022,8,8,11,3,0,406,15
P023,slow_moving,27,B737,BASE_HYD,01-12-2022,0,0,12,12,0,467,30
P023,slow_moving,27,B737,BASE_HYD,01-01-2023,2,2,12,10,0,405,60
P023,slow_moving,27,B737,BASE_HYD,01-02-2023,0,0,10,10,0,410,60
P023,slow_moving,27,B737,BASE_HYD,01-03-2023,4,4,10,6,0,406,45
P023,slow_moving,27,B737,BASE_HYD,01-04-2023,2,2,6,4,0,398,15
P023,slow_moving,27,B737,BASE_HYD,01-05-2023,0,0,4,4,0,409,60
P023,slow_moving,27,B737,BASE_HYD,01-06-2023,0,0,4,4,0,474,60
P023,slow_moving,27,B737,BASE_HYD,01-07-2023,3,3,4,1,0,469,30
P023,slow_moving,27,B737,BASE_HYD,01-08-2023,0,0,13,13,0,464,30
P023,slow_moving,27,B737,BASE_HYD,01-09-2023,0,0,13,13,0,412,45
P023,slow_moving,27,B737,BASE_HYD,01-10-2023,0,0,13,13,0,403,15
P023,slow_moving,27,B737,BASE_HYD,01-11-2023,0,0,13,13,0,407,45
P023,slow_moving,27,B737,BASE_HYD,01-12-2023,3,3,13,10,0,470,15
P023,slow_moving,27,B737,LINE_DEL,01-01-2018,4,4,26,22,0,413,60
P023,slow_moving,27,B737,LINE_DEL,01-02-2018,1,1,22,21,0,419,30
P023,slow_moving,27,B737,LINE_DEL,01-03-2018,0,0,21,21,0,417,15
P023,slow_moving,27,B737,LINE_DEL,01-04-2018,0,0,21,21,0,411,15
P023,slow_moving,27,B737,LINE_DEL,01-05-2018,6,6,21,15,0,415,45
P023,slow_moving,27,B737,LINE_DEL,01-06-2018,2,2,15,13,0,469,15
P023,slow_moving,27,B737,LINE_DEL,01-07-2018,3,3,13,10,0,477,15
P023,slow_moving,27,B737,LINE_DEL,01-08-2018,3,3,10,7,0,479,60
P023,slow_moving,27,B737,LINE_DEL,01-09-2018,0,0,7,7,0,417,45
P023,slow_moving,27,B737,LINE_DEL,01-10-2018,3,3,7,4,0,411,30
P023,slow_moving,27,B737,LINE_DEL,01-11-2018,2,2,4,2,0,412,30
P023,slow_moving,27,B737,LINE_DEL,01-12-2018,5,5,10,5,0,478,15
P023,slow_moving,27,B737,LINE_DEL,01-01-2019,0,0,5,5,0,419,60
P023,slow_moving,27,B737,LINE_DEL,01-02-2019,0,0,5,5,0,414,45
P023,slow_moving,27,B737,LINE_DEL,01-03-2019,0,0,5,5,0,411,60
P023,slow_moving,27,B737,LINE_DEL,01-04-2019,3,3,5,2,0,418,30
P023,slow_moving,27,B737,LINE_DEL,01-05-2019,5,5,9,4,0,414,15
P023,slow_moving,27,B737,LINE_DEL,01-06-2019,3,3,4,1,0,477,60
P023,slow_moving,27,B737,LINE_DEL,01-07-2019,2,1,1,0,1,480,60
P023,slow_moving,27,B737,LINE_DEL,01-08-2019,3,3,12,9,0,475,15
P023,slow_moving,27,B737,LINE_DEL,01-09-2019,8,8,9,1,0,410,30
P023,slow_moving,27,B737,LINE_DEL,01-10-2019,2,2,9,7,0,413,45
P023,slow_moving,27,B737,LINE_DEL,01-11-2019,3,3,7,4,0,418,15
P023,slow_moving,27,B737,LINE_DEL,01-12-2019,0,0,4,4,0,485,30
P023,slow_moving,27,B737,LINE_DEL,01-01-2020,5,4,4,0,1,407,45
P023,slow_moving,27,B737,LINE_DEL,01-02-2020,0,0,0,0,0,419,60
P023,slow_moving,27,B737,LINE_DEL,01-03-2020,4,4,8,4,0,411,15
P023,slow_moving,27,B737,LINE_DEL,01-04-2020,3,3,4,1,0,413,60
P023,slow_moving,27,B737,LINE_DEL,01-05-2020,6,1,1,0,1,420,45
P023,slow_moving,27,B737,LINE_DEL,01-06-2020,2,2,7,5,0,472,45
P023,slow_moving,27,B737,LINE_DEL,01-07-2020,0,0,5,5,0,473,30
P023,slow_moving,27,B737,LINE_DEL,01-08-2020,3,3,5,2,0,471,15
P023,slow_moving,27,B737,LINE_DEL,01-09-2020,1,1,14,13,0,413,60
P023,slow_moving,27,B737,LINE_DEL,01-10-2020,3,3,13,10,0,414,60
P023,slow_moving,27,B737,LINE_DEL,01-11-2020,0,0,10,10,0,410,60
P023,slow_moving,27,B737,LINE_DEL,01-12-2020,8,8,10,2,0,481,60
P023,slow_moving,27,B737,LINE_DEL,01-01-2021,3,2,2,0,1,408,15
P023,slow_moving,27,B737,LINE_DEL,01-02-2021,0,0,11,11,0,413,60
P023,slow_moving,27,B737,LINE_DEL,01-03-2021,2,2,11,9,0,411,45
P023,slow_moving,27,B737,LINE_DEL,01-04-2021,3,3,9,6,0,416,15
P023,slow_moving,27,B737,LINE_DEL,01-05-2021,2,2,6,4,0,408,15
P023,slow_moving,27,B737,LINE_DEL,01-06-2021,5,4,4,0,1,476,30
P023,slow_moving,27,B737,LINE_DEL,01-07-2021,3,3,10,7,0,484,60
P023,slow_moving,27,B737,LINE_DEL,01-08-2021,0,0,7,7,0,466,60
P023,slow_moving,27,B737,LINE_DEL,01-09-2021,2,2,7,5,0,408,60
P023,slow_moving,27,B737,LINE_DEL,01-10-2021,1,1,5,4,0,420,45
P023,slow_moving,27,B737,LINE_DEL,01-11-2021,2,2,4,2,0,411,15
P023,slow_moving,27,B737,LINE_DEL,01-12-2021,4,4,13,9,0,473,30
P023,slow_moving,27,B737,LINE_DEL,01-01-2022,3,3,9,6,0,409,30
P023,slow_moving,27,B737,LINE_DEL,01-02-2022,0,0,6,6,0,417,45
P023,slow_moving,27,B737,LINE_DEL,01-03-2022,4,4,6,2,0,403,30
P023,slow_moving,27,B737,LINE_DEL,01-04-2022,0,0,12,12,0,415,60
P023,slow_moving,27,B737,LINE_DEL,01-05-2022,0,0,12,12,0,404,30
P023,slow_moving,27,B737,LINE_DEL,01-06-2022,6,6,12,6,0,464,30
P023,slow_moving,27,B737,LINE_DEL,01-07-2022,0,0,6,6,0,466,60
P023,slow_moving,27,B737,LINE_DEL,01-08-2022,3,3,6,3,0,471,15
P023,slow_moving,27,B737,LINE_DEL,01-09-2022,0,0,15,15,0,407,30
P023,slow_moving,27,B737,LINE_DEL,01-10-2022,4,4,15,11,0,407,60
P023,slow_moving,27,B737,LINE_DEL,01-11-2022,7,7,11,4,0,406,60
P023,slow_moving,27,B737,LINE_DEL,01-12-2022,5,4,4,0,1,467,15
P023,slow_moving,27,B737,LINE_DEL,01-01-2023,3,3,10,7,0,405,30
P023,slow_moving,27,B737,LINE_DEL,01-02-2023,3,3,7,4,0,410,15
P023,slow_moving,27,B737,LINE_DEL,01-03-2023,5,4,4,0,1,406,45
P023,slow_moving,27,B737,LINE_DEL,01-04-2023,0,0,0,0,0,398,60
P023,slow_moving,27,B737,LINE_DEL,01-05-2023,3,3,10,7,0,409,45
P023,slow_moving,27,B737,LINE_DEL,01-06-2023,0,0,7,7,0,474,45
P023,slow_moving,27,B737,LINE_DEL,01-07-2023,0,0,7,7,0,469,45
P023,slow_moving,27,B737,LINE_DEL,01-08-2023,0,0,7,7,0,464,45
P023,slow_moving,27,B737,LINE_DEL,01-09-2023,3,3,7,4,0,412,15
P023,slow_moving,27,B737,LINE_DEL,01-10-2023,0,0,4,4,0,403,45
P023,slow_moving,27,B737,LINE_DEL,01-11-2023,0,0,4,4,0,407,15
P023,slow_moving,27,B737,LINE_DEL,01-12-2023,3,3,4,1,0,470,45
P023,slow_moving,27,B737,MRO_BLR,01-01-2018,3,3,17,14,0,413,45
P023,slow_moving,27,B737,MRO_BLR,01-02-2018,3,3,14,11,0,419,45
P023,slow_moving,27,B737,MRO_BLR,01-03-2018,2,2,11,9,0,417,30
P023,slow_moving,27,B737,MRO_BLR,01-04-2018,0,0,9,9,0,411,15
P023,slow_moving,27,B737,MRO_BLR,01-05-2018,2,2,9,7,0,415,60
P023,slow_moving,27,B737,MRO_BLR,01-06-2018,5,5,7,2,0,469,60
P023,slow_moving,27,B737,MRO_BLR,01-07-2018,5,2,2,0,1,477,30
P023,slow_moving,27,B737,MRO_BLR,01-08-2018,2,2,9,7,0,479,60
P023,slow_moving,27,B737,MRO_BLR,01-09-2018,2,2,7,5,0,417,30
P023,slow_moving,27,B737,MRO_BLR,01-10-2018,0,0,5,5,0,411,15
P023,slow_moving,27,B737,MRO_BLR,01-11-2018,4,4,5,1,0,412,30
P023,slow_moving,27,B737,MRO_BLR,01-12-2018,4,4,11,7,0,478,45
P023,slow_moving,27,B737,MRO_BLR,01-01-2019,2,2,7,5,0,419,30
P023,slow_moving,27,B737,MRO_BLR,01-02-2019,0,0,5,5,0,414,15
P023,slow_moving,27,B737,MRO_BLR,01-03-2019,1,1,5,4,0,411,60
P023,slow_moving,27,B737,MRO_BLR,01-04-2019,3,3,4,1,0,418,15
P023,slow_moving,27,B737,MRO_BLR,01-05-2019,3,3,11,8,0,414,15
P023,slow_moving,27,B737,MRO_BLR,01-06-2019,0,0,8,8,0,477,45
P023,slow_moving,27,B737,MRO_BLR,01-07-2019,4,4,8,4,0,480,30
P023,slow_moving,27,B737,MRO_BLR,01-08-2019,0,0,4,4,0,475,15
P023,slow_moving,27,B737,MRO_BLR,01-09-2019,0,0,4,4,0,410,15
P023,slow_moving,27,B737,MRO_BLR,01-10-2019,7,4,4,0,1,413,30
P023,slow_moving,27,B737,MRO_BLR,01-11-2019,2,2,7,5,0,418,45
P023,slow_moving,27,B737,MRO_BLR,01-12-2019,2,2,5,3,0,485,60
P023,slow_moving,27,B737,MRO_BLR,01-01-2020,3,3,3,0,0,407,60
P023,slow_moving,27,B737,MRO_BLR,01-02-2020,0,0,8,8,0,419,45
P023,slow_moving,27,B737,MRO_BLR,01-03-2020,0,0,8,8,0,411,15
P023,slow_moving,27,B737,MRO_BLR,01-04-2020,2,2,8,6,0,413,30
P023,slow_moving,27,B737,MRO_BLR,01-05-2020,2,2,6,4,0,420,45
P023,slow_moving,27,B737,MRO_BLR,01-06-2020,4,4,4,0,0,472,45
P023,slow_moving,27,B737,MRO_BLR,01-07-2020,2,0,0,0,1,473,30
P023,slow_moving,27,B737,MRO_BLR,01-08-2020,0,0,9,9,0,471,45
P023,slow_moving,27,B737,MRO_BLR,01-09-2020,1,1,9,8,0,413,45
P023,slow_moving,27,B737,MRO_BLR,01-10-2020,0,0,8,8,0,414,60
P023,slow_moving,27,B737,MRO_BLR,01-11-2020,2,2,8,6,0,410,15
P023,slow_moving,27,B737,MRO_BLR,01-12-2020,1,1,6,5,0,481,15
P023,slow_moving,27,B737,MRO_BLR,01-01-2021,2,2,5,3,0,408,45
P023,slow_moving,27,B737,MRO_BLR,01-02-2021,0,0,3,3,0,413,60
P023,slow_moving,27,B737,MRO_BLR,01-03-2021,4,4,12,8,0,411,45
P023,slow_moving,27,B737,MRO_BLR,01-04-2021,0,0,8,8,0,416,15
P023,slow_moving,27,B737,MRO_BLR,01-05-2021,1,1,8,7,0,408,60
P023,slow_moving,27,B737,MRO_BLR,01-06-2021,2,2,7,5,0,476,60
P023,slow_moving,27,B737,MRO_BLR,01-07-2021,0,0,5,5,0,484,15
P023,slow_moving,27,B737,MRO_BLR,01-08-2021,3,3,5,2,0,466,60
P023,slow_moving,27,B737,MRO_BLR,01-09-2021,2,2,2,0,0,408,15
P023,slow_moving,27,B737,MRO_BLR,01-10-2021,0,0,9,9,0,420,15
P023,slow_moving,27,B737,MRO_BLR,01-11-2021,3,3,9,6,0,411,15
P023,slow_moving,27,B737,MRO_BLR,01-12-2021,7,6,6,0,1,473,15
P023,slow_moving,27,B737,MRO_BLR,01-01-2022,2,2,11,9,0,409,60
P023,slow_moving,27,B737,MRO_BLR,01-02-2022,1,1,9,8,0,417,60
P023,slow_moving,27,B737,MRO_BLR,01-03-2022,1,1,8,7,0,403,45
P023,slow_moving,27,B737,MRO_BLR,01-04-2022,5,5,7,2,0,415,30
P023,slow_moving,27,B737,MRO_BLR,01-05-2022,3,3,14,11,0,404,60
P023,slow_moving,27,B737,MRO_BLR,01-06-2022,0,0,11,11,0,464,30
P023,slow_moving,27,B737,MRO_BLR,01-07-2022,4,4,11,7,0,466,15
P023,slow_moving,27,B737,MRO_BLR,01-08-2022,2,2,7,5,0,471,60
P023,slow_moving,27,B737,MRO_BLR,01-09-2022,2,2,5,3,0,407,30
P023,slow_moving,27,B737,MRO_BLR,01-10-2022,1,1,13,12,0,407,60
P023,slow_moving,27,B737,MRO_BLR,01-11-2022,1,1,12,11,0,406,15
P023,slow_moving,27,B737,MRO_BLR,01-12-2022,3,3,11,8,0,467,30
P023,slow_moving,27,B737,MRO_BLR,01-01-2023,4,4,8,4,0,405,15
P023,slow_moving,27,B737,MRO_BLR,01-02-2023,1,1,4,3,0,410,60
P023,slow_moving,27,B737,MRO_BLR,01-03-2023,0,0,3,3,0,406,15
P023,slow_moving,27,B737,MRO_BLR,01-04-2023,0,0,10,10,0,398,30
P023,slow_moving,27,B737,MRO_BLR,01-05-2023,0,0,10,10,0,409,30
P023,slow_moving,27,B737,MRO_BLR,01-06-2023,3,3,10,7,0,474,45
P023,slow_moving,27,B737,MRO_BLR,01-07-2023,0,0,7,7,0,469,60
P023,slow_moving,27,B737,MRO_BLR,01-08-2023,0,0,7,7,0,464,45
P023,slow_moving,27,B737,MRO_BLR,01-09-2023,2,2,7,5,0,412,15
P023,slow_moving,27,B737,MRO_BLR,01-10-2023,2,2,5,3,0,403,45
P023,slow_moving,27,B737,MRO_BLR,01-11-2023,0,0,3,3,0,407,15
P023,slow_moving,27,B737,MRO_BLR,01-12-2023,2,2,14,12,0,470,60
P024,slow_moving,32,A321,BASE_HYD,01-01-2018,1,1,21,20,0,450,15
P024,slow_moving,32,A321,BASE_HYD,01-02-2018,4,4,20,16,0,455,60
P024,slow_moving,32,A321,BASE_HYD,01-03-2018,0,0,16,16,0,458,45
P024,slow_moving,32,A321,BASE_HYD,01-04-2018,6,6,16,10,0,446,15
P024,slow_moving,32,A321,BASE_HYD,01-05-2018,2,2,10,8,0,459,45
P024,slow_moving,32,A321,BASE_HYD,01-06-2018,0,0,8,8,0,516,60
P024,slow_moving,32,A321,BASE_HYD,01-07-2018,0,0,8,8,0,523,45
P024,slow_moving,32,A321,BASE_HYD,01-08-2018,3,3,8,5,0,534,30
P024,slow_moving,32,A321,BASE_HYD,01-09-2018,2,2,5,3,0,445,60
P024,slow_moving,32,A321,BASE_HYD,01-10-2018,3,3,3,0,0,454,15
P024,slow_moving,32,A321,BASE_HYD,01-11-2018,4,4,8,4,0,451,30
P024,slow_moving,32,A321,BASE_HYD,01-12-2018,4,4,4,0,0,522,30
P024,slow_moving,32,A321,BASE_HYD,01-01-2019,3,3,9,6,0,448,45
P024,slow_moving,32,A321,BASE_HYD,01-02-2019,3,3,6,3,0,439,60
P024,slow_moving,32,A321,BASE_HYD,01-03-2019,4,3,3,0,1,447,45
P024,slow_moving,32,A321,BASE_HYD,01-04-2019,4,4,10,6,0,452,60
P024,slow_moving,32,A321,BASE_HYD,01-05-2019,0,0,6,6,0,457,60
P024,slow_moving,32,A321,BASE_HYD,01-06-2019,1,1,6,5,0,520,60
P024,slow_moving,32,A321,BASE_HYD,01-07-2019,1,1,5,4,0,526,60
P024,slow_moving,32,A321,BASE_HYD,01-08-2019,1,1,4,3,0,516,30
P024,slow_moving,32,A321,BASE_HYD,01-09-2019,1,1,14,13,0,448,45
P024,slow_moving,32,A321,BASE_HYD,01-10-2019,0,0,13,13,0,452,45
P024,slow_moving,32,A321,BASE_HYD,01-11-2019,1,1,13,12,0,449,45
P024,slow_moving,32,A321,BASE_HYD,01-12-2019,3,3,12,9,0,524,15
P024,slow_moving,32,A321,BASE_HYD,01-01-2020,1,1,9,8,0,443,15
P024,slow_moving,32,A321,BASE_HYD,01-02-2020,0,0,8,8,0,453,60
P024,slow_moving,32,A321,BASE_HYD,01-03-2020,2,2,8,6,0,455,30
P024,slow_moving,32,A321,BASE_HYD,01-04-2020,1,1,6,5,0,451,15
P024,slow_moving,32,A321,BASE_HYD,01-05-2020,3,3,5,2,0,453,15
P024,slow_moving,32,A321,BASE_HYD,01-06-2020,0,0,9,9,0,513,15
P024,slow_moving,32,A321,BASE_HYD,01-07-2020,4,4,9,5,0,512,45
P024,slow_moving,32,A321,BASE_HYD,01-08-2020,2,2,5,3,0,519,60
P024,slow_moving,32,A321,BASE_HYD,01-09-2020,0,0,3,3,0,446,45
P024,slow_moving,32,A321,BASE_HYD,01-10-2020,3,3,10,7,0,451,45
P024,slow_moving,32,A321,BASE_HYD,01-11-2020,0,0,7,7,0,451,60
P024,slow_moving,32,A321,BASE_HYD,01-12-2020,1,1,7,6,0,516,60
P024,slow_moving,32,A321,BASE_HYD,01-01-2021,0,0,6,6,0,449,60
P024,slow_moving,32,A321,BASE_HYD,01-02-2021,3,3,6,3,0,451,45
P024,slow_moving,32,A321,BASE_HYD,01-03-2021,3,3,3,0,0,447,45
P024,slow_moving,32,A321,BASE_HYD,01-04-2021,1,1,11,10,0,446,60
P024,slow_moving,32,A321,BASE_HYD,01-05-2021,0,0,10,10,0,452,60
P024,slow_moving,32,A321,BASE_HYD,01-06-2021,0,0,10,10,0,517,15
P024,slow_moving,32,A321,BASE_HYD,01-07-2021,2,2,10,8,0,517,15
P024,slow_moving,32,A321,BASE_HYD,01-08-2021,2,2,8,6,0,518,30
P024,slow_moving,32,A321,BASE_HYD,01-09-2021,1,1,6,5,0,449,60
P024,slow_moving,32,A321,BASE_HYD,01-10-2021,1,1,5,4,0,446,45
P024,slow_moving,32,A321,BASE_HYD,01-11-2021,4,4,4,0,0,445,30
P024,slow_moving,32,A321,BASE_HYD,01-12-2021,3,3,8,5,0,515,15
P024,slow_moving,32,A321,BASE_HYD,01-01-2022,4,4,5,1,0,449,30
P024,slow_moving,32,A321,BASE_HYD,01-02-2022,0,0,13,13,0,449,60
P024,slow_moving,32,A321,BASE_HYD,01-03-2022,4,4,13,9,0,447,60
P024,slow_moving,32,A321,BASE_HYD,01-04-2022,4,4,9,5,0,448,45
P024,slow_moving,32,A321,BASE_HYD,01-05-2022,2,2,5,3,0,442,45
P024,slow_moving,32,A321,BASE_HYD,01-06-2022,3,3,3,0,0,511,45
P024,slow_moving,32,A321,BASE_HYD,01-07-2022,6,6,7,1,0,517,45
P024,slow_moving,32,A321,BASE_HYD,01-08-2022,0,0,1,1,0,509,60
P024,slow_moving,32,A321,BASE_HYD,01-09-2022,3,3,10,7,0,447,45
P024,slow_moving,32,A321,BASE_HYD,01-10-2022,0,0,7,7,0,447,60
P024,slow_moving,32,A321,BASE_HYD,01-11-2022,0,0,7,7,0,446,15
P024,slow_moving,32,A321,BASE_HYD,01-12-2022,0,0,7,7,0,517,45
P024,slow_moving,32,A321,BASE_HYD,01-01-2023,4,4,7,3,0,446,30
P024,slow_moving,32,A321,BASE_HYD,01-02-2023,0,0,10,10,0,440,30
P024,slow_moving,32,A321,BASE_HYD,01-03-2023,2,2,10,8,0,448,60
P024,slow_moving,32,A321,BASE_HYD,01-04-2023,0,0,8,8,0,443,15
P024,slow_moving,32,A321,BASE_HYD,01-05-2023,5,5,8,3,0,439,45
P024,slow_moving,32,A321,BASE_HYD,01-06-2023,2,2,3,1,0,516,30
P024,slow_moving,32,A321,BASE_HYD,01-07-2023,2,2,9,7,0,506,15
P024,slow_moving,32,A321,BASE_HYD,01-08-2023,4,4,7,3,0,510,60
P024,slow_moving,32,A321,BASE_HYD,01-09-2023,0,0,3,3,0,447,45
P024,slow_moving,32,A321,BASE_HYD,01-10-2023,4,4,15,11,0,445,30
P024,slow_moving,32,A321,BASE_HYD,01-11-2023,0,0,11,11,0,442,60
P024,slow_moving,32,A321,BASE_HYD,01-12-2023,4,4,11,7,0,507,60
P024,slow_moving,32,A321,LINE_DEL,01-01-2018,0,0,28,28,0,450,30
P024,slow_moving,32,A321,LINE_DEL,01-02-2018,1,1,28,27,0,455,60
P024,slow_moving,32,A321,LINE_DEL,01-03-2018,0,0,27,27,0,458,30
P024,slow_moving,32,A321,LINE_DEL,01-04-2018,0,0,27,27,0,446,60
P024,slow_moving,32,A321,LINE_DEL,01-05-2018,1,1,27,26,0,459,15
P024,slow_moving,32,A321,LINE_DEL,01-06-2018,0,0,26,26,0,516,45
P024,slow_moving,32,A321,LINE_DEL,01-07-2018,2,2,26,24,0,523,60
P024,slow_moving,32,A321,LINE_DEL,01-08-2018,1,1,24,23,0,534,30
P024,slow_moving,32,A321,LINE_DEL,01-09-2018,1,1,23,22,0,445,30
P024,slow_moving,32,A321,LINE_DEL,01-10-2018,0,0,22,22,0,454,60
P024,slow_moving,32,A321,LINE_DEL,01-11-2018,3,3,22,19,0,451,45
P024,slow_moving,32,A321,LINE_DEL,01-12-2018,3,3,19,16,0,522,60
P024,slow_moving,32,A321,LINE_DEL,01-01-2019,3,3,16,13,0,448,60
P024,slow_moving,32,A321,LINE_DEL,01-02-2019,2,2,13,11,0,439,60
P024,slow_moving,32,A321,LINE_DEL,01-03-2019,0,0,11,11,0,447,60
P024,slow_moving,32,A321,LINE_DEL,01-04-2019,0,0,11,11,0,452,45
P024,slow_moving,32,A321,LINE_DEL,01-05-2019,2,2,11,9,0,457,60
P024,slow_moving,32,A321,LINE_DEL,01-06-2019,5,5,9,4,0,520,30
P024,slow_moving,32,A321,LINE_DEL,01-07-2019,0,0,4,4,0,526,45
P024,slow_moving,32,A321,LINE_DEL,01-08-2019,0,0,4,4,0,516,30
P024,slow_moving,32,A321,LINE_DEL,01-09-2019,0,0,4,4,0,448,30
P024,slow_moving,32,A321,LINE_DEL,01-10-2019,0,0,4,4,0,452,30
P024,slow_moving,32,A321,LINE_DEL,01-11-2019,2,2,4,2,0,449,60
P024,slow_moving,32,A321,LINE_DEL,01-12-2019,4,2,2,0,1,524,15
P024,slow_moving,32,A321,LINE_DEL,01-01-2020,4,4,9,5,0,443,30
P024,slow_moving,32,A321,LINE_DEL,01-02-2020,2,2,5,3,0,453,30
P024,slow_moving,32,A321,LINE_DEL,01-03-2020,0,0,15,15,0,455,60
P024,slow_moving,32,A321,LINE_DEL,01-04-2020,0,0,15,15,0,451,30
P024,slow_moving,32,A321,LINE_DEL,01-05-2020,2,2,15,13,0,453,60
P024,slow_moving,32,A321,LINE_DEL,01-06-2020,2,2,13,11,0,513,30
P024,slow_moving,32,A321,LINE_DEL,01-07-2020,2,2,11,9,0,512,15
P024,slow_moving,32,A321,LINE_DEL,01-08-2020,1,1,9,8,0,519,45
P024,slow_moving,32,A321,LINE_DEL,01-09-2020,3,3,8,5,0,446,45
P024,slow_moving,32,A321,LINE_DEL,01-10-2020,0,0,5,5,0,451,30
P024,slow_moving,32,A321,LINE_DEL,01-11-2020,0,0,5,5,0,451,15
P024,slow_moving,32,A321,LINE_DEL,01-12-2020,0,0,5,5,0,516,15
P024,slow_moving,32,A321,LINE_DEL,01-01-2021,0,0,5,5,0,449,30
P024,slow_moving,32,A321,LINE_DEL,01-02-2021,3,3,5,2,0,451,45
P024,slow_moving,32,A321,LINE_DEL,01-03-2021,1,1,2,1,0,447,30
P024,slow_moving,32,A321,LINE_DEL,01-04-2021,0,0,12,12,0,446,45
P024,slow_moving,32,A321,LINE_DEL,01-05-2021,3,3,12,9,0,452,15
P024,slow_moving,32,A321,LINE_DEL,01-06-2021,1,1,9,8,0,517,15
P024,slow_moving,32,A321,LINE_DEL,01-07-2021,0,0,8,8,0,517,45
P024,slow_moving,32,A321,LINE_DEL,01-08-2021,0,0,8,8,0,518,30
P024,slow_moving,32,A321,LINE_DEL,01-09-2021,0,0,8,8,0,449,15
P024,slow_moving,32,A321,LINE_DEL,01-10-2021,0,0,8,8,0,446,15
P024,slow_moving,32,A321,LINE_DEL,01-11-2021,0,0,8,8,0,445,30
P024,slow_moving,32,A321,LINE_DEL,01-12-2021,3,3,8,5,0,515,30
P024,slow_moving,32,A321,LINE_DEL,01-01-2022,4,4,5,1,0,449,45
P024,slow_moving,32,A321,LINE_DEL,01-02-2022,1,1,1,0,0,449,60
P024,slow_moving,32,A321,LINE_DEL,01-03-2022,0,0,12,12,0,447,45
P024,slow_moving,32,A321,LINE_DEL,01-04-2022,0,0,12,12,0,448,15
P024,slow_moving,32,A321,LINE_DEL,01-05-2022,1,1,12,11,0,442,15
P024,slow_moving,32,A321,LINE_DEL,01-06-2022,5,5,11,6,0,511,30
P024,slow_moving,32,A321,LINE_DEL,01-07-2022,6,6,6,0,0,517,45
P024,slow_moving,32,A321,LINE_DEL,01-08-2022,0,0,0,0,0,509,15
P024,slow_moving,32,A321,LINE_DEL,01-09-2022,0,0,10,10,0,447,45
P024,slow_moving,32,A321,LINE_DEL,01-10-2022,0,0,10,10,0,447,30
P024,slow_moving,32,A321,LINE_DEL,01-11-2022,3,3,10,7,0,446,45
P024,slow_moving,32,A321,LINE_DEL,01-12-2022,0,0,7,7,0,517,60
P024,slow_moving,32,A321,LINE_DEL,01-01-2023,0,0,7,7,0,446,45
P024,slow_moving,32,A321,LINE_DEL,01-02-2023,4,4,7,3,0,440,45
P024,slow_moving,32,A321,LINE_DEL,01-03-2023,4,3,3,0,1,448,15
P024,slow_moving,32,A321,LINE_DEL,01-04-2023,0,0,12,12,0,443,30
P024,slow_moving,32,A321,LINE_DEL,01-05-2023,3,3,12,9,0,439,30
P024,slow_moving,32,A321,LINE_DEL,01-06-2023,4,4,9,5,0,516,60
P024,slow_moving,32,A321,LINE_DEL,01-07-2023,5,5,5,0,0,506,60
P024,slow_moving,32,A321,LINE_DEL,01-08-2023,3,0,0,0,1,510,15
P024,slow_moving,32,A321,LINE_DEL,01-09-2023,2,2,8,6,0,447,60
P024,slow_moving,32,A321,LINE_DEL,01-10-2023,0,0,6,6,0,445,30
P024,slow_moving,32,A321,LINE_DEL,01-11-2023,0,0,6,6,0,442,45
P024,slow_moving,32,A321,LINE_DEL,01-12-2023,4,4,6,2,0,507,15
P024,slow_moving,32,A321,MRO_BLR,01-01-2018,2,2,27,25,0,450,30
P024,slow_moving,32,A321,MRO_BLR,01-02-2018,2,2,25,23,0,455,15
P024,slow_moving,32,A321,MRO_BLR,01-03-2018,3,3,23,20,0,458,60
P024,slow_moving,32,A321,MRO_BLR,01-04-2018,0,0,20,20,0,446,30
P024,slow_moving,32,A321,MRO_BLR,01-05-2018,2,2,20,18,0,459,45
P024,slow_moving,32,A321,MRO_BLR,01-06-2018,4,4,18,14,0,516,15
P024,slow_moving,32,A321,MRO_BLR,01-07-2018,0,0,14,14,0,523,60
P024,slow_moving,32,A321,MRO_BLR,01-08-2018,3,3,14,11,0,534,30
P024,slow_moving,32,A321,MRO_BLR,01-09-2018,0,0,11,11,0,445,60
P024,slow_moving,32,A321,MRO_BLR,01-10-2018,2,2,11,9,0,454,30
P024,slow_moving,32,A321,MRO_BLR,01-11-2018,0,0,9,9,0,451,15
P024,slow_moving,32,A321,MRO_BLR,01-12-2018,4,4,9,5,0,522,30
P024,slow_moving,32,A321,MRO_BLR,01-01-2019,5,5,5,0,0,448,15
P024,slow_moving,32,A321,MRO_BLR,01-02-2019,3,3,10,7,0,439,30
P024,slow_moving,32,A321,MRO_BLR,01-03-2019,0,0,7,7,0,447,15
P024,slow_moving,32,A321,MRO_BLR,01-04-2019,2,2,7,5,0,452,30
P024,slow_moving,32,A321,MRO_BLR,01-05-2019,1,1,5,4,0,457,45
P024,slow_moving,32,A321,MRO_BLR,01-06-2019,5,4,4,0,1,520,45
P024,slow_moving,32,A321,MRO_BLR,01-07-2019,2,0,0,0,1,526,45
P024,slow_moving,32,A321,MRO_BLR,01-08-2019,1,1,7,6,0,516,30
P024,slow_moving,32,A321,MRO_BLR,01-09-2019,0,0,6,6,0,448,30
P024,slow_moving,32,A321,MRO_BLR,01-10-2019,0,0,6,6,0,452,60
P024,slow_moving,32,A321,MRO_BLR,01-11-2019,0,0,6,6,0,449,60
P024,slow_moving,32,A321,MRO_BLR,01-12-2019,5,5,6,1,0,524,15
P024,slow_moving,32,A321,MRO_BLR,01-01-2020,2,2,10,8,0,443,30
P024,slow_moving,32,A321,MRO_BLR,01-02-2020,2,2,8,6,0,453,45
P024,slow_moving,32,A321,MRO_BLR,01-03-2020,6,6,6,0,0,455,45
P024,slow_moving,32,A321,MRO_BLR,01-04-2020,2,0,0,0,1,451,45
P024,slow_moving,32,A321,MRO_BLR,01-05-2020,2,2,9,7,0,453,45
P024,slow_moving,32,A321,MRO_BLR,01-06-2020,4,4,7,3,0,513,60
P024,slow_moving,32,A321,MRO_BLR,01-07-2020,0,0,3,3,0,512,30
P024,slow_moving,32,A321,MRO_BLR,01-08-2020,5,5,15,10,0,519,15
P024,slow_moving,32,A321,MRO_BLR,01-09-2020,3,3,10,7,0,446,60
P024,slow_moving,32,A321,MRO_BLR,01-10-2020,2,2,7,5,0,451,30
P024,slow_moving,32,A321,MRO_BLR,01-11-2020,0,0,5,5,0,451,60
P024,slow_moving,32,A321,MRO_BLR,01-12-2020,2,2,5,3,0,516,45
P024,slow_moving,32,A321,MRO_BLR,01-01-2021,1,1,3,2,0,449,60
P024,slow_moving,32,A321,MRO_BLR,01-02-2021,4,4,12,8,0,451,60
P024,slow_moving,32,A321,MRO_BLR,01-03-2021,2,2,8,6,0,447,45
P024,slow_moving,32,A321,MRO_BLR,01-04-2021,0,0,6,6,0,446,45
P024,slow_moving,32,A321,MRO_BLR,01-05-2021,2,2,6,4,0,452,15
P024,slow_moving,32,A321,MRO_BLR,01-06-2021,3,3,4,1,0,517,15
P024,slow_moving,32,A321,MRO_BLR,01-07-2021,3,3,11,8,0,517,30
P024,slow_moving,32,A321,MRO_BLR,01-08-2021,0,0,8,8,0,518,45
P024,slow_moving,32,A321,MRO_BLR,01-09-2021,2,2,8,6,0,449,45
P024,slow_moving,32,A321,MRO_BLR,01-10-2021,1,1,6,5,0,446,15
P024,slow_moving,32,A321,MRO_BLR,01-11-2021,0,0,5,5,0,445,15
P024,slow_moving,32,A321,MRO_BLR,01-12-2021,1,1,5,4,0,515,45
P024,slow_moving,32,A321,MRO_BLR,01-01-2022,0,0,4,4,0,449,60
P024,slow_moving,32,A321,MRO_BLR,01-02-2022,5,4,4,0,1,449,45
P024,slow_moving,32,A321,MRO_BLR,01-03-2022,2,0,0,0,1,447,30
P024,slow_moving,32,A321,MRO_BLR,01-04-2022,1,1,11,10,0,448,15
P024,slow_moving,32,A321,MRO_BLR,01-05-2022,0,0,10,10,0,442,15
P024,slow_moving,32,A321,MRO_BLR,01-06-2022,0,0,10,10,0,511,60
P024,slow_moving,32,A321,MRO_BLR,01-07-2022,0,0,10,10,0,517,60
P024,slow_moving,32,A321,MRO_BLR,01-08-2022,6,6,10,4,0,509,30
P024,slow_moving,32,A321,MRO_BLR,01-09-2022,0,0,4,4,0,447,15
P024,slow_moving,32,A321,MRO_BLR,01-10-2022,0,0,4,4,0,447,60
P024,slow_moving,32,A321,MRO_BLR,01-11-2022,2,2,4,2,0,446,30
P024,slow_moving,32,A321,MRO_BLR,01-12-2022,3,3,10,7,0,517,45
P024,slow_moving,32,A321,MRO_BLR,01-01-2023,0,0,7,7,0,446,15
P024,slow_moving,32,A321,MRO_BLR,01-02-2023,0,0,7,7,0,440,15
P024,slow_moving,32,A321,MRO_BLR,01-03-2023,4,4,7,3,0,448,45
P024,slow_moving,32,A321,MRO_BLR,01-04-2023,4,3,3,0,1,443,60
P024,slow_moving,32,A321,MRO_BLR,01-05-2023,0,0,7,7,0,439,60
P024,slow_moving,32,A321,MRO_BLR,01-06-2023,2,2,7,5,0,516,60
P024,slow_moving,32,A321,MRO_BLR,01-07-2023,3,3,5,2,0,506,45
P024,slow_moving,32,A321,MRO_BLR,01-08-2023,0,0,2,2,0,510,30
P024,slow_moving,32,A321,MRO_BLR,01-09-2023,2,2,12,10,0,447,15
P024,slow_moving,32,A321,MRO_BLR,01-10-2023,1,1,10,9,0,445,15
P024,slow_moving,32,A321,MRO_BLR,01-11-2023,2,2,9,7,0,442,15
P024,slow_moving,32,A321,MRO_BLR,01-12-2023,1,1,7,6,0,507,15
P025,slow_moving,21,A321,BASE_HYD,01-01-2018,3,3,22,19,0,620,15
P025,slow_moving,21,A321,BASE_HYD,01-02-2018,2,2,19,17,0,620,30
P025,slow_moving,21,A321,BASE_HYD,01-03-2018,0,0,17,17,0,612,15
P025,slow_moving,21,A321,BASE_HYD,01-04-2018,6,6,17,11,0,612,15
P025,slow_moving,21,A321,BASE_HYD,01-05-2018,3,3,11,8,0,615,45
P025,slow_moving,21,A321,BASE_HYD,01-06-2018,0,0,8,8,0,713,60
P025,slow_moving,21,A321,BASE_HYD,01-07-2018,0,0,8,8,0,698,30
P025,slow_moving,21,A321,BASE_HYD,01-08-2018,0,0,8,8,0,708,15
P025,slow_moving,21,A321,BASE_HYD,01-09-2018,0,0,8,8,0,617,60
P025,slow_moving,21,A321,BASE_HYD,01-10-2018,5,5,8,3,0,614,30
P025,slow_moving,21,A321,BASE_HYD,01-11-2018,5,5,12,7,0,626,60
P025,slow_moving,21,A321,BASE_HYD,01-12-2018,0,0,7,7,0,718,45
P025,slow_moving,21,A321,BASE_HYD,01-01-2019,3,3,7,4,0,618,45
P025,slow_moving,21,A321,BASE_HYD,01-02-2019,0,0,4,4,0,626,45
P025,slow_moving,21,A321,BASE_HYD,01-03-2019,1,1,4,3,0,621,15
P025,slow_moving,21,A321,BASE_HYD,01-04-2019,3,3,11,8,0,616,45
P025,slow_moving,21,A321,BASE_HYD,01-05-2019,0,0,8,8,0,612,60
P025,slow_moving,21,A321,BASE_HYD,01-06-2019,2,2,8,6,0,705,45
P025,slow_moving,21,A321,BASE_HYD,01-07-2019,4,4,6,2,0,710,30
P025,slow_moving,21,A321,BASE_HYD,01-08-2019,3,3,14,11,0,705,45
P025,slow_moving,21,A321,BASE_HYD,01-09-2019,2,2,11,9,0,606,15
P025,slow_moving,21,A321,BASE_HYD,01-10-2019,2,2,9,7,0,613,30
P025,slow_moving,21,A321,BASE_HYD,01-11-2019,3,3,7,4,0,621,60
P025,slow_moving,21,A321,BASE_HYD,01-12-2019,5,4,4,0,1,689,30
P025,slow_moving,21,A321,BASE_HYD,01-01-2020,2,2,10,8,0,622,15
P025,slow_moving,21,A321,BASE_HYD,01-02-2020,4,4,8,4,0,617,45
P025,slow_moving,21,A321,BASE_HYD,01-03-2020,1,1,4,3,0,612,30
P025,slow_moving,21,A321,BASE_HYD,01-04-2020,0,0,10,10,0,615,60
P025,slow_moving,21,A321,BASE_HYD,01-05-2020,0,0,10,10,0,619,30
P025,slow_moving,21,A321,BASE_HYD,01-06-2020,4,4,10,6,0,706,60
P025,slow_moving,21,A321,BASE_HYD,01-07-2020,6,6,6,0,0,712,45
P025,slow_moving,21,A321,BASE_HYD,01-08-2020,3,0,0,0,1,711,30
P025,slow_moving,21,A321,BASE_HYD,01-09-2020,4,4,12,8,0,614,45
P025,slow_moving,21,A321,BASE_HYD,01-10-2020,4,4,8,4,0,606,60
P025,slow_moving,21,A321,BASE_HYD,01-11-2020,0,0,4,4,0,613,45
P025,slow_moving,21,A321,BASE_HYD,01-12-2020,0,0,4,4,0,691,45
P025,slow_moving,21,A321,BASE_HYD,01-01-2021,3,3,4,1,0,614,60
P025,slow_moving,21,A321,BASE_HYD,01-02-2021,4,1,1,0,1,609,45
P025,slow_moving,21,A321,BASE_HYD,01-03-2021,0,0,9,9,0,608,45
P025,slow_moving,21,A321,BASE_HYD,01-04-2021,4,4,9,5,0,615,60
P025,slow_moving,21,A321,BASE_HYD,01-05-2021,1,1,5,4,0,604,60
P025,slow_moving,21,A321,BASE_HYD,01-06-2021,1,1,4,3,0,704,30
P025,slow_moving,21,A321,BASE_HYD,01-07-2021,3,3,14,11,0,701,45
P025,slow_moving,21,A321,BASE_HYD,01-08-2021,0,0,11,11,0,702,30
P025,slow_moving,21,A321,BASE_HYD,01-09-2021,0,0,11,11,0,613,30
P025,slow_moving,21,A321,BASE_HYD,01-10-2021,3,3,11,8,0,623,60
P025,slow_moving,21,A321,BASE_HYD,01-11-2021,5,5,8,3,0,614,15
P025,slow_moving,21,A321,BASE_HYD,01-12-2021,3,3,15,12,0,713,15
P025,slow_moving,21,A321,BASE_HYD,01-01-2022,0,0,12,12,0,618,45
P025,slow_moving,21,A321,BASE_HYD,01-02-2022,0,0,12,12,0,614,60
P025,slow_moving,21,A321,BASE_HYD,01-03-2022,3,3,12,9,0,598,15
P025,slow_moving,21,A321,BASE_HYD,01-04-2022,3,3,9,6,0,608,45
P025,slow_moving,21,A321,BASE_HYD,01-05-2022,1,1,6,5,0,603,45
P025,slow_moving,21,A321,BASE_HYD,01-06-2022,2,2,5,3,0,721,15
P025,slow_moving,21,A321,BASE_HYD,01-07-2022,3,3,13,10,0,694,60
P025,slow_moving,21,A321,BASE_HYD,01-08-2022,3,3,10,7,0,691,60
P025,slow_moving,21,A321,BASE_HYD,01-09-2022,1,1,7,6,0,593,60
P025,slow_moving,21,A321,BASE_HYD,01-10-2022,2,2,6,4,0,603,30
P025,slow_moving,21,A321,BASE_HYD,01-11-2022,0,0,4,4,0,610,45
P025,slow_moving,21,A321,BASE_HYD,01-12-2022,1,1,4,3,0,709,15
P025,slow_moving,21,A321,BASE_HYD,01-01-2023,2,2,11,9,0,601,60
P025,slow_moving,21,A321,BASE_HYD,01-02-2023,1,1,9,8,0,615,30
P025,slow_moving,21,A321,BASE_HYD,01-03-2023,1,1,8,7,0,607,45
P025,slow_moving,21,A321,BASE_HYD,01-04-2023,0,0,7,7,0,605,60
P025,slow_moving,21,A321,BASE_HYD,01-05-2023,1,1,7,6,0,609,45
P025,slow_moving,21,A321,BASE_HYD,01-06-2023,3,3,6,3,0,709,15
P025,slow_moving,21,A321,BASE_HYD,01-07-2023,2,2,15,13,0,699,15
P025,slow_moving,21,A321,BASE_HYD,01-08-2023,4,4,13,9,0,691,60
P025,slow_moving,21,A321,BASE_HYD,01-09-2023,4,4,9,5,0,610,15
P025,slow_moving,21,A321,BASE_HYD,01-10-2023,0,0,5,5,0,610,30
P025,slow_moving,21,A321,BASE_HYD,01-11-2023,2,2,5,3,0,607,45
P025,slow_moving,21,A321,BASE_HYD,01-12-2023,0,0,3,3,0,706,30
P025,slow_moving,21,A321,LINE_DEL,01-01-2018,5,5,25,20,0,620,15
P025,slow_moving,21,A321,LINE_DEL,01-02-2018,3,3,20,17,0,620,45
P025,slow_moving,21,A321,LINE_DEL,01-03-2018,2,2,17,15,0,612,45
P025,slow_moving,21,A321,LINE_DEL,01-04-2018,1,1,15,14,0,612,30
P025,slow_moving,21,A321,LINE_DEL,01-05-2018,0,0,14,14,0,615,45
P025,slow_moving,21,A321,LINE_DEL,01-06-2018,2,2,14,12,0,713,30
P025,slow_moving,21,A321,LINE_DEL,01-07-2018,0,0,12,12,0,698,30
P025,slow_moving,21,A321,LINE_DEL,01-08-2018,0,0,12,12,0,708,15
P025,slow_moving,21,A321,LINE_DEL,01-09-2018,0,0,12,12,0,617,15
P025,slow_moving,21,A321,LINE_DEL,01-10-2018,2,2,12,10,0,614,15
P025,slow_moving,21,A321,LINE_DEL,01-11-2018,0,0,10,10,0,626,15
P025,slow_moving,21,A321,LINE_DEL,01-12-2018,2,2,10,8,0,718,30
P025,slow_moving,21,A321,LINE_DEL,01-01-2019,5,5,8,3,0,618,30
P025,slow_moving,21,A321,LINE_DEL,01-02-2019,2,2,11,9,0,626,15
P025,slow_moving,21,A321,LINE_DEL,01-03-2019,0,0,9,9,0,621,60
P025,slow_moving,21,A321,LINE_DEL,01-04-2019,0,0,9,9,0,616,60
P025,slow_moving,21,A321,LINE_DEL,01-05-2019,3,3,9,6,0,612,45
P025,slow_moving,21,A321,LINE_DEL,01-06-2019,0,0,6,6,0,705,15
P025,slow_moving,21,A321,LINE_DEL,01-07-2019,5,5,6,1,0,710,60
P025,slow_moving,21,A321,LINE_DEL,01-08-2019,0,0,1,1,0,705,30
P025,slow_moving,21,A321,LINE_DEL,01-09-2019,3,3,9,6,0,606,60
P025,slow_moving,21,A321,LINE_DEL,01-10-2019,2,2,6,4,0,613,15
P025,slow_moving,21,A321,LINE_DEL,01-11-2019,2,2,4,2,0,621,60
P025,slow_moving,21,A321,LINE_DEL,01-12-2019,1,1,2,1,0,689,45
P025,slow_moving,21,A321,LINE_DEL,01-01-2020,2,2,13,11,0,622,45
P025,slow_moving,21,A321,LINE_DEL,01-02-2020,0,0,11,11,0,617,30
P025,slow_moving,21,A321,LINE_DEL,01-03-2020,2,2,11,9,0,612,45
P025,slow_moving,21,A321,LINE_DEL,01-04-2020,2,2,9,7,0,615,30
P025,slow_moving,21,A321,LINE_DEL,01-05-2020,2,2,7,5,0,619,45
P025,slow_moving,21,A321,LINE_DEL,01-06-2020,4,4,5,1,0,706,15
P025,slow_moving,21,A321,LINE_DEL,01-07-2020,0,0,10,10,0,712,15
P025,slow_moving,21,A321,LINE_DEL,01-08-2020,0,0,10,10,0,711,30
P025,slow_moving,21,A321,LINE_DEL,01-09-2020,1,1,10,9,0,614,45
P025,slow_moving,21,A321,LINE_DEL,01-10-2020,1,1,9,8,0,606,15
P025,slow_moving,21,A321,LINE_DEL,01-11-2020,2,2,8,6,0,613,60
P025,slow_moving,21,A321,LINE_DEL,01-12-2020,1,1,6,5,0,691,60
P025,slow_moving,21,A321,LINE_DEL,01-01-2021,1,1,5,4,0,614,30
P025,slow_moving,21,A321,LINE_DEL,01-02-2021,0,0,4,4,0,609,15
P025,slow_moving,21,A321,LINE_DEL,01-03-2021,0,0,4,4,0,608,45
P025,slow_moving,21,A321,LINE_DEL,01-04-2021,1,1,4,3,0,615,60
P025,slow_moving,21,A321,LINE_DEL,01-05-2021,0,0,3,3,0,604,15
P025,slow_moving,21,A321,LINE_DEL,01-06-2021,2,2,13,11,0,704,45
P025,slow_moving,21,A321,LINE_DEL,01-07-2021,3,3,11,8,0,701,30
P025,slow_moving,21,A321,LINE_DEL,01-08-2021,3,3,8,5,0,702,30
P025,slow_moving,21,A321,LINE_DEL,01-09-2021,0,0,5,5,0,613,45
P025,slow_moving,21,A321,LINE_DEL,01-10-2021,5,5,5,0,0,623,60
P025,slow_moving,21,A321,LINE_DEL,01-11-2021,0,0,0,0,0,614,15
P025,slow_moving,21,A321,LINE_DEL,01-12-2021,3,3,8,5,0,713,15
P025,slow_moving,21,A321,LINE_DEL,01-01-2022,0,0,5,5,0,618,15
P025,slow_moving,21,A321,LINE_DEL,01-02-2022,4,4,5,1,0,614,60
P025,slow_moving,21,A321,LINE_DEL,01-03-2022,0,0,1,1,0,598,15
P025,slow_moving,21,A321,LINE_DEL,01-04-2022,3,3,8,5,0,608,45
P025,slow_moving,21,A321,LINE_DEL,01-05-2022,2,2,5,3,0,603,30
P025,slow_moving,21,A321,LINE_DEL,01-06-2022,0,0,15,15,0,721,45
P025,slow_moving,21,A321,LINE_DEL,01-07-2022,3,3,15,12,0,694,15
P025,slow_moving,21,A321,LINE_DEL,01-08-2022,0,0,12,12,0,691,30
P025,slow_moving,21,A321,LINE_DEL,01-09-2022,6,6,12,6,0,593,15
P025,slow_moving,21,A321,LINE_DEL,01-10-2022,0,0,6,6,0,603,30
P025,slow_moving,21,A321,LINE_DEL,01-11-2022,0,0,6,6,0,610,60
P025,slow_moving,21,A321,LINE_DEL,01-12-2022,4,4,6,2,0,709,30
P025,slow_moving,21,A321,LINE_DEL,01-01-2023,3,3,12,9,0,601,30
P025,slow_moving,21,A321,LINE_DEL,01-02-2023,0,0,9,9,0,615,60
P025,slow_moving,21,A321,LINE_DEL,01-03-2023,0,0,9,9,0,607,45
P025,slow_moving,21,A321,LINE_DEL,01-04-2023,3,3,9,6,0,605,45
P025,slow_moving,21,A321,LINE_DEL,01-05-2023,1,1,6,5,0,609,60
P025,slow_moving,21,A321,LINE_DEL,01-06-2023,6,5,5,0,1,709,60
P025,slow_moving,21,A321,LINE_DEL,01-07-2023,0,0,0,0,0,699,30
P025,slow_moving,21,A321,LINE_DEL,01-08-2023,4,4,12,8,0,691,15
P025,slow_moving,21,A321,LINE_DEL,01-09-2023,2,2,8,6,0,610,15
P025,slow_moving,21,A321,LINE_DEL,01-10-2023,0,0,6,6,0,610,15
P025,slow_moving,21,A321,LINE_DEL,01-11-2023,2,2,6,4,0,607,45
P025,slow_moving,21,A321,LINE_DEL,01-12-2023,0,0,4,4,0,706,15
P025,slow_moving,21,A321,MRO_BLR,01-01-2018,1,1,20,19,0,620,30
P025,slow_moving,21,A321,MRO_BLR,01-02-2018,2,2,19,17,0,620,15
P025,slow_moving,21,A321,MRO_BLR,01-03-2018,1,1,17,16,0,612,15
P025,slow_moving,21,A321,MRO_BLR,01-04-2018,2,2,16,14,0,612,60
P025,slow_moving,21,A321,MRO_BLR,01-05-2018,0,0,14,14,0,615,15
P025,slow_moving,21,A321,MRO_BLR,01-06-2018,1,1,14,13,0,713,15
P025,slow_moving,21,A321,MRO_BLR,01-07-2018,0,0,13,13,0,698,15
P025,slow_moving,21,A321,MRO_BLR,01-08-2018,0,0,13,13,0,708,45
P025,slow_moving,21,A321,MRO_BLR,01-09-2018,2,2,13,11,0,617,15
P025,slow_moving,21,A321,MRO_BLR,01-10-2018,4,4,11,7,0,614,45
P025,slow_moving,21,A321,MRO_BLR,01-11-2018,4,4,7,3,0,626,30
P025,slow_moving,21,A321,MRO_BLR,01-12-2018,3,3,11,8,0,718,15
P025,slow_moving,21,A321,MRO_BLR,01-01-2019,4,4,8,4,0,618,15
P025,slow_moving,21,A321,MRO_BLR,01-02-2019,5,4,4,0,1,626,15
P025,slow_moving,21,A321,MRO_BLR,01-03-2019,5,5,12,7,0,621,45
P025,slow_moving,21,A321,MRO_BLR,01-04-2019,3,3,7,4,0,616,30
P025,slow_moving,21,A321,MRO_BLR,01-05-2019,4,4,4,0,0,612,60
P025,slow_moving,21,A321,MRO_BLR,01-06-2019,1,0,0,0,1,705,60
P025,slow_moving,21,A321,MRO_BLR,01-07-2019,3,3,9,6,0,710,30
P025,slow_moving,21,A321,MRO_BLR,01-08-2019,0,0,6,6,0,705,60
P025,slow_moving,21,A321,MRO_BLR,01-09-2019,2,2,6,4,0,606,15
P025,slow_moving,21,A321,MRO_BLR,01-10-2019,0,0,4,4,0,613,45
P025,slow_moving,21,A321,MRO_BLR,01-11-2019,5,4,4,0,1,621,30
P025,slow_moving,21,A321,MRO_BLR,01-12-2019,3,3,12,9,0,689,30
P025,slow_moving,21,A321,MRO_BLR,01-01-2020,3,3,9,6,0,622,30
P025,slow_moving,21,A321,MRO_BLR,01-02-2020,1,1,6,5,0,617,30
P025,slow_moving,21,A321,MRO_BLR,01-03-2020,3,3,5,2,0,612,45
P025,slow_moving,21,A321,MRO_BLR,01-04-2020,0,0,2,2,0,615,30
P025,slow_moving,21,A321,MRO_BLR,01-05-2020,0,0,10,10,0,619,45
P025,slow_moving,21,A321,MRO_BLR,01-06-2020,0,0,10,10,0,706,15
P025,slow_moving,21,A321,MRO_BLR,01-07-2020,5,5,10,5,0,712,30
P025,slow_moving,21,A321,MRO_BLR,01-08-2020,6,5,5,0,1,711,15
P025,slow_moving,21,A321,MRO_BLR,01-09-2020,5,5,7,2,0,614,60
P025,slow_moving,21,A321,MRO_BLR,01-10-2020,0,0,2,2,0,606,15
P025,slow_moving,21,A321,MRO_BLR,01-11-2020,1,1,13,12,0,613,45
P025,slow_moving,21,A321,MRO_BLR,01-12-2020,0,0,12,12,0,691,15
P025,slow_moving,21,A321,MRO_BLR,01-01-2021,1,1,12,11,0,614,60
P025,slow_moving,21,A321,MRO_BLR,01-02-2021,0,0,11,11,0,609,60
P025,slow_moving,21,A321,MRO_BLR,01-03-2021,4,4,11,7,0,608,60
P025,slow_moving,21,A321,MRO_BLR,01-04-2021,0,0,7,7,0,615,30
P025,slow_moving,21,A321,MRO_BLR,01-05-2021,0,0,7,7,0,604,30
P025,slow_moving,21,A321,MRO_BLR,01-06-2021,5,5,7,2,0,704,60
P025,slow_moving,21,A321,MRO_BLR,01-07-2021,0,0,2,2,0,701,45
P025,slow_moving,21,A321,MRO_BLR,01-08-2021,0,0,12,12,0,702,60
P025,slow_moving,21,A321,MRO_BLR,01-09-2021,4,4,12,8,0,613,60
P025,slow_moving,21,A321,MRO_BLR,01-10-2021,4,4,8,4,0,623,30
P025,slow_moving,21,A321,MRO_BLR,01-11-2021,2,2,4,2,0,614,15
P025,slow_moving,21,A321,MRO_BLR,01-12-2021,7,7,10,3,0,713,60
P025,slow_moving,21,A321,MRO_BLR,01-01-2022,2,2,3,1,0,618,30
P025,slow_moving,21,A321,MRO_BLR,01-02-2022,2,2,8,6,0,614,60
P025,slow_moving,21,A321,MRO_BLR,01-03-2022,1,1,6,5,0,598,30
P025,slow_moving,21,A321,MRO_BLR,01-04-2022,0,0,5,5,0,608,15
P025,slow_moving,21,A321,MRO_BLR,01-05-2022,0,0,5,5,0,603,45
P025,slow_moving,21,A321,MRO_BLR,01-06-2022,6,5,5,0,1,721,60
P025,slow_moving,21,A321,MRO_BLR,01-07-2022,3,0,0,0,1,694,45
P025,slow_moving,21,A321,MRO_BLR,01-08-2022,3,3,8,5,0,691,60
P025,slow_moving,21,A321,MRO_BLR,01-09-2022,0,0,5,5,0,593,45
P025,slow_moving,21,A321,MRO_BLR,01-10-2022,3,3,5,2,0,603,60
P025,slow_moving,21,A321,MRO_BLR,01-11-2022,4,2,2,0,1,610,60
P025,slow_moving,21,A321,MRO_BLR,01-12-2022,7,7,9,2,0,709,30
P025,slow_moving,21,A321,MRO_BLR,01-01-2023,3,3,9,6,0,601,30
P025,slow_moving,21,A321,MRO_BLR,01-02-2023,4,4,6,2,0,615,15
P025,slow_moving,21,A321,MRO_BLR,01-03-2023,3,3,13,10,0,607,30
P025,slow_moving,21,A321,MRO_BLR,01-04-2023,2,2,10,8,0,605,45
P025,slow_moving,21,A321,MRO_BLR,01-05-2023,5,5,8,3,0,609,45
P025,slow_moving,21,A321,MRO_BLR,01-06-2023,5,3,3,0,1,709,60
P025,slow_moving,21,A321,MRO_BLR,01-07-2023,0,0,10,10,0,699,30
P025,slow_moving,21,A321,MRO_BLR,01-08-2023,6,6,10,4,0,691,45
P025,slow_moving,21,A321,MRO_BLR,01-09-2023,1,1,4,3,0,610,45
P025,slow_moving,21,A321,MRO_BLR,01-10-2023,1,1,3,2,0,610,30
P025,slow_moving,21,A321,MRO_BLR,01-11-2023,4,4,13,9,0,607,30
P025,slow_moving,21,A321,MRO_BLR,01-12-2023,0,0,9,9,0,706,60
P026,slow_moving,24,A321,BASE_HYD,01-01-2018,4,4,25,21,0,468,30
P026,slow_moving,24,A321,BASE_HYD,01-02-2018,2,2,21,19,0,467,15
P026,slow_moving,24,A321,BASE_HYD,01-03-2018,2,2,19,17,0,464,15
P026,slow_moving,24,A321,BASE_HYD,01-04-2018,0,0,17,17,0,465,45
P026,slow_moving,24,A321,BASE_HYD,01-05-2018,2,2,17,15,0,465,60
P026,slow_moving,24,A321,BASE_HYD,01-06-2018,3,3,15,12,0,537,30
P026,slow_moving,24,A321,BASE_HYD,01-07-2018,3,3,12,9,0,539,60
P026,slow_moving,24,A321,BASE_HYD,01-08-2018,4,4,9,5,0,550,60
P026,slow_moving,24,A321,BASE_HYD,01-09-2018,4,4,5,1,0,466,15
P026,slow_moving,24,A321,BASE_HYD,01-10-2018,3,3,8,5,0,462,45
P026,slow_moving,24,A321,BASE_HYD,01-11-2018,5,5,5,0,0,456,45
P026,slow_moving,24,A321,BASE_HYD,01-12-2018,0,0,0,0,0,527,60
P026,slow_moving,24,A321,BASE_HYD,01-01-2019,4,4,7,3,0,460,15
P026,slow_moving,24,A321,BASE_HYD,01-02-2019,0,0,12,12,0,467,15
P026,slow_moving,24,A321,BASE_HYD,01-03-2019,0,0,12,12,0,462,60
P026,slow_moving,24,A321,BASE_HYD,01-04-2019,0,0,12,12,0,465,30
P026,slow_moving,24,A321,BASE_HYD,01-05-2019,2,2,12,10,0,460,45
P026,slow_moving,24,A321,BASE_HYD,01-06-2019,0,0,10,10,0,536,60
P026,slow_moving,24,A321,BASE_HYD,01-07-2019,2,2,10,8,0,538,30
P026,slow_moving,24,A321,BASE_HYD,01-08-2019,2,2,8,6,0,531,30
P026,slow_moving,24,A321,BASE_HYD,01-09-2019,5,5,6,1,0,466,45
P026,slow_moving,24,A321,BASE_HYD,01-10-2019,1,1,1,0,0,462,15
P026,slow_moving,24,A321,BASE_HYD,01-11-2019,5,5,12,7,0,458,30
P026,slow_moving,24,A321,BASE_HYD,01-12-2019,1,1,7,6,0,536,30
P026,slow_moving,24,A321,BASE_HYD,01-01-2020,4,4,6,2,0,464,15
P026,slow_moving,24,A321,BASE_HYD,01-02-2020,0,0,10,10,0,465,30
P026,slow_moving,24,A321,BASE_HYD,01-03-2020,5,5,10,5,0,467,15
P026,slow_moving,24,A321,BASE_HYD,01-04-2020,0,0,5,5,0,461,45
P026,slow_moving,24,A321,BASE_HYD,01-05-2020,0,0,5,5,0,461,15
P026,slow_moving,24,A321,BASE_HYD,01-06-2020,5,5,5,0,0,530,45
P026,slow_moving,24,A321,BASE_HYD,01-07-2020,3,0,0,0,1,533,30
P026,slow_moving,24,A321,BASE_HYD,01-08-2020,2,2,8,6,0,531,15
P026,slow_moving,24,A321,BASE_HYD,01-09-2020,0,0,6,6,0,463,15
P026,slow_moving,24,A321,BASE_HYD,01-10-2020,1,1,6,5,0,459,30
P026,slow_moving,24,A321,BASE_HYD,01-11-2020,2,2,5,3,0,457,45
P026,slow_moving,24,A321,BASE_HYD,01-12-2020,0,0,3,3,0,527,30
P026,slow_moving,24,A321,BASE_HYD,01-01-2021,0,0,12,12,0,463,45
P026,slow_moving,24,A321,BASE_HYD,01-02-2021,0,0,12,12,0,461,60
P026,slow_moving,24,A321,BASE_HYD,01-03-2021,0,0,12,12,0,459,60
P026,slow_moving,24,A321,BASE_HYD,01-04-2021,0,0,12,12,0,464,30
P026,slow_moving,24,A321,BASE_HYD,01-05-2021,0,0,12,12,0,468,45
P026,slow_moving,24,A321,BASE_HYD,01-06-2021,0,0,12,12,0,527,15
P026,slow_moving,24,A321,BASE_HYD,01-07-2021,0,0,12,12,0,524,45
P026,slow_moving,24,A321,BASE_HYD,01-08-2021,3,3,12,9,0,535,60
P026,slow_moving,24,A321,BASE_HYD,01-09-2021,0,0,9,9,0,461,60
P026,slow_moving,24,A321,BASE_HYD,01-10-2021,1,1,9,8,0,460,15
P026,slow_moving,24,A321,BASE_HYD,01-11-2021,1,1,8,7,0,466,45
P026,slow_moving,24,A321,BASE_HYD,01-12-2021,0,0,7,7,0,529,15
P026,slow_moving,24,A321,BASE_HYD,01-01-2022,1,1,7,6,0,461,15
P026,slow_moving,24,A321,BASE_HYD,01-02-2022,4,4,6,2,0,460,45
P026,slow_moving,24,A321,BASE_HYD,01-03-2022,3,2,2,0,1,474,30
P026,slow_moving,24,A321,BASE_HYD,01-04-2022,0,0,9,9,0,459,45
P026,slow_moving,24,A321,BASE_HYD,01-05-2022,3,3,9,6,0,464,30
P026,slow_moving,24,A321,BASE_HYD,01-06-2022,6,6,6,0,0,527,15
P026,slow_moving,24,A321,BASE_HYD,01-07-2022,7,7,9,2,0,531,15
P026,slow_moving,24,A321,BASE_HYD,01-08-2022,5,5,13,8,0,527,60
P026,slow_moving,24,A321,BASE_HYD,01-09-2022,3,3,8,5,0,463,45
P026,slow_moving,24,A321,BASE_HYD,01-10-2022,3,3,5,2,0,459,45
P026,slow_moving,24,A321,BASE_HYD,01-11-2022,1,1,2,1,0,462,30
P026,slow_moving,24,A321,BASE_HYD,01-12-2022,0,0,12,12,0,524,60
P026,slow_moving,24,A321,BASE_HYD,01-01-2023,0,0,12,12,0,454,30
P026,slow_moving,24,A321,BASE_HYD,01-02-2023,1,1,12,11,0,449,45
P026,slow_moving,24,A321,BASE_HYD,01-03-2023,0,0,11,11,0,460,30
P026,slow_moving,24,A321,BASE_HYD,01-04-2023,4,4,11,7,0,455,30
P026,slow_moving,24,A321,BASE_HYD,01-05-2023,2,2,7,5,0,468,30
P026,slow_moving,24,A321,BASE_HYD,01-06-2023,0,0,5,5,0,524,60
P026,slow_moving,24,A321,BASE_HYD,01-07-2023,3,3,5,2,0,533,30
P026,slow_moving,24,A321,BASE_HYD,01-08-2023,1,1,14,13,0,533,30
P026,slow_moving,24,A321,BASE_HYD,01-09-2023,1,1,13,12,0,457,30
P026,slow_moving,24,A321,BASE_HYD,01-10-2023,2,2,12,10,0,455,45
P026,slow_moving,24,A321,BASE_HYD,01-11-2023,4,4,10,6,0,457,45
P026,slow_moving,24,A321,BASE_HYD,01-12-2023,0,0,6,6,0,533,30
P026,slow_moving,24,A321,LINE_DEL,01-01-2018,0,0,22,22,0,468,30
P026,slow_moving,24,A321,LINE_DEL,01-02-2018,2,2,22,20,0,467,30
P026,slow_moving,24,A321,LINE_DEL,01-03-2018,4,4,20,16,0,464,60
P026,slow_moving,24,A321,LINE_DEL,01-04-2018,0,0,16,16,0,465,15
P026,slow_moving,24,A321,LINE_DEL,01-05-2018,3,3,16,13,0,465,30
P026,slow_moving,24,A321,LINE_DEL,01-06-2018,3,3,13,10,0,537,30
P026,slow_moving,24,A321,LINE_DEL,01-07-2018,3,3,10,7,0,539,30
P026,slow_moving,24,A321,LINE_DEL,01-08-2018,0,0,7,7,0,550,30
P026,slow_moving,24,A321,LINE_DEL,01-09-2018,2,2,7,5,0,466,60
P026,slow_moving,24,A321,LINE_DEL,01-10-2018,0,0,5,5,0,462,60
P026,slow_moving,24,A321,LINE_DEL,01-11-2018,2,2,5,3,0,456,30
P026,slow_moving,24,A321,LINE_DEL,01-12-2018,0,0,12,12,0,527,60
P026,slow_moving,24,A321,LINE_DEL,01-01-2019,3,3,12,9,0,460,15
P026,slow_moving,24,A321,LINE_DEL,01-02-2019,4,4,9,5,0,467,45
P026,slow_moving,24,A321,LINE_DEL,01-03-2019,4,4,5,1,0,462,15
P026,slow_moving,24,A321,LINE_DEL,01-04-2019,0,0,11,11,0,465,15
P026,slow_moving,24,A321,LINE_DEL,01-05-2019,5,5,11,6,0,460,15
P026,slow_moving,24,A321,LINE_DEL,01-06-2019,2,2,6,4,0,536,45
P026,slow_moving,24,A321,LINE_DEL,01-07-2019,5,4,4,0,1,538,45
P026,slow_moving,24,A321,LINE_DEL,01-08-2019,0,0,0,0,0,531,15
P026,slow_moving,24,A321,LINE_DEL,01-09-2019,1,1,8,7,0,466,60
P026,slow_moving,24,A321,LINE_DEL,01-10-2019,5,5,7,2,0,462,60
P026,slow_moving,24,A321,LINE_DEL,01-11-2019,0,0,2,2,0,458,45
P026,slow_moving,24,A321,LINE_DEL,01-12-2019,2,2,12,10,0,536,45
P026,slow_moving,24,A321,LINE_DEL,01-01-2020,0,0,10,10,0,464,60
P026,slow_moving,24,A321,LINE_DEL,01-02-2020,1,1,10,9,0,465,15
P026,slow_moving,24,A321,LINE_DEL,01-03-2020,3,3,9,6,0,467,45
P026,slow_moving,24,A321,LINE_DEL,01-04-2020,0,0,6,6,0,461,15
P026,slow_moving,24,A321,LINE_DEL,01-05-2020,3,3,6,3,0,461,30
P026,slow_moving,24,A321,LINE_DEL,01-06-2020,7,7,12,5,0,530,60
P026,slow_moving,24,A321,LINE_DEL,01-07-2020,0,0,5,5,0,533,30
P026,slow_moving,24,A321,LINE_DEL,01-08-2020,5,5,5,0,0,531,15
P026,slow_moving,24,A321,LINE_DEL,01-09-2020,3,3,10,7,0,463,30
P026,slow_moving,24,A321,LINE_DEL,01-10-2020,0,0,7,7,0,459,45
P026,slow_moving,24,A321,LINE_DEL,01-11-2020,4,4,7,3,0,457,15
P026,slow_moving,24,A321,LINE_DEL,01-12-2020,1,1,15,14,0,527,45
P026,slow_moving,24,A321,LINE_DEL,01-01-2021,4,4,14,10,0,463,45
P026,slow_moving,24,A321,LINE_DEL,01-02-2021,0,0,10,10,0,461,60
P026,slow_moving,24,A321,LINE_DEL,01-03-2021,2,2,10,8,0,459,15
P026,slow_moving,24,A321,LINE_DEL,01-04-2021,0,0,8,8,0,464,30
P026,slow_moving,24,A321,LINE_DEL,01-05-2021,0,0,8,8,0,468,30
P026,slow_moving,24,A321,LINE_DEL,01-06-2021,0,0,8,8,0,527,30
P026,slow_moving,24,A321,LINE_DEL,01-07-2021,0,0,8,8,0,524,60
P026,slow_moving,24,A321,LINE_DEL,01-08-2021,0,0,8,8,0,535,60
P026,slow_moving,24,A321,LINE_DEL,01-09-2021,0,0,8,8,0,461,15
P026,slow_moving,24,A321,LINE_DEL,01-10-2021,3,3,8,5,0,460,15
P026,slow_moving,24,A321,LINE_DEL,01-11-2021,2,2,5,3,0,466,15
P026,slow_moving,24,A321,LINE_DEL,01-12-2021,4,4,10,6,0,529,60
P026,slow_moving,24,A321,LINE_DEL,01-01-2022,0,0,6,6,0,461,15
P026,slow_moving,24,A321,LINE_DEL,01-02-2022,0,0,6,6,0,460,15
P026,slow_moving,24,A321,LINE_DEL,01-03-2022,0,0,6,6,0,474,60
P026,slow_moving,24,A321,LINE_DEL,01-04-2022,2,2,6,4,0,459,45
P026,slow_moving,24,A321,LINE_DEL,01-05-2022,4,4,4,0,0,464,45
P026,slow_moving,24,A321,LINE_DEL,01-06-2022,7,0,0,0,1,527,15
P026,slow_moving,24,A321,LINE_DEL,01-07-2022,0,0,7,7,0,531,45
P026,slow_moving,24,A321,LINE_DEL,01-08-2022,3,3,7,4,0,527,45
P026,slow_moving,24,A321,LINE_DEL,01-09-2022,4,4,4,0,0,463,15
P026,slow_moving,24,A321,LINE_DEL,01-10-2022,4,4,9,5,0,459,60
P026,slow_moving,24,A321,LINE_DEL,01-11-2022,0,0,5,5,0,462,60
P026,slow_moving,24,A321,LINE_DEL,01-12-2022,1,1,5,4,0,524,15
P026,slow_moving,24,A321,LINE_DEL,01-01-2023,3,3,4,1,0,454,15
P026,slow_moving,24,A321,LINE_DEL,01-02-2023,0,0,9,9,0,449,45
P026,slow_moving,24,A321,LINE_DEL,01-03-2023,4,4,9,5,0,460,60
P026,slow_moving,24,A321,LINE_DEL,01-04-2023,1,1,5,4,0,455,45
P026,slow_moving,24,A321,LINE_DEL,01-05-2023,0,0,4,4,0,468,45
P026,slow_moving,24,A321,LINE_DEL,01-06-2023,4,4,4,0,0,524,30
P026,slow_moving,24,A321,LINE_DEL,01-07-2023,1,1,9,8,0,533,15
P026,slow_moving,24,A321,LINE_DEL,01-08-2023,2,2,8,6,0,533,30
P026,slow_moving,24,A321,LINE_DEL,01-09-2023,2,2,6,4,0,457,60
P026,slow_moving,24,A321,LINE_DEL,01-10-2023,0,0,4,4,0,455,45
P026,slow_moving,24,A321,LINE_DEL,01-11-2023,0,0,4,4,0,457,45
P026,slow_moving,24,A321,LINE_DEL,01-12-2023,3,3,4,1,0,533,60
P026,slow_moving,24,A321,MRO_BLR,01-01-2018,3,3,25,22,0,468,15
P026,slow_moving,24,A321,MRO_BLR,01-02-2018,0,0,22,22,0,467,45
P026,slow_moving,24,A321,MRO_BLR,01-03-2018,6,6,22,16,0,464,30
P026,slow_moving,24,A321,MRO_BLR,01-04-2018,4,4,16,12,0,465,60
P026,slow_moving,24,A321,MRO_BLR,01-05-2018,3,3,12,9,0,465,60
P026,slow_moving,24,A321,MRO_BLR,01-06-2018,5,5,9,4,0,537,45
P026,slow_moving,24,A321,MRO_BLR,01-07-2018,2,2,4,2,0,539,45
P026,slow_moving,24,A321,MRO_BLR,01-08-2018,0,0,2,2,0,550,30
P026,slow_moving,24,A321,MRO_BLR,01-09-2018,2,2,11,9,0,466,45
P026,slow_moving,24,A321,MRO_BLR,01-10-2018,4,4,9,5,0,462,15
P026,slow_moving,24,A321,MRO_BLR,01-11-2018,2,2,5,3,0,456,60
P026,slow_moving,24,A321,MRO_BLR,01-12-2018,0,0,3,3,0,527,15
P026,slow_moving,24,A321,MRO_BLR,01-01-2019,3,3,14,11,0,460,15
P026,slow_moving,24,A321,MRO_BLR,01-02-2019,4,4,11,7,0,467,15
P026,slow_moving,24,A321,MRO_BLR,01-03-2019,6,6,7,1,0,462,45
P026,slow_moving,24,A321,MRO_BLR,01-04-2019,0,0,1,1,0,465,45
P026,slow_moving,24,A321,MRO_BLR,01-05-2019,4,4,11,7,0,460,15
P026,slow_moving,24,A321,MRO_BLR,01-06-2019,0,0,7,7,0,536,15
P026,slow_moving,24,A321,MRO_BLR,01-07-2019,4,4,7,3,0,538,60
P026,slow_moving,24,A321,MRO_BLR,01-08-2019,2,2,3,1,0,531,30
P026,slow_moving,24,A321,MRO_BLR,01-09-2019,3,3,10,7,0,466,15
P026,slow_moving,24,A321,MRO_BLR,01-10-2019,0,0,7,7,0,462,15
P026,slow_moving,24,A321,MRO_BLR,01-11-2019,1,1,7,6,0,458,45
P026,slow_moving,24,A321,MRO_BLR,01-12-2019,0,0,6,6,0,536,60
P026,slow_moving,24,A321,MRO_BLR,01-01-2020,3,3,6,3,0,464,30
P026,slow_moving,24,A321,MRO_BLR,01-02-2020,0,0,11,11,0,465,30
P026,slow_moving,24,A321,MRO_BLR,01-03-2020,1,1,11,10,0,467,30
P026,slow_moving,24,A321,MRO_BLR,01-04-2020,4,4,10,6,0,461,60
P026,slow_moving,24,A321,MRO_BLR,01-05-2020,4,4,6,2,0,461,30
P026,slow_moving,24,A321,MRO_BLR,01-06-2020,0,0,13,13,0,530,60
P026,slow_moving,24,A321,MRO_BLR,01-07-2020,0,0,13,13,0,533,45
P026,slow_moving,24,A321,MRO_BLR,01-08-2020,3,3,13,10,0,531,30
P026,slow_moving,24,A321,MRO_BLR,01-09-2020,0,0,10,10,0,463,60
P026,slow_moving,24,A321,MRO_BLR,01-10-2020,4,4,10,6,0,459,45
P026,slow_moving,24,A321,MRO_BLR,01-11-2020,1,1,6,5,0,457,45
P026,slow_moving,24,A321,MRO_BLR,01-12-2020,0,0,5,5,0,527,60
P026,slow_moving,24,A321,MRO_BLR,01-01-2021,3,3,5,2,0,463,45
P026,slow_moving,24,A321,MRO_BLR,01-02-2021,1,1,2,1,0,461,60
P026,slow_moving,24,A321,MRO_BLR,01-03-2021,2,2,11,9,0,459,15
P026,slow_moving,24,A321,MRO_BLR,01-04-2021,2,2,9,7,0,464,60
P026,slow_moving,24,A321,MRO_BLR,01-05-2021,2,2,7,5,0,468,30
P026,slow_moving,24,A321,MRO_BLR,01-06-2021,0,0,5,5,0,527,60
P026,slow_moving,24,A321,MRO_BLR,01-07-2021,1,1,5,4,0,524,45
P026,slow_moving,24,A321,MRO_BLR,01-08-2021,0,0,4,4,0,535,60
P026,slow_moving,24,A321,MRO_BLR,01-09-2021,2,2,4,2,0,461,30
P026,slow_moving,24,A321,MRO_BLR,01-10-2021,1,1,13,12,0,460,45
P026,slow_moving,24,A321,MRO_BLR,01-11-2021,2,2,12,10,0,466,45
P026,slow_moving,24,A321,MRO_BLR,01-12-2021,2,2,10,8,0,529,45
P026,slow_moving,24,A321,MRO_BLR,01-01-2022,4,4,8,4,0,461,60
P026,slow_moving,24,A321,MRO_BLR,01-02-2022,0,0,4,4,0,460,45
P026,slow_moving,24,A321,MRO_BLR,01-03-2022,2,2,4,2,0,474,30
P026,slow_moving,24,A321,MRO_BLR,01-04-2022,1,1,12,11,0,459,30
P026,slow_moving,24,A321,MRO_BLR,01-05-2022,2,2,11,9,0,464,45
P026,slow_moving,24,A321,MRO_BLR,01-06-2022,4,4,9,5,0,527,30
P026,slow_moving,24,A321,MRO_BLR,01-07-2022,0,0,5,5,0,531,15
P026,slow_moving,24,A321,MRO_BLR,01-08-2022,0,0,5,5,0,527,15
P026,slow_moving,24,A321,MRO_BLR,01-09-2022,0,0,5,5,0,463,30
P026,slow_moving,24,A321,MRO_BLR,01-10-2022,0,0,5,5,0,459,30
P026,slow_moving,24,A321,MRO_BLR,01-11-2022,0,0,5,5,0,462,60
P026,slow_moving,24,A321,MRO_BLR,01-12-2022,0,0,5,5,0,524,45
P026,slow_moving,24,A321,MRO_BLR,01-01-2023,0,0,5,5,0,454,60
P026,slow_moving,24,A321,MRO_BLR,01-02-2023,0,0,5,5,0,449,15
P026,slow_moving,24,A321,MRO_BLR,01-03-2023,1,1,5,4,0,460,15
P026,slow_moving,24,A321,MRO_BLR,01-04-2023,0,0,4,4,0,455,15
P026,slow_moving,24,A321,MRO_BLR,01-05-2023,4,4,4,0,0,468,15
P026,slow_moving,24,A321,MRO_BLR,01-06-2023,2,2,7,5,0,524,45
P026,slow_moving,24,A321,MRO_BLR,01-07-2023,3,3,5,2,0,533,30
P026,slow_moving,24,A321,MRO_BLR,01-08-2023,0,0,11,11,0,533,45
P026,slow_moving,24,A321,MRO_BLR,01-09-2023,3,3,11,8,0,457,30
P026,slow_moving,24,A321,MRO_BLR,01-10-2023,2,2,8,6,0,455,15
P026,slow_moving,24,A321,MRO_BLR,01-11-2023,0,0,6,6,0,457,15
P026,slow_moving,24,A321,MRO_BLR,01-12-2023,6,6,6,0,0,533,15
P027,slow_moving,32,A321,BASE_HYD,01-01-2018,3,3,29,26,0,695,15
P027,slow_moving,32,A321,BASE_HYD,01-02-2018,5,5,26,21,0,697,45
P027,slow_moving,32,A321,BASE_HYD,01-03-2018,3,3,21,18,0,699,45
P027,slow_moving,32,A321,BASE_HYD,01-04-2018,3,3,18,15,0,711,15
P027,slow_moving,32,A321,BASE_HYD,01-05-2018,5,5,15,10,0,700,15
P027,slow_moving,32,A321,BASE_HYD,01-06-2018,2,2,10,8,0,833,30
P027,slow_moving,32,A321,BASE_HYD,01-07-2018,1,1,8,7,0,804,45
P027,slow_moving,32,A321,BASE_HYD,01-08-2018,8,7,7,0,1,793,60
P027,slow_moving,32,A321,BASE_HYD,01-09-2018,2,0,0,0,1,703,30
P027,slow_moving,32,A321,BASE_HYD,01-10-2018,3,3,9,6,0,708,30
P027,slow_moving,32,A321,BASE_HYD,01-11-2018,3,3,6,3,0,704,60
P027,slow_moving,32,A321,BASE_HYD,01-12-2018,5,3,3,0,1,808,45
P027,slow_moving,32,A321,BASE_HYD,01-01-2019,1,1,10,9,0,696,15
P027,slow_moving,32,A321,BASE_HYD,01-02-2019,0,0,9,9,0,697,45
P027,slow_moving,32,A321,BASE_HYD,01-03-2019,2,2,9,7,0,683,30
P027,slow_moving,32,A321,BASE_HYD,01-04-2019,2,2,7,5,0,705,60
P027,slow_moving,32,A321,BASE_HYD,01-05-2019,0,0,5,5,0,696,45
P027,slow_moving,32,A321,BASE_HYD,01-06-2019,0,0,5,5,0,813,15
P027,slow_moving,32,A321,BASE_HYD,01-07-2019,3,3,5,2,0,799,45
P027,slow_moving,32,A321,BASE_HYD,01-08-2019,0,0,2,2,0,803,60
P027,slow_moving,32,A321,BASE_HYD,01-09-2019,2,2,9,7,0,708,30
P027,slow_moving,32,A321,BASE_HYD,01-10-2019,2,2,7,5,0,708,60
P027,slow_moving,32,A321,BASE_HYD,01-11-2019,0,0,5,5,0,705,60
P027,slow_moving,32,A321,BASE_HYD,01-12-2019,0,0,5,5,0,789,30
P027,slow_moving,32,A321,BASE_HYD,01-01-2020,0,0,5,5,0,688,15
P027,slow_moving,32,A321,BASE_HYD,01-02-2020,2,2,5,3,0,702,15
P027,slow_moving,32,A321,BASE_HYD,01-03-2020,0,0,11,11,0,692,15
P027,slow_moving,32,A321,BASE_HYD,01-04-2020,0,0,11,11,0,697,45
P027,slow_moving,32,A321,BASE_HYD,01-05-2020,6,6,11,5,0,698,15
P027,slow_moving,32,A321,BASE_HYD,01-06-2020,0,0,5,5,0,803,45
P027,slow_moving,32,A321,BASE_HYD,01-07-2020,5,5,5,0,0,793,15
P027,slow_moving,32,A321,BASE_HYD,01-08-2020,3,3,7,4,0,810,15
P027,slow_moving,32,A321,BASE_HYD,01-09-2020,4,4,4,0,0,693,60
P027,slow_moving,32,A321,BASE_HYD,01-10-2020,0,0,0,0,0,701,60
P027,slow_moving,32,A321,BASE_HYD,01-11-2020,0,0,11,11,0,695,45
P027,slow_moving,32,A321,BASE_HYD,01-12-2020,4,4,11,7,0,817,45
P027,slow_moving,32,A321,BASE_HYD,01-01-2021,3,3,7,4,0,705,15
P027,slow_moving,32,A321,BASE_HYD,01-02-2021,0,0,4,4,0,709,15
P027,slow_moving,32,A321,BASE_HYD,01-03-2021,1,1,4,3,0,706,45
P027,slow_moving,32,A321,BASE_HYD,01-04-2021,3,3,3,0,0,694,60
P027,slow_moving,32,A321,BASE_HYD,01-05-2021,0,0,10,10,0,691,45
P027,slow_moving,32,A321,BASE_HYD,01-06-2021,2,2,10,8,0,790,15
P027,slow_moving,32,A321,BASE_HYD,01-07-2021,3,3,8,5,0,801,45
P027,slow_moving,32,A321,BASE_HYD,01-08-2021,0,0,5,5,0,799,15
P027,slow_moving,32,A321,BASE_HYD,01-09-2021,0,0,5,5,0,694,60
P027,slow_moving,32,A321,BASE_HYD,01-10-2021,1,1,5,4,0,689,30
P027,slow_moving,32,A321,BASE_HYD,01-11-2021,1,1,4,3,0,697,30
P027,slow_moving,32,A321,BASE_HYD,01-12-2021,1,1,10,9,0,796,30
P027,slow_moving,32,A321,BASE_HYD,01-01-2022,0,0,9,9,0,689,15
P027,slow_moving,32,A321,BASE_HYD,01-02-2022,0,0,9,9,0,694,15
P027,slow_moving,32,A321,BASE_HYD,01-03-2022,4,4,9,5,0,692,45
P027,slow_moving,32,A321,BASE_HYD,01-04-2022,0,0,5,5,0,683,30
P027,slow_moving,32,A321,BASE_HYD,01-05-2022,0,0,5,5,0,687,45
P027,slow_moving,32,A321,BASE_HYD,01-06-2022,1,1,5,4,0,801,60
P027,slow_moving,32,A321,BASE_HYD,01-07-2022,1,1,4,3,0,796,60
P027,slow_moving,32,A321,BASE_HYD,01-08-2022,0,0,3,3,0,781,15
P027,slow_moving,32,A321,BASE_HYD,01-09-2022,2,2,15,13,0,697,15
P027,slow_moving,32,A321,BASE_HYD,01-10-2022,0,0,13,13,0,692,60
P027,slow_moving,32,A321,BASE_HYD,01-11-2022,2,2,13,11,0,685,60
P027,slow_moving,32,A321,BASE_HYD,01-12-2022,5,5,11,6,0,791,15
P027,slow_moving,32,A321,BASE_HYD,01-01-2023,2,2,6,4,0,692,15
P027,slow_moving,32,A321,BASE_HYD,01-02-2023,0,0,4,4,0,675,30
P027,slow_moving,32,A321,BASE_HYD,01-03-2023,0,0,4,4,0,693,45
P027,slow_moving,32,A321,BASE_HYD,01-04-2023,5,4,4,0,1,697,15
P027,slow_moving,32,A321,BASE_HYD,01-05-2023,3,3,9,6,0,697,15
P027,slow_moving,32,A321,BASE_HYD,01-06-2023,2,2,6,4,0,803,60
P027,slow_moving,32,A321,BASE_HYD,01-07-2023,2,2,4,2,0,788,60
P027,slow_moving,32,A321,BASE_HYD,01-08-2023,0,0,2,2,0,802,15
P027,slow_moving,32,A321,BASE_HYD,01-09-2023,0,0,12,12,0,692,30
P027,slow_moving,32,A321,BASE_HYD,01-10-2023,0,0,12,12,0,685,15
P027,slow_moving,32,A321,BASE_HYD,01-11-2023,3,3,12,9,0,694,60
P027,slow_moving,32,A321,BASE_HYD,01-12-2023,3,3,9,6,0,798,45
P027,slow_moving,32,A321,LINE_DEL,01-01-2018,0,0,20,20,0,695,15
P027,slow_moving,32,A321,LINE_DEL,01-02-2018,1,1,20,19,0,697,15
P027,slow_moving,32,A321,LINE_DEL,01-03-2018,0,0,19,19,0,699,30
P027,slow_moving,32,A321,LINE_DEL,01-04-2018,7,7,19,12,0,711,15
P027,slow_moving,32,A321,LINE_DEL,01-05-2018,5,5,12,7,0,700,30
P027,slow_moving,32,A321,LINE_DEL,01-06-2018,3,3,7,4,0,833,15
P027,slow_moving,32,A321,LINE_DEL,01-07-2018,0,0,4,4,0,804,45
P027,slow_moving,32,A321,LINE_DEL,01-08-2018,0,0,4,4,0,793,60
P027,slow_moving,32,A321,LINE_DEL,01-09-2018,0,0,4,4,0,703,60
P027,slow_moving,32,A321,LINE_DEL,01-10-2018,2,2,4,2,0,708,45
P027,slow_moving,32,A321,LINE_DEL,01-11-2018,0,0,2,2,0,704,15
P027,slow_moving,32,A321,LINE_DEL,01-12-2018,3,3,9,6,0,808,45
P027,slow_moving,32,A321,LINE_DEL,01-01-2019,2,2,6,4,0,696,45
P027,slow_moving,32,A321,LINE_DEL,01-02-2019,1,1,4,3,0,697,30
P027,slow_moving,32,A321,LINE_DEL,01-03-2019,2,2,15,13,0,683,45
P027,slow_moving,32,A321,LINE_DEL,01-04-2019,2,2,13,11,0,705,30
P027,slow_moving,32,A321,LINE_DEL,01-05-2019,1,1,11,10,0,696,45
P027,slow_moving,32,A321,LINE_DEL,01-06-2019,0,0,10,10,0,813,15
P027,slow_moving,32,A321,LINE_DEL,01-07-2019,3,3,10,7,0,799,45
P027,slow_moving,32,A321,LINE_DEL,01-08-2019,0,0,7,7,0,803,15
P027,slow_moving,32,A321,LINE_DEL,01-09-2019,2,2,7,5,0,708,15
P027,slow_moving,32,A321,LINE_DEL,01-10-2019,0,0,5,5,0,708,45
P027,slow_moving,32,A321,LINE_DEL,01-11-2019,0,0,5,5,0,705,15
P027,slow_moving,32,A321,LINE_DEL,01-12-2019,2,2,5,3,0,789,15
P027,slow_moving,32,A321,LINE_DEL,01-01-2020,2,2,11,9,0,688,60
P027,slow_moving,32,A321,LINE_DEL,01-02-2020,4,4,9,5,0,702,60
P027,slow_moving,32,A321,LINE_DEL,01-03-2020,4,4,5,1,0,692,30
P027,slow_moving,32,A321,LINE_DEL,01-04-2020,2,2,10,8,0,697,30
P027,slow_moving,32,A321,LINE_DEL,01-05-2020,1,1,8,7,0,698,45
P027,slow_moving,32,A321,LINE_DEL,01-06-2020,4,4,7,3,0,803,45
P027,slow_moving,32,A321,LINE_DEL,01-07-2020,2,2,3,1,0,793,30
P027,slow_moving,32,A321,LINE_DEL,01-08-2020,2,2,9,7,0,810,30
P027,slow_moving,32,A321,LINE_DEL,01-09-2020,4,4,7,3,0,693,30
P027,slow_moving,32,A321,LINE_DEL,01-10-2020,4,4,12,8,0,701,15
P027,slow_moving,32,A321,LINE_DEL,01-11-2020,3,3,8,5,0,695,15
P027,slow_moving,32,A321,LINE_DEL,01-12-2020,0,0,5,5,0,817,60
P027,slow_moving,32,A321,LINE_DEL,01-01-2021,0,0,5,5,0,705,30
P027,slow_moving,32,A321,LINE_DEL,01-02-2021,0,0,5,5,0,709,30
P027,slow_moving,32,A321,LINE_DEL,01-03-2021,2,2,5,3,0,706,15
P027,slow_moving,32,A321,LINE_DEL,01-04-2021,2,2,15,13,0,694,30
P027,slow_moving,32,A321,LINE_DEL,01-05-2021,2,2,13,11,0,691,30
P027,slow_moving,32,A321,LINE_DEL,01-06-2021,3,3,11,8,0,790,30
P027,slow_moving,32,A321,LINE_DEL,01-07-2021,5,5,8,3,0,801,60
P027,slow_moving,32,A321,LINE_DEL,01-08-2021,3,3,3,0,0,799,15
P027,slow_moving,32,A321,LINE_DEL,01-09-2021,4,4,11,7,0,694,15
P027,slow_moving,32,A321,LINE_DEL,01-10-2021,6,6,7,1,0,689,30
P027,slow_moving,32,A321,LINE_DEL,01-11-2021,4,4,9,5,0,697,45
P027,slow_moving,32,A321,LINE_DEL,01-12-2021,2,2,5,3,0,796,15
P027,slow_moving,32,A321,LINE_DEL,01-01-2022,4,4,10,6,0,689,60
P027,slow_moving,32,A321,LINE_DEL,01-02-2022,2,2,6,4,0,694,30
P027,slow_moving,32,A321,LINE_DEL,01-03-2022,6,4,4,0,1,692,15
P027,slow_moving,32,A321,LINE_DEL,01-04-2022,2,2,7,5,0,683,60
P027,slow_moving,32,A321,LINE_DEL,01-05-2022,0,0,5,5,0,687,45
P027,slow_moving,32,A321,LINE_DEL,01-06-2022,0,0,5,5,0,801,30
P027,slow_moving,32,A321,LINE_DEL,01-07-2022,1,1,5,4,0,796,60
P027,slow_moving,32,A321,LINE_DEL,01-08-2022,0,0,4,4,0,781,30
P027,slow_moving,32,A321,LINE_DEL,01-09-2022,6,4,4,0,1,697,15
P027,slow_moving,32,A321,LINE_DEL,01-10-2022,4,4,9,5,0,692,15
P027,slow_moving,32,A321,LINE_DEL,01-11-2022,3,3,5,2,0,685,30
P027,slow_moving,32,A321,LINE_DEL,01-12-2022,2,2,13,11,0,791,30
P027,slow_moving,32,A321,LINE_DEL,01-01-2023,4,4,11,7,0,692,45
P027,slow_moving,32,A321,LINE_DEL,01-02-2023,2,2,7,5,0,675,30
P027,slow_moving,32,A321,LINE_DEL,01-03-2023,3,3,5,2,0,693,60
P027,slow_moving,32,A321,LINE_DEL,01-04-2023,0,0,2,2,0,697,45
P027,slow_moving,32,A321,LINE_DEL,01-05-2023,3,3,14,11,0,697,45
P027,slow_moving,32,A321,LINE_DEL,01-06-2023,1,1,11,10,0,803,45
P027,slow_moving,32,A321,LINE_DEL,01-07-2023,0,0,10,10,0,788,60
P027,slow_moving,32,A321,LINE_DEL,01-08-2023,1,1,10,9,0,802,60
P027,slow_moving,32,A321,LINE_DEL,01-09-2023,3,3,9,6,0,692,60
P027,slow_moving,32,A321,LINE_DEL,01-10-2023,4,4,6,2,0,685,15
P027,slow_moving,32,A321,LINE_DEL,01-11-2023,4,4,11,7,0,694,45
P027,slow_moving,32,A321,LINE_DEL,01-12-2023,4,4,7,3,0,798,60
P027,slow_moving,32,A321,MRO_BLR,01-01-2018,3,3,22,19,0,695,30
P027,slow_moving,32,A321,MRO_BLR,01-02-2018,0,0,19,19,0,697,30
P027,slow_moving,32,A321,MRO_BLR,01-03-2018,0,0,19,19,0,699,60
P027,slow_moving,32,A321,MRO_BLR,01-04-2018,0,0,19,19,0,711,30
P027,slow_moving,32,A321,MRO_BLR,01-05-2018,4,4,19,15,0,700,30
P027,slow_moving,32,A321,MRO_BLR,01-06-2018,2,2,15,13,0,833,15
P027,slow_moving,32,A321,MRO_BLR,01-07-2018,6,6,13,7,0,804,15
P027,slow_moving,32,A321,MRO_BLR,01-08-2018,0,0,7,7,0,793,30
P027,slow_moving,32,A321,MRO_BLR,01-09-2018,0,0,7,7,0,703,30
P027,slow_moving,32,A321,MRO_BLR,01-10-2018,0,0,7,7,0,708,45
P027,slow_moving,32,A321,MRO_BLR,01-11-2018,0,0,7,7,0,704,60
P027,slow_moving,32,A321,MRO_BLR,01-12-2018,5,5,7,2,0,808,15
P027,slow_moving,32,A321,MRO_BLR,01-01-2019,0,0,9,9,0,696,45
P027,slow_moving,32,A321,MRO_BLR,01-02-2019,0,0,9,9,0,697,15
P027,slow_moving,32,A321,MRO_BLR,01-03-2019,0,0,9,9,0,683,30
P027,slow_moving,32,A321,MRO_BLR,01-04-2019,0,0,9,9,0,705,45
P027,slow_moving,32,A321,MRO_BLR,01-05-2019,2,2,9,7,0,696,15
P027,slow_moving,32,A321,MRO_BLR,01-06-2019,0,0,7,7,0,813,45
P027,slow_moving,32,A321,MRO_BLR,01-07-2019,3,3,7,4,0,799,15
P027,slow_moving,32,A321,MRO_BLR,01-08-2019,3,3,4,1,0,803,60
P027,slow_moving,32,A321,MRO_BLR,01-09-2019,0,0,1,1,0,708,15
P027,slow_moving,32,A321,MRO_BLR,01-10-2019,0,0,12,12,0,708,45
P027,slow_moving,32,A321,MRO_BLR,01-11-2019,0,0,12,12,0,705,30
P027,slow_moving,32,A321,MRO_BLR,01-12-2019,0,0,12,12,0,789,60
P027,slow_moving,32,A321,MRO_BLR,01-01-2020,0,0,12,12,0,688,15
P027,slow_moving,32,A321,MRO_BLR,01-02-2020,5,5,12,7,0,702,45
P027,slow_moving,32,A321,MRO_BLR,01-03-2020,0,0,7,7,0,692,45
P027,slow_moving,32,A321,MRO_BLR,01-04-2020,0,0,7,7,0,697,60
P027,slow_moving,32,A321,MRO_BLR,01-05-2020,6,6,7,1,0,698,45
P027,slow_moving,32,A321,MRO_BLR,01-06-2020,2,1,1,0,1,803,15
P027,slow_moving,32,A321,MRO_BLR,01-07-2020,3,3,8,5,0,793,45
P027,slow_moving,32,A321,MRO_BLR,01-08-2020,3,3,5,2,0,810,60
P027,slow_moving,32,A321,MRO_BLR,01-09-2020,3,2,2,0,1,693,45
P027,slow_moving,32,A321,MRO_BLR,01-10-2020,7,7,10,3,0,701,45
P027,slow_moving,32,A321,MRO_BLR,01-11-2020,0,0,3,3,0,695,60
P027,slow_moving,32,A321,MRO_BLR,01-12-2020,3,3,12,9,0,817,15
P027,slow_moving,32,A321,MRO_BLR,01-01-2021,1,1,9,8,0,705,45
P027,slow_moving,32,A321,MRO_BLR,01-02-2021,0,0,8,8,0,709,60
P027,slow_moving,32,A321,MRO_BLR,01-03-2021,4,4,8,4,0,706,30
P027,slow_moving,32,A321,MRO_BLR,01-04-2021,4,4,4,0,0,694,30
P027,slow_moving,32,A321,MRO_BLR,01-05-2021,1,1,11,10,0,691,15
P027,slow_moving,32,A321,MRO_BLR,01-06-2021,0,0,10,10,0,790,30
P027,slow_moving,32,A321,MRO_BLR,01-07-2021,5,5,10,5,0,801,45
P027,slow_moving,32,A321,MRO_BLR,01-08-2021,9,5,5,0,1,799,15
P027,slow_moving,32,A321,MRO_BLR,01-09-2021,3,3,9,6,0,694,45
P027,slow_moving,32,A321,MRO_BLR,01-10-2021,3,3,6,3,0,689,60
P027,slow_moving,32,A321,MRO_BLR,01-11-2021,3,3,3,0,0,697,45
P027,slow_moving,32,A321,MRO_BLR,01-12-2021,2,2,7,5,0,796,45
P027,slow_moving,32,A321,MRO_BLR,01-01-2022,3,3,5,2,0,689,30
P027,slow_moving,32,A321,MRO_BLR,01-02-2022,0,0,11,11,0,694,30
P027,slow_moving,32,A321,MRO_BLR,01-03-2022,0,0,11,11,0,692,60
P027,slow_moving,32,A321,MRO_BLR,01-04-2022,0,0,11,11,0,683,45
P027,slow_moving,32,A321,MRO_BLR,01-05-2022,2,2,11,9,0,687,30
P027,slow_moving,32,A321,MRO_BLR,01-06-2022,0,0,9,9,0,801,15
P027,slow_moving,32,A321,MRO_BLR,01-07-2022,2,2,9,7,0,796,30
P027,slow_moving,32,A321,MRO_BLR,01-08-2022,1,1,7,6,0,781,60
P027,slow_moving,32,A321,MRO_BLR,01-09-2022,4,4,6,2,0,697,30
P027,slow_moving,32,A321,MRO_BLR,01-10-2022,1,1,11,10,0,692,45
P027,slow_moving,32,A321,MRO_BLR,01-11-2022,0,0,10,10,0,685,60
P027,slow_moving,32,A321,MRO_BLR,01-12-2022,3,3,10,7,0,791,15
P027,slow_moving,32,A321,MRO_BLR,01-01-2023,0,0,7,7,0,692,60
P027,slow_moving,32,A321,MRO_BLR,01-02-2023,3,3,7,4,0,675,30
P027,slow_moving,32,A321,MRO_BLR,01-03-2023,0,0,4,4,0,693,45
P027,slow_moving,32,A321,MRO_BLR,01-04-2023,3,3,4,1,0,697,30
P027,slow_moving,32,A321,MRO_BLR,01-05-2023,1,1,8,7,0,697,30
P027,slow_moving,32,A321,MRO_BLR,01-06-2023,2,2,7,5,0,803,60
P027,slow_moving,32,A321,MRO_BLR,01-07-2023,4,4,5,1,0,788,60
P027,slow_moving,32,A321,MRO_BLR,01-08-2023,0,0,1,1,0,802,45
P027,slow_moving,32,A321,MRO_BLR,01-09-2023,2,2,10,8,0,692,60
P027,slow_moving,32,A321,MRO_BLR,01-10-2023,2,2,8,6,0,685,45
P027,slow_moving,32,A321,MRO_BLR,01-11-2023,6,6,6,0,0,694,60
P027,slow_moving,32,A321,MRO_BLR,01-12-2023,3,0,0,0,1,798,60
P028,slow_moving,21,A321,BASE_HYD,01-01-2018,1,1,23,22,0,668,60
P028,slow_moving,21,A321,BASE_HYD,01-02-2018,2,2,22,20,0,658,30
P028,slow_moving,21,A321,BASE_HYD,01-03-2018,3,3,20,17,0,668,60
P028,slow_moving,21,A321,BASE_HYD,01-04-2018,0,0,17,17,0,670,45
P028,slow_moving,21,A321,BASE_HYD,01-05-2018,0,0,17,17,0,668,30
P028,slow_moving,21,A321,BASE_HYD,01-06-2018,0,0,17,17,0,758,45
P028,slow_moving,21,A321,BASE_HYD,01-07-2018,0,0,17,17,0,767,60
P028,slow_moving,21,A321,BASE_HYD,01-08-2018,0,0,17,17,0,763,15
P028,slow_moving,21,A321,BASE_HYD,01-09-2018,4,4,17,13,0,661,60
P028,slow_moving,21,A321,BASE_HYD,01-10-2018,0,0,13,13,0,679,45
P028,slow_moving,21,A321,BASE_HYD,01-11-2018,1,1,13,12,0,659,60
P028,slow_moving,21,A321,BASE_HYD,01-12-2018,0,0,12,12,0,769,60
P028,slow_moving,21,A321,BASE_HYD,01-01-2019,0,0,12,12,0,673,60
P028,slow_moving,21,A321,BASE_HYD,01-02-2019,0,0,12,12,0,666,15
P028,slow_moving,21,A321,BASE_HYD,01-03-2019,3,3,12,9,0,659,30
P028,slow_moving,21,A321,BASE_HYD,01-04-2019,2,2,9,7,0,659,60
P028,slow_moving,21,A321,BASE_HYD,01-05-2019,2,2,7,5,0,654,30
P028,slow_moving,21,A321,BASE_HYD,01-06-2019,0,0,5,5,0,763,30
P028,slow_moving,21,A321,BASE_HYD,01-07-2019,0,0,5,5,0,763,45
P028,slow_moving,21,A321,BASE_HYD,01-08-2019,1,1,5,4,0,761,30
P028,slow_moving,21,A321,BASE_HYD,01-09-2019,4,4,4,0,0,672,45
P028,slow_moving,21,A321,BASE_HYD,01-10-2019,0,0,0,0,0,663,30
P028,slow_moving,21,A321,BASE_HYD,01-11-2019,1,1,9,8,0,653,15
P028,slow_moving,21,A321,BASE_HYD,01-12-2019,3,3,8,5,0,774,60
P028,slow_moving,21,A321,BASE_HYD,01-01-2020,0,0,5,5,0,653,15
P028,slow_moving,21,A321,BASE_HYD,01-02-2020,2,2,5,3,0,665,15
P028,slow_moving,21,A321,BASE_HYD,01-03-2020,0,0,11,11,0,665,30
P028,slow_moving,21,A321,BASE_HYD,01-04-2020,0,0,11,11,0,661,15
P028,slow_moving,21,A321,BASE_HYD,01-05-2020,0,0,11,11,0,667,60
P028,slow_moving,21,A321,BASE_HYD,01-06-2020,0,0,11,11,0,761,45
P028,slow_moving,21,A321,BASE_HYD,01-07-2020,2,2,11,9,0,758,30
P028,slow_moving,21,A321,BASE_HYD,01-08-2020,0,0,9,9,0,745,15
P028,slow_moving,21,A321,BASE_HYD,01-09-2020,0,0,9,9,0,650,45
P028,slow_moving,21,A321,BASE_HYD,01-10-2020,0,0,9,9,0,679,15
P028,slow_moving,21,A321,BASE_HYD,01-11-2020,2,2,9,7,0,666,30
P028,slow_moving,21,A321,BASE_HYD,01-12-2020,0,0,7,7,0,770,45
P028,slow_moving,21,A321,BASE_HYD,01-01-2021,6,6,7,1,0,676,60
P028,slow_moving,21,A321,BASE_HYD,01-02-2021,3,1,1,0,1,657,30
P028,slow_moving,21,A321,BASE_HYD,01-03-2021,0,0,10,10,0,658,45
P028,slow_moving,21,A321,BASE_HYD,01-04-2021,3,3,10,7,0,648,45
P028,slow_moving,21,A321,BASE_HYD,01-05-2021,2,2,7,5,0,657,45
P028,slow_moving,21,A321,BASE_HYD,01-06-2021,2,2,5,3,0,756,30
P028,slow_moving,21,A321,BASE_HYD,01-07-2021,3,3,15,12,0,755,30
P028,slow_moving,21,A321,BASE_HYD,01-08-2021,2,2,12,10,0,766,15
P028,slow_moving,21,A321,BASE_HYD,01-09-2021,0,0,10,10,0,664,30
P028,slow_moving,21,A321,BASE_HYD,01-10-2021,0,0,10,10,0,665,60
P028,slow_moving,21,A321,BASE_HYD,01-11-2021,0,0,10,10,0,651,15
P028,slow_moving,21,A321,BASE_HYD,01-12-2021,2,2,10,8,0,758,30
P028,slow_moving,21,A321,BASE_HYD,01-01-2022,3,3,8,5,0,660,15
P028,slow_moving,21,A321,BASE_HYD,01-02-2022,0,0,5,5,0,670,60
P028,slow_moving,21,A321,BASE_HYD,01-03-2022,3,3,5,2,0,658,30
P028,slow_moving,21,A321,BASE_HYD,01-04-2022,0,0,10,10,0,656,45
P028,slow_moving,21,A321,BASE_HYD,01-05-2022,0,0,10,10,0,664,60
P028,slow_moving,21,A321,BASE_HYD,01-06-2022,5,5,10,5,0,754,15
P028,slow_moving,21,A321,BASE_HYD,01-07-2022,2,2,5,3,0,759,60
P028,slow_moving,21,A321,BASE_HYD,01-08-2022,5,3,3,0,1,759,15
P028,slow_moving,21,A321,BASE_HYD,01-09-2022,1,1,9,8,0,654,15
P028,slow_moving,21,A321,BASE_HYD,01-10-2022,0,0,8,8,0,653,30
P028,slow_moving,21,A321,BASE_HYD,01-11-2022,1,1,8,7,0,657,15
P028,slow_moving,21,A321,BASE_HYD,01-12-2022,6,6,7,1,0,752,15
P028,slow_moving,21,A321,BASE_HYD,01-01-2023,3,3,9,6,0,645,15
P028,slow_moving,21,A321,BASE_HYD,01-02-2023,0,0,6,6,0,660,60
P028,slow_moving,21,A321,BASE_HYD,01-03-2023,4,4,6,2,0,659,30
P028,slow_moving,21,A321,BASE_HYD,01-04-2023,4,4,13,9,0,650,45
P028,slow_moving,21,A321,BASE_HYD,01-05-2023,1,1,9,8,0,650,15
P028,slow_moving,21,A321,BASE_HYD,01-06-2023,0,0,8,8,0,757,30
P028,slow_moving,21,A321,BASE_HYD,01-07-2023,3,3,8,5,0,766,15
P028,slow_moving,21,A321,BASE_HYD,01-08-2023,3,3,5,2,0,761,30
P028,slow_moving,21,A321,BASE_HYD,01-09-2023,6,6,13,7,0,663,30
P028,slow_moving,21,A321,BASE_HYD,01-10-2023,2,2,7,5,0,653,15
P028,slow_moving,21,A321,BASE_HYD,01-11-2023,4,4,5,1,0,658,15
P028,slow_moving,21,A321,BASE_HYD,01-12-2023,0,0,8,8,0,752,15
P028,slow_moving,21,A321,LINE_DEL,01-01-2018,4,4,16,12,0,668,45
P028,slow_moving,21,A321,LINE_DEL,01-02-2018,0,0,12,12,0,658,30
P028,slow_moving,21,A321,LINE_DEL,01-03-2018,0,0,12,12,0,668,30
P028,slow_moving,21,A321,LINE_DEL,01-04-2018,6,6,12,6,0,670,30
P028,slow_moving,21,A321,LINE_DEL,01-05-2018,1,1,6,5,0,668,45
P028,slow_moving,21,A321,LINE_DEL,01-06-2018,5,5,5,0,0,758,30
P028,slow_moving,21,A321,LINE_DEL,01-07-2018,0,0,7,7,0,767,30
P028,slow_moving,21,A321,LINE_DEL,01-08-2018,0,0,7,7,0,763,60
P028,slow_moving,21,A321,LINE_DEL,01-09-2018,0,0,7,7,0,661,45
P028,slow_moving,21,A321,LINE_DEL,01-10-2018,4,4,7,3,0,679,45
P028,slow_moving,21,A321,LINE_DEL,01-11-2018,0,0,3,3,0,659,15
P028,slow_moving,21,A321,LINE_DEL,01-12-2018,6,6,11,5,0,769,45
P028,slow_moving,21,A321,LINE_DEL,01-01-2019,0,0,5,5,0,673,30
P028,slow_moving,21,A321,LINE_DEL,01-02-2019,2,2,5,3,0,666,15
P028,slow_moving,21,A321,LINE_DEL,01-03-2019,1,1,11,10,0,659,15
P028,slow_moving,21,A321,LINE_DEL,01-04-2019,1,1,10,9,0,659,60
P028,slow_moving,21,A321,LINE_DEL,01-05-2019,0,0,9,9,0,654,60
P028,slow_moving,21,A321,LINE_DEL,01-06-2019,0,0,9,9,0,763,60
P028,slow_moving,21,A321,LINE_DEL,01-07-2019,0,0,9,9,0,763,60
P028,slow_moving,21,A321,LINE_DEL,01-08-2019,0,0,9,9,0,761,60
P028,slow_moving,21,A321,LINE_DEL,01-09-2019,0,0,9,9,0,672,30
P028,slow_moving,21,A321,LINE_DEL,01-10-2019,0,0,9,9,0,663,30
P028,slow_moving,21,A321,LINE_DEL,01-11-2019,0,0,9,9,0,653,15
P028,slow_moving,21,A321,LINE_DEL,01-12-2019,0,0,9,9,0,774,60
P028,slow_moving,21,A321,LINE_DEL,01-01-2020,3,3,9,6,0,653,15
P028,slow_moving,21,A321,LINE_DEL,01-02-2020,4,4,6,2,0,665,30
P028,slow_moving,21,A321,LINE_DEL,01-03-2020,0,0,11,11,0,665,45
P028,slow_moving,21,A321,LINE_DEL,01-04-2020,5,5,11,6,0,661,60
P028,slow_moving,21,A321,LINE_DEL,01-05-2020,2,2,6,4,0,667,45
P028,slow_moving,21,A321,LINE_DEL,01-06-2020,1,1,4,3,0,761,60
P028,slow_moving,21,A321,LINE_DEL,01-07-2020,1,1,3,2,0,758,60
P028,slow_moving,21,A321,LINE_DEL,01-08-2020,3,3,11,8,0,745,15
P028,slow_moving,21,A321,LINE_DEL,01-09-2020,0,0,8,8,0,650,30
P028,slow_moving,21,A321,LINE_DEL,01-10-2020,0,0,8,8,0,679,15
P028,slow_moving,21,A321,LINE_DEL,01-11-2020,4,4,8,4,0,666,30
P028,slow_moving,21,A321,LINE_DEL,01-12-2020,0,0,4,4,0,770,60
P028,slow_moving,21,A321,LINE_DEL,01-01-2021,2,2,4,2,0,676,45
P028,slow_moving,21,A321,LINE_DEL,01-02-2021,0,0,2,2,0,657,15
P028,slow_moving,21,A321,LINE_DEL,01-03-2021,9,9,13,4,0,658,60
P028,slow_moving,21,A321,LINE_DEL,01-04-2021,3,3,4,1,0,648,60
P028,slow_moving,21,A321,LINE_DEL,01-05-2021,1,1,1,0,0,657,30
P028,slow_moving,21,A321,LINE_DEL,01-06-2021,5,5,11,6,0,756,15
P028,slow_moving,21,A321,LINE_DEL,01-07-2021,3,3,6,3,0,755,30
P028,slow_moving,21,A321,LINE_DEL,01-08-2021,4,4,10,6,0,766,45
P028,slow_moving,21,A321,LINE_DEL,01-09-2021,6,6,6,0,0,664,45
P028,slow_moving,21,A321,LINE_DEL,01-10-2021,2,0,0,0,1,665,30
P028,slow_moving,21,A321,LINE_DEL,01-11-2021,0,0,7,7,0,651,45
P028,slow_moving,21,A321,LINE_DEL,01-12-2021,2,2,7,5,0,758,15
P028,slow_moving,21,A321,LINE_DEL,01-01-2022,1,1,5,4,0,660,60
P028,slow_moving,21,A321,LINE_DEL,01-02-2022,3,3,4,1,0,670,30
P028,slow_moving,21,A321,LINE_DEL,01-03-2022,1,1,12,11,0,658,45
P028,slow_moving,21,A321,LINE_DEL,01-04-2022,2,2,11,9,0,656,45
P028,slow_moving,21,A321,LINE_DEL,01-05-2022,3,3,9,6,0,664,45
P028,slow_moving,21,A321,LINE_DEL,01-06-2022,0,0,6,6,0,754,45
P028,slow_moving,21,A321,LINE_DEL,01-07-2022,0,0,6,6,0,759,15
P028,slow_moving,21,A321,LINE_DEL,01-08-2022,3,3,6,3,0,759,30
P028,slow_moving,21,A321,LINE_DEL,01-09-2022,3,3,15,12,0,654,30
P028,slow_moving,21,A321,LINE_DEL,01-10-2022,4,4,12,8,0,653,60
P028,slow_moving,21,A321,LINE_DEL,01-11-2022,1,1,8,7,0,657,45
P028,slow_moving,21,A321,LINE_DEL,01-12-2022,0,0,7,7,0,752,60
P028,slow_moving,21,A321,LINE_DEL,01-01-2023,4,4,7,3,0,645,15
P028,slow_moving,21,A321,LINE_DEL,01-02-2023,3,3,11,8,0,660,30
P028,slow_moving,21,A321,LINE_DEL,01-03-2023,0,0,8,8,0,659,60
P028,slow_moving,21,A321,LINE_DEL,01-04-2023,2,2,8,6,0,650,45
P028,slow_moving,21,A321,LINE_DEL,01-05-2023,2,2,6,4,0,650,45
P028,slow_moving,21,A321,LINE_DEL,01-06-2023,0,0,4,4,0,757,15
P028,slow_moving,21,A321,LINE_DEL,01-07-2023,3,3,4,1,0,766,15
P028,slow_moving,21,A321,LINE_DEL,01-08-2023,3,3,8,5,0,761,45
P028,slow_moving,21,A321,LINE_DEL,01-09-2023,4,4,5,1,0,663,60
P028,slow_moving,21,A321,LINE_DEL,01-10-2023,4,1,1,0,1,653,60
P028,slow_moving,21,A321,LINE_DEL,01-11-2023,4,4,12,8,0,658,30
P028,slow_moving,21,A321,LINE_DEL,01-12-2023,0,0,8,8,0,752,45
P028,slow_moving,21,A321,MRO_BLR,01-01-2018,0,0,15,15,0,668,45
P028,slow_moving,21,A321,MRO_BLR,01-02-2018,2,2,15,13,0,658,60
P028,slow_moving,21,A321,MRO_BLR,01-03-2018,4,4,13,9,0,668,60
P028,slow_moving,21,A321,MRO_BLR,01-04-2018,6,6,9,3,0,670,45
P028,slow_moving,21,A321,MRO_BLR,01-05-2018,2,2,3,1,0,668,45
P028,slow_moving,21,A321,MRO_BLR,01-06-2018,6,6,9,3,0,758,45
P028,slow_moving,21,A321,MRO_BLR,01-07-2018,0,0,3,3,0,767,15
P028,slow_moving,21,A321,MRO_BLR,01-08-2018,0,0,12,12,0,763,45
P028,slow_moving,21,A321,MRO_BLR,01-09-2018,6,6,12,6,0,661,30
P028,slow_moving,21,A321,MRO_BLR,01-10-2018,2,2,6,4,0,679,45
P028,slow_moving,21,A321,MRO_BLR,01-11-2018,1,1,4,3,0,659,30
P028,slow_moving,21,A321,MRO_BLR,01-12-2018,0,0,14,14,0,769,60
P028,slow_moving,21,A321,MRO_BLR,01-01-2019,1,1,14,13,0,673,45
P028,slow_moving,21,A321,MRO_BLR,01-02-2019,1,1,13,12,0,666,30
P028,slow_moving,21,A321,MRO_BLR,01-03-2019,0,0,12,12,0,659,30
P028,slow_moving,21,A321,MRO_BLR,01-04-2019,0,0,12,12,0,659,60
P028,slow_moving,21,A321,MRO_BLR,01-05-2019,2,2,12,10,0,654,45
P028,slow_moving,21,A321,MRO_BLR,01-06-2019,0,0,10,10,0,763,60
P028,slow_moving,21,A321,MRO_BLR,01-07-2019,3,3,10,7,0,763,45
P028,slow_moving,21,A321,MRO_BLR,01-08-2019,3,3,7,4,0,761,45
P028,slow_moving,21,A321,MRO_BLR,01-09-2019,2,2,4,2,0,672,15
P028,slow_moving,21,A321,MRO_BLR,01-10-2019,0,0,13,13,0,663,30
P028,slow_moving,21,A321,MRO_BLR,01-11-2019,0,0,13,13,0,653,15
P028,slow_moving,21,A321,MRO_BLR,01-12-2019,0,0,13,13,0,774,30
P028,slow_moving,21,A321,MRO_BLR,01-01-2020,1,1,13,12,0,653,30
P028,slow_moving,21,A321,MRO_BLR,01-02-2020,3,3,12,9,0,665,60
P028,slow_moving,21,A321,MRO_BLR,01-03-2020,0,0,9,9,0,665,45
P028,slow_moving,21,A321,MRO_BLR,01-04-2020,0,0,9,9,0,661,30
P028,slow_moving,21,A321,MRO_BLR,01-05-2020,7,7,9,2,0,667,60
P028,slow_moving,21,A321,MRO_BLR,01-06-2020,3,2,2,0,1,761,60
P028,slow_moving,21,A321,MRO_BLR,01-07-2020,0,0,10,10,0,758,30
P028,slow_moving,21,A321,MRO_BLR,01-08-2020,2,2,10,8,0,745,60
P028,slow_moving,21,A321,MRO_BLR,01-09-2020,0,0,8,8,0,650,60
P028,slow_moving,21,A321,MRO_BLR,01-10-2020,2,2,8,6,0,679,45
P028,slow_moving,21,A321,MRO_BLR,01-11-2020,3,3,6,3,0,666,60
P028,slow_moving,21,A321,MRO_BLR,01-12-2020,3,3,3,0,0,770,15
P028,slow_moving,21,A321,MRO_BLR,01-01-2021,3,3,10,7,0,676,30
P028,slow_moving,21,A321,MRO_BLR,01-02-2021,2,2,7,5,0,657,15
P028,slow_moving,21,A321,MRO_BLR,01-03-2021,2,2,5,3,0,658,30
P028,slow_moving,21,A321,MRO_BLR,01-04-2021,2,2,14,12,0,648,15
P028,slow_moving,21,A321,MRO_BLR,01-05-2021,1,1,12,11,0,657,45
P028,slow_moving,21,A321,MRO_BLR,01-06-2021,6,6,11,5,0,756,45
P028,slow_moving,21,A321,MRO_BLR,01-07-2021,3,3,5,2,0,755,45
P028,slow_moving,21,A321,MRO_BLR,01-08-2021,3,2,2,0,1,766,30
P028,slow_moving,21,A321,MRO_BLR,01-09-2021,2,2,11,9,0,664,45
P028,slow_moving,21,A321,MRO_BLR,01-10-2021,0,0,9,9,0,665,45
P028,slow_moving,21,A321,MRO_BLR,01-11-2021,2,2,9,7,0,651,45
P028,slow_moving,21,A321,MRO_BLR,01-12-2021,1,1,7,6,0,758,45
P028,slow_moving,21,A321,MRO_BLR,01-01-2022,1,1,6,5,0,660,60
P028,slow_moving,21,A321,MRO_BLR,01-02-2022,2,2,5,3,0,670,30
P028,slow_moving,21,A321,MRO_BLR,01-03-2022,3,3,15,12,0,658,30
P028,slow_moving,21,A321,MRO_BLR,01-04-2022,1,1,12,11,0,656,15
P028,slow_moving,21,A321,MRO_BLR,01-05-2022,3,3,11,8,0,664,60
P028,slow_moving,21,A321,MRO_BLR,01-06-2022,1,1,8,7,0,754,60
P028,slow_moving,21,A321,MRO_BLR,01-07-2022,0,0,7,7,0,759,30
P028,slow_moving,21,A321,MRO_BLR,01-08-2022,0,0,7,7,0,759,15
P028,slow_moving,21,A321,MRO_BLR,01-09-2022,2,2,7,5,0,654,15
P028,slow_moving,21,A321,MRO_BLR,01-10-2022,1,1,5,4,0,653,45
P028,slow_moving,21,A321,MRO_BLR,01-11-2022,2,2,4,2,0,657,60
P028,slow_moving,21,A321,MRO_BLR,01-12-2022,0,0,2,2,0,752,45
P028,slow_moving,21,A321,MRO_BLR,01-01-2023,3,3,10,7,0,645,30
P028,slow_moving,21,A321,MRO_BLR,01-02-2023,0,0,7,7,0,660,45
P028,slow_moving,21,A321,MRO_BLR,01-03-2023,4,4,7,3,0,659,45
P028,slow_moving,21,A321,MRO_BLR,01-04-2023,0,0,3,3,0,650,45
P028,slow_moving,21,A321,MRO_BLR,01-05-2023,0,0,14,14,0,650,15
P028,slow_moving,21,A321,MRO_BLR,01-06-2023,0,0,14,14,0,757,15
P028,slow_moving,21,A321,MRO_BLR,01-07-2023,1,1,14,13,0,766,45
P028,slow_moving,21,A321,MRO_BLR,01-08-2023,1,1,13,12,0,761,30
P028,slow_moving,21,A321,MRO_BLR,01-09-2023,7,7,12,5,0,663,30
P028,slow_moving,21,A321,MRO_BLR,01-10-2023,2,2,5,3,0,653,15
P028,slow_moving,21,A321,MRO_BLR,01-11-2023,2,2,15,13,0,658,15
P028,slow_moving,21,A321,MRO_BLR,01-12-2023,0,0,13,13,0,752,15
P029,slow_moving,32,A321,BASE_HYD,01-01-2018,2,2,19,17,0,415,60
P029,slow_moving,32,A321,BASE_HYD,01-02-2018,2,2,17,15,0,426,30
P029,slow_moving,32,A321,BASE_HYD,01-03-2018,0,0,15,15,0,426,30
P029,slow_moving,32,A321,BASE_HYD,01-04-2018,0,0,15,15,0,422,45
P029,slow_moving,32,A321,BASE_HYD,01-05-2018,4,4,15,11,0,425,30
P029,slow_moving,32,A321,BASE_HYD,01-06-2018,3,3,11,8,0,490,45
P029,slow_moving,32,A321,BASE_HYD,01-07-2018,1,1,8,7,0,486,45
P029,slow_moving,32,A321,BASE_HYD,01-08-2018,2,2,7,5,0,485,45
P029,slow_moving,32,A321,BASE_HYD,01-09-2018,1,1,5,4,0,416,30
P029,slow_moving,32,A321,BASE_HYD,01-10-2018,0,0,4,4,0,421,60
P029,slow_moving,32,A321,BASE_HYD,01-11-2018,0,0,4,4,0,418,60
P029,slow_moving,32,A321,BASE_HYD,01-12-2018,0,0,4,4,0,480,15
P029,slow_moving,32,A321,BASE_HYD,01-01-2019,2,2,4,2,0,418,15
P029,slow_moving,32,A321,BASE_HYD,01-02-2019,3,3,13,10,0,412,45
P029,slow_moving,32,A321,BASE_HYD,01-03-2019,0,0,10,10,0,425,60
P029,slow_moving,32,A321,BASE_HYD,01-04-2019,5,5,10,5,0,422,30
P029,slow_moving,32,A321,BASE_HYD,01-05-2019,0,0,5,5,0,426,45
P029,slow_moving,32,A321,BASE_HYD,01-06-2019,1,1,5,4,0,488,15
P029,slow_moving,32,A321,BASE_HYD,01-07-2019,0,0,4,4,0,486,60
P029,slow_moving,32,A321,BASE_HYD,01-08-2019,2,2,4,2,0,488,45
P029,slow_moving,32,A321,BASE_HYD,01-09-2019,3,2,2,0,1,421,15
P029,slow_moving,32,A321,BASE_HYD,01-10-2019,5,5,10,5,0,426,60
P029,slow_moving,32,A321,BASE_HYD,01-11-2019,0,0,5,5,0,419,30
P029,slow_moving,32,A321,BASE_HYD,01-12-2019,0,0,5,5,0,484,15
P029,slow_moving,32,A321,BASE_HYD,01-01-2020,2,2,5,3,0,418,30
P029,slow_moving,32,A321,BASE_HYD,01-02-2020,2,2,15,13,0,428,30
P029,slow_moving,32,A321,BASE_HYD,01-03-2020,0,0,13,13,0,417,15
P029,slow_moving,32,A321,BASE_HYD,01-04-2020,0,0,13,13,0,425,60
P029,slow_moving,32,A321,BASE_HYD,01-05-2020,3,3,13,10,0,414,45
P029,slow_moving,32,A321,BASE_HYD,01-06-2020,4,4,10,6,0,483,45
P029,slow_moving,32,A321,BASE_HYD,01-07-2020,0,0,6,6,0,482,45
P029,slow_moving,32,A321,BASE_HYD,01-08-2020,2,2,6,4,0,477,15
P029,slow_moving,32,A321,BASE_HYD,01-09-2020,1,1,4,3,0,417,45
P029,slow_moving,32,A321,BASE_HYD,01-10-2020,0,0,3,3,0,422,15
P029,slow_moving,32,A321,BASE_HYD,01-11-2020,2,2,10,8,0,418,45
P029,slow_moving,32,A321,BASE_HYD,01-12-2020,0,0,8,8,0,478,45
P029,slow_moving,32,A321,BASE_HYD,01-01-2021,1,1,8,7,0,422,15
P029,slow_moving,32,A321,BASE_HYD,01-02-2021,3,3,7,4,0,418,15
P029,slow_moving,32,A321,BASE_HYD,01-03-2021,2,2,4,2,0,420,15
P029,slow_moving,32,A321,BASE_HYD,01-04-2021,0,0,9,9,0,423,60
P029,slow_moving,32,A321,BASE_HYD,01-05-2021,4,4,9,5,0,425,15
P029,slow_moving,32,A321,BASE_HYD,01-06-2021,0,0,5,5,0,470,45
P029,slow_moving,32,A321,BASE_HYD,01-07-2021,1,1,5,4,0,480,30
P029,slow_moving,32,A321,BASE_HYD,01-08-2021,0,0,4,4,0,473,30
P029,slow_moving,32,A321,BASE_HYD,01-09-2021,3,3,4,1,0,430,15
P029,slow_moving,32,A321,BASE_HYD,01-10-2021,0,0,8,8,0,419,60
P029,slow_moving,32,A321,BASE_HYD,01-11-2021,1,1,8,7,0,422,60
P029,slow_moving,32,A321,BASE_HYD,01-12-2021,0,0,7,7,0,478,30
P029,slow_moving,32,A321,BASE_HYD,01-01-2022,0,0,7,7,0,415,45
P029,slow_moving,32,A321,BASE_HYD,01-02-2022,5,5,7,2,0,422,60
P029,slow_moving,32,A321,BASE_HYD,01-03-2022,0,0,2,2,0,419,60
P029,slow_moving,32,A321,BASE_HYD,01-04-2022,0,0,10,10,0,424,45
P029,slow_moving,32,A321,BASE_HYD,01-05-2022,3,3,10,7,0,413,30
P029,slow_moving,32,A321,BASE_HYD,01-06-2022,2,2,7,5,0,478,60
P029,slow_moving,32,A321,BASE_HYD,01-07-2022,4,4,5,1,0,482,30
P029,slow_moving,32,A321,BASE_HYD,01-08-2022,2,2,8,6,0,483,15
P029,slow_moving,32,A321,BASE_HYD,01-09-2022,0,0,6,6,0,419,45
P029,slow_moving,32,A321,BASE_HYD,01-10-2022,3,3,6,3,0,411,45
P029,slow_moving,32,A321,BASE_HYD,01-11-2022,0,0,3,3,0,413,15
P029,slow_moving,32,A321,BASE_HYD,01-12-2022,1,1,15,14,0,481,45
P029,slow_moving,32,A321,BASE_HYD,01-01-2023,0,0,14,14,0,409,30
P029,slow_moving,32,A321,BASE_HYD,01-02-2023,0,0,14,14,0,412,60
P029,slow_moving,32,A321,BASE_HYD,01-03-2023,2,2,14,12,0,416,60
P029,slow_moving,32,A321,BASE_HYD,01-04-2023,0,0,12,12,0,412,15
P029,slow_moving,32,A321,BASE_HYD,01-05-2023,5,5,12,7,0,417,45
P029,slow_moving,32,A321,BASE_HYD,01-06-2023,0,0,7,7,0,478,45
P029,slow_moving,32,A321,BASE_HYD,01-07-2023,5,5,7,2,0,474,30
P029,slow_moving,32,A321,BASE_HYD,01-08-2023,3,3,11,8,0,474,15
P029,slow_moving,32,A321,BASE_HYD,01-09-2023,2,2,8,6,0,421,30
P029,slow_moving,32,A321,BASE_HYD,01-10-2023,0,0,6,6,0,417,15
P029,slow_moving,32,A321,BASE_HYD,01-11-2023,2,2,6,4,0,417,45
P029,slow_moving,32,A321,BASE_HYD,01-12-2023,0,0,4,4,0,478,45
P029,slow_moving,32,A321,LINE_DEL,01-01-2018,4,4,24,20,0,415,15
P029,slow_moving,32,A321,LINE_DEL,01-02-2018,4,4,20,16,0,426,45
P029,slow_moving,32,A321,LINE_DEL,01-03-2018,0,0,16,16,0,426,45
P029,slow_moving,32,A321,LINE_DEL,01-04-2018,0,0,16,16,0,422,45
P029,slow_moving,32,A321,LINE_DEL,01-05-2018,6,6,16,10,0,425,60
P029,slow_moving,32,A321,LINE_DEL,01-06-2018,0,0,10,10,0,490,45
P029,slow_moving,32,A321,LINE_DEL,01-07-2018,2,2,10,8,0,486,60
P029,slow_moving,32,A321,LINE_DEL,01-08-2018,3,3,8,5,0,485,45
P029,slow_moving,32,A321,LINE_DEL,01-09-2018,0,0,5,5,0,416,30
P029,slow_moving,32,A321,LINE_DEL,01-10-2018,1,1,5,4,0,421,60
P029,slow_moving,32,A321,LINE_DEL,01-11-2018,3,3,4,1,0,418,45
P029,slow_moving,32,A321,LINE_DEL,01-12-2018,3,1,1,0,1,480,15
P029,slow_moving,32,A321,LINE_DEL,01-01-2019,3,3,11,8,0,418,45
P029,slow_moving,32,A321,LINE_DEL,01-02-2019,3,3,8,5,0,412,15
P029,slow_moving,32,A321,LINE_DEL,01-03-2019,0,0,5,5,0,425,30
P029,slow_moving,32,A321,LINE_DEL,01-04-2019,3,3,5,2,0,422,45
P029,slow_moving,32,A321,LINE_DEL,01-05-2019,2,2,2,0,0,426,15
P029,slow_moving,32,A321,LINE_DEL,01-06-2019,0,0,12,12,0,488,60
P029,slow_moving,32,A321,LINE_DEL,01-07-2019,3,3,12,9,0,486,45
P029,slow_moving,32,A321,LINE_DEL,01-08-2019,2,2,9,7,0,488,45
P029,slow_moving,32,A321,LINE_DEL,01-09-2019,0,0,7,7,0,421,60
P029,slow_moving,32,A321,LINE_DEL,01-10-2019,5,5,7,2,0,426,30
P029,slow_moving,32,A321,LINE_DEL,01-11-2019,2,2,9,7,0,419,15
P029,slow_moving,32,A321,LINE_DEL,01-12-2019,1,1,7,6,0,484,30
P029,slow_moving,32,A321,LINE_DEL,01-01-2020,0,0,6,6,0,418,60
P029,slow_moving,32,A321,LINE_DEL,01-02-2020,6,6,6,0,0,428,15
P029,slow_moving,32,A321,LINE_DEL,01-03-2020,0,0,7,7,0,417,15
P029,slow_moving,32,A321,LINE_DEL,01-04-2020,3,3,7,4,0,425,45
P029,slow_moving,32,A321,LINE_DEL,01-05-2020,0,0,4,4,0,414,30
P029,slow_moving,32,A321,LINE_DEL,01-06-2020,4,4,4,0,0,483,30
P029,slow_moving,32,A321,LINE_DEL,01-07-2020,3,3,10,7,0,482,30
P029,slow_moving,32,A321,LINE_DEL,01-08-2020,1,1,7,6,0,477,15
P029,slow_moving,32,A321,LINE_DEL,01-09-2020,0,0,6,6,0,417,30
P029,slow_moving,32,A321,LINE_DEL,01-10-2020,2,2,6,4,0,422,45
P029,slow_moving,32,A321,LINE_DEL,01-11-2020,4,4,4,0,0,418,45
P029,slow_moving,32,A321,LINE_DEL,01-12-2020,3,0,0,0,1,478,15
P029,slow_moving,32,A321,LINE_DEL,01-01-2021,3,3,12,9,0,422,15
P029,slow_moving,32,A321,LINE_DEL,01-02-2021,5,5,9,4,0,418,15
P029,slow_moving,32,A321,LINE_DEL,01-03-2021,2,2,4,2,0,420,15
P029,slow_moving,32,A321,LINE_DEL,01-04-2021,0,0,12,12,0,423,45
P029,slow_moving,32,A321,LINE_DEL,01-05-2021,0,0,12,12,0,425,45
P029,slow_moving,32,A321,LINE_DEL,01-06-2021,3,3,12,9,0,470,15
P029,slow_moving,32,A321,LINE_DEL,01-07-2021,0,0,9,9,0,480,45
P029,slow_moving,32,A321,LINE_DEL,01-08-2021,2,2,9,7,0,473,15
P029,slow_moving,32,A321,LINE_DEL,01-09-2021,0,0,7,7,0,430,60
P029,slow_moving,32,A321,LINE_DEL,01-10-2021,0,0,7,7,0,419,30
P029,slow_moving,32,A321,LINE_DEL,01-11-2021,0,0,7,7,0,422,15
P029,slow_moving,32,A321,LINE_DEL,01-12-2021,2,2,7,5,0,478,15
P029,slow_moving,32,A321,LINE_DEL,01-01-2022,0,0,5,5,0,415,45
P029,slow_moving,32,A321,LINE_DEL,01-02-2022,7,5,5,0,1,422,45
P029,slow_moving,32,A321,LINE_DEL,01-03-2022,2,0,0,0,1,419,30
P029,slow_moving,32,A321,LINE_DEL,01-04-2022,0,0,9,9,0,424,15
P029,slow_moving,32,A321,LINE_DEL,01-05-2022,2,2,9,7,0,413,15
P029,slow_moving,32,A321,LINE_DEL,01-06-2022,2,2,7,5,0,478,60
P029,slow_moving,32,A321,LINE_DEL,01-07-2022,3,3,5,2,0,482,45
P029,slow_moving,32,A321,LINE_DEL,01-08-2022,0,0,2,2,0,483,15
P029,slow_moving,32,A321,LINE_DEL,01-09-2022,2,2,9,7,0,419,45
P029,slow_moving,32,A321,LINE_DEL,01-10-2022,6,6,7,1,0,411,30
P029,slow_moving,32,A321,LINE_DEL,01-11-2022,2,2,9,7,0,413,30
P029,slow_moving,32,A321,LINE_DEL,01-12-2022,3,3,7,4,0,481,30
P029,slow_moving,32,A321,LINE_DEL,01-01-2023,3,3,4,1,0,409,45
P029,slow_moving,32,A321,LINE_DEL,01-02-2023,2,1,1,0,1,412,30
P029,slow_moving,32,A321,LINE_DEL,01-03-2023,6,6,11,5,0,416,45
P029,slow_moving,32,A321,LINE_DEL,01-04-2023,6,5,5,0,1,412,45
P029,slow_moving,32,A321,LINE_DEL,01-05-2023,2,0,0,0,1,417,60
P029,slow_moving,32,A321,LINE_DEL,01-06-2023,5,5,11,6,0,478,15
P029,slow_moving,32,A321,LINE_DEL,01-07-2023,3,3,6,3,0,474,45
P029,slow_moving,32,A321,LINE_DEL,01-08-2023,6,3,3,0,1,474,30
P029,slow_moving,32,A321,LINE_DEL,01-09-2023,2,2,7,5,0,421,45
P029,slow_moving,32,A321,LINE_DEL,01-10-2023,0,0,5,5,0,417,60
P029,slow_moving,32,A321,LINE_DEL,01-11-2023,0,0,5,5,0,417,15
P029,slow_moving,32,A321,LINE_DEL,01-12-2023,2,2,5,3,0,478,45
P029,slow_moving,32,A321,MRO_BLR,01-01-2018,4,4,17,13,0,415,30
P029,slow_moving,32,A321,MRO_BLR,01-02-2018,5,5,13,8,0,426,60
P029,slow_moving,32,A321,MRO_BLR,01-03-2018,1,1,8,7,0,426,45
P029,slow_moving,32,A321,MRO_BLR,01-04-2018,3,3,7,4,0,422,45
P029,slow_moving,32,A321,MRO_BLR,01-05-2018,0,0,4,4,0,425,60
P029,slow_moving,32,A321,MRO_BLR,01-06-2018,0,0,4,4,0,490,60
P029,slow_moving,32,A321,MRO_BLR,01-07-2018,1,1,4,3,0,486,45
P029,slow_moving,32,A321,MRO_BLR,01-08-2018,0,0,3,3,0,485,45
P029,slow_moving,32,A321,MRO_BLR,01-09-2018,0,0,12,12,0,416,60
P029,slow_moving,32,A321,MRO_BLR,01-10-2018,5,5,12,7,0,421,30
P029,slow_moving,32,A321,MRO_BLR,01-11-2018,3,3,7,4,0,418,60
P029,slow_moving,32,A321,MRO_BLR,01-12-2018,4,4,4,0,0,480,30
P029,slow_moving,32,A321,MRO_BLR,01-01-2019,0,0,11,11,0,418,15
P029,slow_moving,32,A321,MRO_BLR,01-02-2019,2,2,11,9,0,412,60
P029,slow_moving,32,A321,MRO_BLR,01-03-2019,4,4,9,5,0,425,45
P029,slow_moving,32,A321,MRO_BLR,01-04-2019,2,2,5,3,0,422,60
P029,slow_moving,32,A321,MRO_BLR,01-05-2019,0,0,3,3,0,426,30
P029,slow_moving,32,A321,MRO_BLR,01-06-2019,1,1,14,13,0,488,15
P029,slow_moving,32,A321,MRO_BLR,01-07-2019,3,3,13,10,0,486,60
P029,slow_moving,32,A321,MRO_BLR,01-08-2019,0,0,10,10,0,488,45
P029,slow_moving,32,A321,MRO_BLR,01-09-2019,4,4,10,6,0,421,15
P029,slow_moving,32,A321,MRO_BLR,01-10-2019,2,2,6,4,0,426,30
P029,slow_moving,32,A321,MRO_BLR,01-11-2019,1,1,4,3,0,419,15
P029,slow_moving,32,A321,MRO_BLR,01-12-2019,3,3,15,12,0,484,45
P029,slow_moving,32,A321,MRO_BLR,01-01-2020,3,3,12,9,0,418,30
P029,slow_moving,32,A321,MRO_BLR,01-02-2020,3,3,9,6,0,428,15
P029,slow_moving,32,A321,MRO_BLR,01-03-2020,0,0,6,6,0,417,60
P029,slow_moving,32,A321,MRO_BLR,01-04-2020,0,0,6,6,0,425,45
P029,slow_moving,32,A321,MRO_BLR,01-05-2020,0,0,6,6,0,414,45
P029,slow_moving,32,A321,MRO_BLR,01-06-2020,0,0,6,6,0,483,15
P029,slow_moving,32,A321,MRO_BLR,01-07-2020,1,1,6,5,0,482,60
P029,slow_moving,32,A321,MRO_BLR,01-08-2020,2,2,5,3,0,477,30
P029,slow_moving,32,A321,MRO_BLR,01-09-2020,4,4,14,10,0,417,15
P029,slow_moving,32,A321,MRO_BLR,01-10-2020,3,3,10,7,0,422,45
P029,slow_moving,32,A321,MRO_BLR,01-11-2020,2,2,7,5,0,418,15
P029,slow_moving,32,A321,MRO_BLR,01-12-2020,0,0,5,5,0,478,30
P029,slow_moving,32,A321,MRO_BLR,01-01-2021,1,1,5,4,0,422,15
P029,slow_moving,32,A321,MRO_BLR,01-02-2021,0,0,4,4,0,418,30
P029,slow_moving,32,A321,MRO_BLR,01-03-2021,6,4,4,0,1,420,60
P029,slow_moving,32,A321,MRO_BLR,01-04-2021,2,0,0,0,1,423,30
P029,slow_moving,32,A321,MRO_BLR,01-05-2021,0,0,7,7,0,425,60
P029,slow_moving,32,A321,MRO_BLR,01-06-2021,4,4,7,3,0,470,60
P029,slow_moving,32,A321,MRO_BLR,01-07-2021,0,0,3,3,0,480,45
P029,slow_moving,32,A321,MRO_BLR,01-08-2021,0,0,13,13,0,473,45
P029,slow_moving,32,A321,MRO_BLR,01-09-2021,0,0,13,13,0,430,30
P029,slow_moving,32,A321,MRO_BLR,01-10-2021,0,0,13,13,0,419,15
P029,slow_moving,32,A321,MRO_BLR,01-11-2021,0,0,13,13,0,422,60
P029,slow_moving,32,A321,MRO_BLR,01-12-2021,0,0,13,13,0,478,30
P029,slow_moving,32,A321,MRO_BLR,01-01-2022,0,0,13,13,0,415,60
P029,slow_moving,32,A321,MRO_BLR,01-02-2022,0,0,13,13,0,422,15
P029,slow_moving,32,A321,MRO_BLR,01-03-2022,3,3,13,10,0,419,15
P029,slow_moving,32,A321,MRO_BLR,01-04-2022,0,0,10,10,0,424,15
P029,slow_moving,32,A321,MRO_BLR,01-05-2022,0,0,10,10,0,413,45
P029,slow_moving,32,A321,MRO_BLR,01-06-2022,4,4,10,6,0,478,45
P029,slow_moving,32,A321,MRO_BLR,01-07-2022,2,2,6,4,0,482,45
P029,slow_moving,32,A321,MRO_BLR,01-08-2022,5,4,4,0,1,483,15
P029,slow_moving,32,A321,MRO_BLR,01-09-2022,0,0,9,9,0,419,45
P029,slow_moving,32,A321,MRO_BLR,01-10-2022,1,1,9,8,0,411,45
P029,slow_moving,32,A321,MRO_BLR,01-11-2022,0,0,8,8,0,413,30
P029,slow_moving,32,A321,MRO_BLR,01-12-2022,1,1,8,7,0,481,30
P029,slow_moving,32,A321,MRO_BLR,01-01-2023,1,1,7,6,0,409,30
P029,slow_moving,32,A321,MRO_BLR,01-02-2023,1,1,6,5,0,412,30
P029,slow_moving,32,A321,MRO_BLR,01-03-2023,4,4,5,1,0,416,45
P029,slow_moving,32,A321,MRO_BLR,01-04-2023,0,0,1,1,0,412,45
P029,slow_moving,32,A321,MRO_BLR,01-05-2023,0,0,8,8,0,417,15
P029,slow_moving,32,A321,MRO_BLR,01-06-2023,4,4,8,4,0,478,30
P029,slow_moving,32,A321,MRO_BLR,01-07-2023,0,0,4,4,0,474,30
P029,slow_moving,32,A321,MRO_BLR,01-08-2023,1,1,4,3,0,474,60
P029,slow_moving,32,A321,MRO_BLR,01-09-2023,0,0,3,3,0,421,30
P029,slow_moving,32,A321,MRO_BLR,01-10-2023,7,7,13,6,0,417,30
P029,slow_moving,32,A321,MRO_BLR,01-11-2023,0,0,6,6,0,417,45
P029,slow_moving,32,A321,MRO_BLR,01-12-2023,4,4,6,2,0,478,60
P030,slow_moving,32,A320,BASE_HYD,01-01-2018,3,3,29,26,0,662,60
P030,slow_moving,32,A320,BASE_HYD,01-02-2018,2,2,26,24,0,654,30
P030,slow_moving,32,A320,BASE_HYD,01-03-2018,0,0,24,24,0,662,60
P030,slow_moving,32,A320,BASE_HYD,01-04-2018,3,3,24,21,0,659,45
P030,slow_moving,32,A320,BASE_HYD,01-05-2018,2,2,21,19,0,664,60
P030,slow_moving,32,A320,BASE_HYD,01-06-2018,1,1,19,18,0,768,30
P030,slow_moving,32,A320,BASE_HYD,01-07-2018,0,0,18,18,0,761,60
P030,slow_moving,32,A320,BASE_HYD,01-08-2018,1,1,18,17,0,769,30
P030,slow_moving,32,A320,BASE_HYD,01-09-2018,0,0,17,17,0,663,60
P030,slow_moving,32,A320,BASE_HYD,01-10-2018,3,3,17,14,0,663,15
P030,slow_moving,32,A320,BASE_HYD,01-11-2018,0,0,14,14,0,663,15
P030,slow_moving,32,A320,BASE_HYD,01-12-2018,0,0,14,14,0,763,60
P030,slow_moving,32,A320,BASE_HYD,01-01-2019,4,4,14,10,0,654,30
P030,slow_moving,32,A320,BASE_HYD,01-02-2019,0,0,10,10,0,651,45
P030,slow_moving,32,A320,BASE_HYD,01-03-2019,2,2,10,8,0,670,30
P030,slow_moving,32,A320,BASE_HYD,01-04-2019,0,0,8,8,0,664,60
P030,slow_moving,32,A320,BASE_HYD,01-05-2019,3,3,8,5,0,659,15
P030,slow_moving,32,A320,BASE_HYD,01-06-2019,3,3,5,2,0,771,30
P030,slow_moving,32,A320,BASE_HYD,01-07-2019,3,3,14,11,0,784,60
P030,slow_moving,32,A320,BASE_HYD,01-08-2019,0,0,11,11,0,751,15
P030,slow_moving,32,A320,BASE_HYD,01-09-2019,1,1,11,10,0,663,30
P030,slow_moving,32,A320,BASE_HYD,01-10-2019,1,1,10,9,0,667,30
P030,slow_moving,32,A320,BASE_HYD,01-11-2019,0,0,9,9,0,652,45
P030,slow_moving,32,A320,BASE_HYD,01-12-2019,5,5,9,4,0,751,45
P030,slow_moving,32,A320,BASE_HYD,01-01-2020,0,0,4,4,0,667,15
P030,slow_moving,32,A320,BASE_HYD,01-02-2020,0,0,4,4,0,661,60
P030,slow_moving,32,A320,BASE_HYD,01-03-2020,0,0,4,4,0,656,15
P030,slow_moving,32,A320,BASE_HYD,01-04-2020,4,4,4,0,0,650,30
P030,slow_moving,32,A320,BASE_HYD,01-05-2020,3,3,11,8,0,663,60
P030,slow_moving,32,A320,BASE_HYD,01-06-2020,0,0,8,8,0,750,60
P030,slow_moving,32,A320,BASE_HYD,01-07-2020,0,0,8,8,0,752,30
P030,slow_moving,32,A320,BASE_HYD,01-08-2020,6,6,8,2,0,753,45
P030,slow_moving,32,A320,BASE_HYD,01-09-2020,0,0,2,2,0,659,30
P030,slow_moving,32,A320,BASE_HYD,01-10-2020,0,0,9,9,0,654,30
P030,slow_moving,32,A320,BASE_HYD,01-11-2020,3,3,9,6,0,655,15
P030,slow_moving,32,A320,BASE_HYD,01-12-2020,0,0,6,6,0,767,60
P030,slow_moving,32,A320,BASE_HYD,01-01-2021,0,0,6,6,0,660,60
P030,slow_moving,32,A320,BASE_HYD,01-02-2021,0,0,6,6,0,659,15
P030,slow_moving,32,A320,BASE_HYD,01-03-2021,4,4,6,2,0,662,30
P030,slow_moving,32,A320,BASE_HYD,01-04-2021,6,6,9,3,0,652,60
P030,slow_moving,32,A320,BASE_HYD,01-05-2021,4,3,3,0,1,661,45
P030,slow_moving,32,A320,BASE_HYD,01-06-2021,2,2,8,6,0,761,45
P030,slow_moving,32,A320,BASE_HYD,01-07-2021,0,0,6,6,0,750,15
P030,slow_moving,32,A320,BASE_HYD,01-08-2021,0,0,6,6,0,762,30
P030,slow_moving,32,A320,BASE_HYD,01-09-2021,3,3,6,3,0,661,15
P030,slow_moving,32,A320,BASE_HYD,01-10-2021,0,0,10,10,0,661,60
P030,slow_moving,32,A320,BASE_HYD,01-11-2021,0,0,10,10,0,670,30
P030,slow_moving,32,A320,BASE_HYD,01-12-2021,1,1,10,9,0,759,30
P030,slow_moving,32,A320,BASE_HYD,01-01-2022,0,0,9,9,0,651,45
P030,slow_moving,32,A320,BASE_HYD,01-02-2022,2,2,9,7,0,658,60
P030,slow_moving,32,A320,BASE_HYD,01-03-2022,1,1,7,6,0,657,30
P030,slow_moving,32,A320,BASE_HYD,01-04-2022,0,0,6,6,0,650,60
P030,slow_moving,32,A320,BASE_HYD,01-05-2022,5,5,6,1,0,644,45
P030,slow_moving,32,A320,BASE_HYD,01-06-2022,0,0,1,1,0,755,60
P030,slow_moving,32,A320,BASE_HYD,01-07-2022,1,1,8,7,0,763,30
P030,slow_moving,32,A320,BASE_HYD,01-08-2022,3,3,7,4,0,763,45
P030,slow_moving,32,A320,BASE_HYD,01-09-2022,0,0,4,4,0,659,60
P030,slow_moving,32,A320,BASE_HYD,01-10-2022,1,1,4,3,0,667,60
P030,slow_moving,32,A320,BASE_HYD,01-11-2022,5,3,3,0,1,658,30
P030,slow_moving,32,A320,BASE_HYD,01-12-2022,0,0,10,10,0,754,45
P030,slow_moving,32,A320,BASE_HYD,01-01-2023,3,3,10,7,0,656,45
P030,slow_moving,32,A320,BASE_HYD,01-02-2023,1,1,7,6,0,650,45
P030,slow_moving,32,A320,BASE_HYD,01-03-2023,1,1,6,5,0,647,30
P030,slow_moving,32,A320,BASE_HYD,01-04-2023,0,0,5,5,0,649,45
P030,slow_moving,32,A320,BASE_HYD,01-05-2023,3,3,5,2,0,652,30
P030,slow_moving,32,A320,BASE_HYD,01-06-2023,3,3,14,11,0,760,15
P030,slow_moving,32,A320,BASE_HYD,01-07-2023,4,4,11,7,0,742,45
P030,slow_moving,32,A320,BASE_HYD,01-08-2023,0,0,7,7,0,746,45
P030,slow_moving,32,A320,BASE_HYD,01-09-2023,1,1,7,6,0,660,45
P030,slow_moving,32,A320,BASE_HYD,01-10-2023,2,2,6,4,0,653,45
P030,slow_moving,32,A320,BASE_HYD,01-11-2023,4,4,4,0,0,654,15
P030,slow_moving,32,A320,BASE_HYD,01-12-2023,6,6,10,4,0,750,30
P030,slow_moving,32,A320,LINE_DEL,01-01-2018,0,0,18,18,0,662,30
P030,slow_moving,32,A320,LINE_DEL,01-02-2018,3,3,18,15,0,654,30
P030,slow_moving,32,A320,LINE_DEL,01-03-2018,0,0,15,15,0,662,15
P030,slow_moving,32,A320,LINE_DEL,01-04-2018,0,0,15,15,0,659,15
P030,slow_moving,32,A320,LINE_DEL,01-05-2018,2,2,15,13,0,664,30
P030,slow_moving,32,A320,LINE_DEL,01-06-2018,3,3,13,10,0,768,15
P030,slow_moving,32,A320,LINE_DEL,01-07-2018,0,0,10,10,0,761,60
P030,slow_moving,32,A320,LINE_DEL,01-08-2018,5,5,10,5,0,769,15
P030,slow_moving,32,A320,LINE_DEL,01-09-2018,0,0,5,5,0,663,15
P030,slow_moving,32,A320,LINE_DEL,01-10-2018,0,0,5,5,0,663,60
P030,slow_moving,32,A320,LINE_DEL,01-11-2018,2,2,5,3,0,663,30
P030,slow_moving,32,A320,LINE_DEL,01-12-2018,1,1,12,11,0,763,30
P030,slow_moving,32,A320,LINE_DEL,01-01-2019,3,3,11,8,0,654,15
P030,slow_moving,32,A320,LINE_DEL,01-02-2019,3,3,8,5,0,651,45
P030,slow_moving,32,A320,LINE_DEL,01-03-2019,0,0,5,5,0,670,45
P030,slow_moving,32,A320,LINE_DEL,01-04-2019,0,0,5,5,0,664,30
P030,slow_moving,32,A320,LINE_DEL,01-05-2019,4,4,5,1,0,659,15
P030,slow_moving,32,A320,LINE_DEL,01-06-2019,0,0,8,8,0,771,45
P030,slow_moving,32,A320,LINE_DEL,01-07-2019,0,0,8,8,0,784,15
P030,slow_moving,32,A320,LINE_DEL,01-08-2019,4,4,8,4,0,751,60
P030,slow_moving,32,A320,LINE_DEL,01-09-2019,0,0,4,4,0,663,45
P030,slow_moving,32,A320,LINE_DEL,01-10-2019,0,0,4,4,0,667,15
P030,slow_moving,32,A320,LINE_DEL,01-11-2019,0,0,4,4,0,652,60
P030,slow_moving,32,A320,LINE_DEL,01-12-2019,0,0,4,4,0,751,30
P030,slow_moving,32,A320,LINE_DEL,01-01-2020,0,0,4,4,0,667,30
P030,slow_moving,32,A320,LINE_DEL,01-02-2020,0,0,4,4,0,661,45
P030,slow_moving,32,A320,LINE_DEL,01-03-2020,2,2,4,2,0,656,15
P030,slow_moving,32,A320,LINE_DEL,01-04-2020,0,0,12,12,0,650,30
P030,slow_moving,32,A320,LINE_DEL,01-05-2020,3,3,12,9,0,663,60
P030,slow_moving,32,A320,LINE_DEL,01-06-2020,0,0,9,9,0,750,30
P030,slow_moving,32,A320,LINE_DEL,01-07-2020,6,6,9,3,0,752,45
P030,slow_moving,32,A320,LINE_DEL,01-08-2020,0,0,3,3,0,753,15
P030,slow_moving,32,A320,LINE_DEL,01-09-2020,4,4,12,8,0,659,30
P030,slow_moving,32,A320,LINE_DEL,01-10-2020,2,2,8,6,0,654,60
P030,slow_moving,32,A320,LINE_DEL,01-11-2020,2,2,6,4,0,655,45
P030,slow_moving,32,A320,LINE_DEL,01-12-2020,7,4,4,0,1,767,15
P030,slow_moving,32,A320,LINE_DEL,01-01-2021,0,0,7,7,0,660,15
P030,slow_moving,32,A320,LINE_DEL,01-02-2021,1,1,7,6,0,659,60
P030,slow_moving,32,A320,LINE_DEL,01-03-2021,2,2,6,4,0,662,60
P030,slow_moving,32,A320,LINE_DEL,01-04-2021,1,1,4,3,0,652,45
P030,slow_moving,32,A320,LINE_DEL,01-05-2021,0,0,3,3,0,661,45
P030,slow_moving,32,A320,LINE_DEL,01-06-2021,0,0,13,13,0,761,30
P030,slow_moving,32,A320,LINE_DEL,01-07-2021,2,2,13,11,0,750,60
P030,slow_moving,32,A320,LINE_DEL,01-08-2021,0,0,11,11,0,762,30
P030,slow_moving,32,A320,LINE_DEL,01-09-2021,1,1,11,10,0,661,45
P030,slow_moving,32,A320,LINE_DEL,01-10-2021,2,2,10,8,0,661,15
P030,slow_moving,32,A320,LINE_DEL,01-11-2021,2,2,8,6,0,670,45
P030,slow_moving,32,A320,LINE_DEL,01-12-2021,3,3,6,3,0,759,45
P030,slow_moving,32,A320,LINE_DEL,01-01-2022,1,1,3,2,0,651,60
P030,slow_moving,32,A320,LINE_DEL,01-02-2022,0,0,9,9,0,658,15
P030,slow_moving,32,A320,LINE_DEL,01-03-2022,2,2,9,7,0,657,45
P030,slow_moving,32,A320,LINE_DEL,01-04-2022,2,2,7,5,0,650,30
P030,slow_moving,32,A320,LINE_DEL,01-05-2022,1,1,5,4,0,644,60
P030,slow_moving,32,A320,LINE_DEL,01-06-2022,0,0,4,4,0,755,30
P030,slow_moving,32,A320,LINE_DEL,01-07-2022,3,3,4,1,0,763,45
P030,slow_moving,32,A320,LINE_DEL,01-08-2022,1,1,1,0,0,763,15
P030,slow_moving,32,A320,LINE_DEL,01-09-2022,2,2,11,9,0,659,15
P030,slow_moving,32,A320,LINE_DEL,01-10-2022,0,0,9,9,0,667,30
P030,slow_moving,32,A320,LINE_DEL,01-11-2022,0,0,9,9,0,658,30
P030,slow_moving,32,A320,LINE_DEL,01-12-2022,0,0,9,9,0,754,15
P030,slow_moving,32,A320,LINE_DEL,01-01-2023,0,0,9,9,0,656,45
P030,slow_moving,32,A320,LINE_DEL,01-02-2023,7,7,9,2,0,650,15
P030,slow_moving,32,A320,LINE_DEL,01-03-2023,2,2,13,11,0,647,15
P030,slow_moving,32,A320,LINE_DEL,01-04-2023,0,0,11,11,0,649,45
P030,slow_moving,32,A320,LINE_DEL,01-05-2023,2,2,11,9,0,652,60
P030,slow_moving,32,A320,LINE_DEL,01-06-2023,3,3,9,6,0,760,30
P030,slow_moving,32,A320,LINE_DEL,01-07-2023,0,0,6,6,0,742,15
P030,slow_moving,32,A320,LINE_DEL,01-08-2023,4,4,6,2,0,746,15
P030,slow_moving,32,A320,LINE_DEL,01-09-2023,2,2,11,9,0,660,30
P030,slow_moving,32,A320,LINE_DEL,01-10-2023,1,1,9,8,0,653,60
P030,slow_moving,32,A320,LINE_DEL,01-11-2023,0,0,8,8,0,654,60
P030,slow_moving,32,A320,LINE_DEL,01-12-2023,3,3,8,5,0,750,45
P030,slow_moving,32,A320,MRO_BLR,01-01-2018,0,0,17,17,0,662,15
P030,slow_moving,32,A320,MRO_BLR,01-02-2018,2,2,17,15,0,654,30
P030,slow_moving,32,A320,MRO_BLR,01-03-2018,2,2,15,13,0,662,60
P030,slow_moving,32,A320,MRO_BLR,01-04-2018,3,3,13,10,0,659,30
P030,slow_moving,32,A320,MRO_BLR,01-05-2018,3,3,10,7,0,664,15
P030,slow_moving,32,A320,MRO_BLR,01-06-2018,0,0,7,7,0,768,60
P030,slow_moving,32,A320,MRO_BLR,01-07-2018,0,0,7,7,0,761,60
P030,slow_moving,32,A320,MRO_BLR,01-08-2018,0,0,7,7,0,769,60
P030,slow_moving,32,A320,MRO_BLR,01-09-2018,0,0,7,7,0,663,15
P030,slow_moving,32,A320,MRO_BLR,01-10-2018,2,2,7,5,0,663,15
P030,slow_moving,32,A320,MRO_BLR,01-11-2018,1,1,5,4,0,663,15
P030,slow_moving,32,A320,MRO_BLR,01-12-2018,1,1,4,3,0,763,45
P030,slow_moving,32,A320,MRO_BLR,01-01-2019,0,0,3,3,0,654,15
P030,slow_moving,32,A320,MRO_BLR,01-02-2019,0,0,11,11,0,651,45
P030,slow_moving,32,A320,MRO_BLR,01-03-2019,6,6,11,5,0,670,45
P030,slow_moving,32,A320,MRO_BLR,01-04-2019,0,0,5,5,0,664,45
P030,slow_moving,32,A320,MRO_BLR,01-05-2019,4,4,5,1,0,659,15
P030,slow_moving,32,A320,MRO_BLR,01-06-2019,8,8,13,5,0,771,30
P030,slow_moving,32,A320,MRO_BLR,01-07-2019,1,1,5,4,0,784,45
P030,slow_moving,32,A320,MRO_BLR,01-08-2019,4,4,4,0,0,751,15
P030,slow_moving,32,A320,MRO_BLR,01-09-2019,2,2,10,8,0,663,60
P030,slow_moving,32,A320,MRO_BLR,01-10-2019,3,3,8,5,0,667,45
P030,slow_moving,32,A320,MRO_BLR,01-11-2019,0,0,5,5,0,652,30
P030,slow_moving,32,A320,MRO_BLR,01-12-2019,0,0,5,5,0,751,30
P030,slow_moving,32,A320,MRO_BLR,01-01-2020,0,0,5,5,0,667,30
P030,slow_moving,32,A320,MRO_BLR,01-02-2020,3,3,5,2,0,661,45
P030,slow_moving,32,A320,MRO_BLR,01-03-2020,0,0,2,2,0,656,60
P030,slow_moving,32,A320,MRO_BLR,01-04-2020,0,0,12,12,0,650,15
P030,slow_moving,32,A320,MRO_BLR,01-05-2020,1,1,12,11,0,663,60
P030,slow_moving,32,A320,MRO_BLR,01-06-2020,1,1,11,10,0,750,30
P030,slow_moving,32,A320,MRO_BLR,01-07-2020,0,0,10,10,0,752,15
P030,slow_moving,32,A320,MRO_BLR,01-08-2020,3,3,10,7,0,753,30
P030,slow_moving,32,A320,MRO_BLR,01-09-2020,3,3,7,4,0,659,30
P030,slow_moving,32,A320,MRO_BLR,01-10-2020,2,2,4,2,0,654,45
P030,slow_moving,32,A320,MRO_BLR,01-11-2020,3,2,2,0,1,655,15
P030,slow_moving,32,A320,MRO_BLR,01-12-2020,3,3,10,7,0,767,45
P030,slow_moving,32,A320,MRO_BLR,01-01-2021,0,0,7,7,0,660,15
P030,slow_moving,32,A320,MRO_BLR,01-02-2021,2,2,7,5,0,659,30
P030,slow_moving,32,A320,MRO_BLR,01-03-2021,5,5,5,0,0,662,60
P030,slow_moving,32,A320,MRO_BLR,01-04-2021,0,0,0,0,0,652,30
P030,slow_moving,32,A320,MRO_BLR,01-05-2021,0,0,12,12,0,661,30
P030,slow_moving,32,A320,MRO_BLR,01-06-2021,1,1,12,11,0,761,30
P030,slow_moving,32,A320,MRO_BLR,01-07-2021,5,5,11,6,0,750,30
P030,slow_moving,32,A320,MRO_BLR,01-08-2021,4,4,6,2,0,762,15
P030,slow_moving,32,A320,MRO_BLR,01-09-2021,3,3,13,10,0,661,45
P030,slow_moving,32,A320,MRO_BLR,01-10-2021,1,1,10,9,0,661,45
P030,slow_moving,32,A320,MRO_BLR,01-11-2021,0,0,9,9,0,670,60
P030,slow_moving,32,A320,MRO_BLR,01-12-2021,1,1,9,8,0,759,60
P030,slow_moving,32,A320,MRO_BLR,01-01-2022,1,1,8,7,0,651,60
P030,slow_moving,32,A320,MRO_BLR,01-02-2022,8,7,7,0,1,658,15
P030,slow_moving,32,A320,MRO_BLR,01-03-2022,2,2,11,9,0,657,15
P030,slow_moving,32,A320,MRO_BLR,01-04-2022,0,0,9,9,0,650,45
P030,slow_moving,32,A320,MRO_BLR,01-05-2022,1,1,9,8,0,644,60
P030,slow_moving,32,A320,MRO_BLR,01-06-2022,5,5,8,3,0,755,60
P030,slow_moving,32,A320,MRO_BLR,01-07-2022,0,0,3,3,0,763,60
P030,slow_moving,32,A320,MRO_BLR,01-08-2022,3,3,12,9,0,763,15
P030,slow_moving,32,A320,MRO_BLR,01-09-2022,0,0,9,9,0,659,60
P030,slow_moving,32,A320,MRO_BLR,01-10-2022,0,0,9,9,0,667,45
P030,slow_moving,32,A320,MRO_BLR,01-11-2022,3,3,9,6,0,658,60
P030,slow_moving,32,A320,MRO_BLR,01-12-2022,0,0,6,6,0,754,60
P030,slow_moving,32,A320,MRO_BLR,01-01-2023,2,2,6,4,0,656,60
P030,slow_moving,32,A320,MRO_BLR,01-02-2023,1,1,4,3,0,650,60
P030,slow_moving,32,A320,MRO_BLR,01-03-2023,0,0,3,3,0,647,60
P030,slow_moving,32,A320,MRO_BLR,01-04-2023,0,0,12,12,0,649,60
P030,slow_moving,32,A320,MRO_BLR,01-05-2023,3,3,12,9,0,652,15
P030,slow_moving,32,A320,MRO_BLR,01-06-2023,4,4,9,5,0,760,30
P030,slow_moving,32,A320,MRO_BLR,01-07-2023,3,3,5,2,0,742,60
P030,slow_moving,32,A320,MRO_BLR,01-08-2023,3,2,2,0,1,746,15
P030,slow_moving,32,A320,MRO_BLR,01-09-2023,0,0,10,10,0,660,45
P030,slow_moving,32,A320,MRO_BLR,01-10-2023,0,0,10,10,0,653,30
P030,slow_moving,32,A320,MRO_BLR,01-11-2023,5,5,10,5,0,654,15
P030,slow_moving,32,A320,MRO_BLR,01-12-2023,2,2,5,3,0,750,15
P031,slow_moving,32,A321,BASE_HYD,01-01-2018,3,3,20,17,0,655,15
P031,slow_moving,32,A321,BASE_HYD,01-02-2018,2,2,17,15,0,671,45
P031,slow_moving,32,A321,BASE_HYD,01-03-2018,3,3,15,12,0,681,60
P031,slow_moving,32,A321,BASE_HYD,01-04-2018,0,0,12,12,0,670,30
P031,slow_moving,32,A321,BASE_HYD,01-05-2018,5,5,12,7,0,668,15
P031,slow_moving,32,A321,BASE_HYD,01-06-2018,3,3,7,4,0,767,30
P031,slow_moving,32,A321,BASE_HYD,01-07-2018,3,3,4,1,0,763,45
P031,slow_moving,32,A321,BASE_HYD,01-08-2018,5,1,1,0,1,769,30
P031,slow_moving,32,A321,BASE_HYD,01-09-2018,4,4,9,5,0,660,30
P031,slow_moving,32,A321,BASE_HYD,01-10-2018,2,2,5,3,0,671,15
P031,slow_moving,32,A321,BASE_HYD,01-11-2018,3,3,10,7,0,676,15
P031,slow_moving,32,A321,BASE_HYD,01-12-2018,2,2,7,5,0,765,45
P031,slow_moving,32,A321,BASE_HYD,01-01-2019,7,5,5,0,1,669,60
P031,slow_moving,32,A321,BASE_HYD,01-02-2019,4,0,0,0,1,666,45
P031,slow_moving,32,A321,BASE_HYD,01-03-2019,0,0,12,12,0,669,60
P031,slow_moving,32,A321,BASE_HYD,01-04-2019,0,0,12,12,0,672,30
P031,slow_moving,32,A321,BASE_HYD,01-05-2019,2,2,12,10,0,669,45
P031,slow_moving,32,A321,BASE_HYD,01-06-2019,0,0,10,10,0,773,45
P031,slow_moving,32,A321,BASE_HYD,01-07-2019,3,3,10,7,0,770,30
P031,slow_moving,32,A321,BASE_HYD,01-08-2019,4,4,7,3,0,773,45
P031,slow_moving,32,A321,BASE_HYD,01-09-2019,4,3,3,0,1,668,30
P031,slow_moving,32,A321,BASE_HYD,01-10-2019,1,1,12,11,0,669,45
P031,slow_moving,32,A321,BASE_HYD,01-11-2019,1,1,11,10,0,671,15
P031,slow_moving,32,A321,BASE_HYD,01-12-2019,0,0,10,10,0,766,45
P031,slow_moving,32,A321,BASE_HYD,01-01-2020,0,0,10,10,0,667,45
P031,slow_moving,32,A321,BASE_HYD,01-02-2020,3,3,10,7,0,658,30
P031,slow_moving,32,A321,BASE_HYD,01-03-2020,0,0,7,7,0,652,60
P031,slow_moving,32,A321,BASE_HYD,01-04-2020,0,0,7,7,0,665,60
P031,slow_moving,32,A321,BASE_HYD,01-05-2020,0,0,7,7,0,659,60
P031,slow_moving,32,A321,BASE_HYD,01-06-2020,5,5,7,2,0,779,60
P031,slow_moving,32,A321,BASE_HYD,01-07-2020,0,0,2,2,0,758,45
P031,slow_moving,32,A321,BASE_HYD,01-08-2020,3,3,12,9,0,770,60
P031,slow_moving,32,A321,BASE_HYD,01-09-2020,3,3,9,6,0,660,30
P031,slow_moving,32,A321,BASE_HYD,01-10-2020,0,0,6,6,0,664,15
P031,slow_moving,32,A321,BASE_HYD,01-11-2020,6,6,6,0,0,657,30
P031,slow_moving,32,A321,BASE_HYD,01-12-2020,0,0,9,9,0,755,45
P031,slow_moving,32,A321,BASE_HYD,01-01-2021,0,0,9,9,0,664,15
P031,slow_moving,32,A321,BASE_HYD,01-02-2021,0,0,9,9,0,660,15
P031,slow_moving,32,A321,BASE_HYD,01-03-2021,1,1,9,8,0,667,60
P031,slow_moving,32,A321,BASE_HYD,01-04-2021,5,5,8,3,0,671,30
P031,slow_moving,32,A321,BASE_HYD,01-05-2021,4,4,12,8,0,652,15
P031,slow_moving,32,A321,BASE_HYD,01-06-2021,1,1,8,7,0,770,15
P031,slow_moving,32,A321,BASE_HYD,01-07-2021,2,2,7,5,0,754,60
P031,slow_moving,32,A321,BASE_HYD,01-08-2021,1,1,5,4,0,759,45
P031,slow_moving,32,A321,BASE_HYD,01-09-2021,3,3,4,1,0,653,30
P031,slow_moving,32,A321,BASE_HYD,01-10-2021,0,0,10,10,0,653,30
P031,slow_moving,32,A321,BASE_HYD,01-11-2021,0,0,10,10,0,649,60
P031,slow_moving,32,A321,BASE_HYD,01-12-2021,1,1,10,9,0,758,60
P031,slow_moving,32,A321,BASE_HYD,01-01-2022,2,2,9,7,0,660,30
P031,slow_moving,32,A321,BASE_HYD,01-02-2022,2,2,7,5,0,658,30
P031,slow_moving,32,A321,BASE_HYD,01-03-2022,4,4,5,1,0,648,30
P031,slow_moving,32,A321,BASE_HYD,01-04-2022,1,1,10,9,0,647,30
P031,slow_moving,32,A321,BASE_HYD,01-05-2022,2,2,9,7,0,660,30
P031,slow_moving,32,A321,BASE_HYD,01-06-2022,0,0,7,7,0,765,30
P031,slow_moving,32,A321,BASE_HYD,01-07-2022,2,2,7,5,0,761,60
P031,slow_moving,32,A321,BASE_HYD,01-08-2022,1,1,5,4,0,773,30
P031,slow_moving,32,A321,BASE_HYD,01-09-2022,4,4,4,0,0,660,30
P031,slow_moving,32,A321,BASE_HYD,01-10-2022,1,1,8,7,0,662,30
P031,slow_moving,32,A321,BASE_HYD,01-11-2022,3,3,7,4,0,660,15
P031,slow_moving,32,A321,BASE_HYD,01-12-2022,3,3,4,1,0,753,30
P031,slow_moving,32,A321,BASE_HYD,01-01-2023,0,0,12,12,0,657,45
P031,slow_moving,32,A321,BASE_HYD,01-02-2023,0,0,12,12,0,663,45
P031,slow_moving,32,A321,BASE_HYD,01-03-2023,0,0,12,12,0,664,45
P031,slow_moving,32,A321,BASE_HYD,01-04-2023,2,2,12,10,0,660,45
P031,slow_moving,32,A321,BASE_HYD,01-05-2023,0,0,10,10,0,668,30
P031,slow_moving,32,A321,BASE_HYD,01-06-2023,0,0,10,10,0,760,60
P031,slow_moving,32,A321,BASE_HYD,01-07-2023,5,5,10,5,0,759,45
P031,slow_moving,32,A321,BASE_HYD,01-08-2023,5,5,5,0,0,768,30
P031,slow_moving,32,A321,BASE_HYD,01-09-2023,0,0,10,10,0,653,30
P031,slow_moving,32,A321,BASE_HYD,01-10-2023,2,2,10,8,0,667,45
P031,slow_moving,32,A321,BASE_HYD,01-11-2023,3,3,8,5,0,652,30
P031,slow_moving,32,A321,BASE_HYD,01-12-2023,0,0,5,5,0,755,30
P031,slow_moving,32,A321,LINE_DEL,01-01-2018,3,3,19,16,0,655,15
P031,slow_moving,32,A321,LINE_DEL,01-02-2018,3,3,16,13,0,671,15
P031,slow_moving,32,A321,LINE_DEL,01-03-2018,2,2,13,11,0,681,30
P031,slow_moving,32,A321,LINE_DEL,01-04-2018,2,2,11,9,0,670,45
P031,slow_moving,32,A321,LINE_DEL,01-05-2018,1,1,9,8,0,668,45
P031,slow_moving,32,A321,LINE_DEL,01-06-2018,2,2,8,6,0,767,60
P031,slow_moving,32,A321,LINE_DEL,01-07-2018,0,0,6,6,0,763,15
P031,slow_moving,32,A321,LINE_DEL,01-08-2018,0,0,6,6,0,769,45
P031,slow_moving,32,A321,LINE_DEL,01-09-2018,0,0,6,6,0,660,15
P031,slow_moving,32,A321,LINE_DEL,01-10-2018,0,0,6,6,0,671,30
P031,slow_moving,32,A321,LINE_DEL,01-11-2018,3,3,6,3,0,676,60
P031,slow_moving,32,A321,LINE_DEL,01-12-2018,2,2,3,1,0,765,60
P031,slow_moving,32,A321,LINE_DEL,01-01-2019,2,2,11,9,0,669,15
P031,slow_moving,32,A321,LINE_DEL,01-02-2019,1,1,9,8,0,666,60
P031,slow_moving,32,A321,LINE_DEL,01-03-2019,0,0,8,8,0,669,30
P031,slow_moving,32,A321,LINE_DEL,01-04-2019,0,0,8,8,0,672,60
P031,slow_moving,32,A321,LINE_DEL,01-05-2019,0,0,8,8,0,669,30
P031,slow_moving,32,A321,LINE_DEL,01-06-2019,0,0,8,8,0,773,45
P031,slow_moving,32,A321,LINE_DEL,01-07-2019,0,0,8,8,0,770,45
P031,slow_moving,32,A321,LINE_DEL,01-08-2019,4,4,8,4,0,773,60
P031,slow_moving,32,A321,LINE_DEL,01-09-2019,3,3,4,1,0,668,60
P031,slow_moving,32,A321,LINE_DEL,01-10-2019,4,1,1,0,1,669,15
P031,slow_moving,32,A321,LINE_DEL,01-11-2019,0,0,10,10,0,671,30
P031,slow_moving,32,A321,LINE_DEL,01-12-2019,5,5,10,5,0,766,30
P031,slow_moving,32,A321,LINE_DEL,01-01-2020,2,2,5,3,0,667,15
P031,slow_moving,32,A321,LINE_DEL,01-02-2020,3,3,12,9,0,658,45
P031,slow_moving,32,A321,LINE_DEL,01-03-2020,2,2,9,7,0,652,45
P031,slow_moving,32,A321,LINE_DEL,01-04-2020,2,2,7,5,0,665,15
P031,slow_moving,32,A321,LINE_DEL,01-05-2020,0,0,5,5,0,659,30
P031,slow_moving,32,A321,LINE_DEL,01-06-2020,0,0,5,5,0,779,60
P031,slow_moving,32,A321,LINE_DEL,01-07-2020,5,5,5,0,0,758,15
P031,slow_moving,32,A321,LINE_DEL,01-08-2020,2,2,10,8,0,770,60
P031,slow_moving,32,A321,LINE_DEL,01-09-2020,2,2,8,6,0,660,60
P031,slow_moving,32,A321,LINE_DEL,01-10-2020,2,2,6,4,0,664,45
P031,slow_moving,32,A321,LINE_DEL,01-11-2020,0,0,4,4,0,657,30
P031,slow_moving,32,A321,LINE_DEL,01-12-2020,3,3,4,1,0,755,45
P031,slow_moving,32,A321,LINE_DEL,01-01-2021,3,1,1,0,1,664,60
P031,slow_moving,32,A321,LINE_DEL,01-02-2021,1,1,9,8,0,660,30
P031,slow_moving,32,A321,LINE_DEL,01-03-2021,0,0,8,8,0,667,30
P031,slow_moving,32,A321,LINE_DEL,01-04-2021,2,2,8,6,0,671,30
P031,slow_moving,32,A321,LINE_DEL,01-05-2021,5,5,6,1,0,652,60
P031,slow_moving,32,A321,LINE_DEL,01-06-2021,3,1,1,0,1,770,45
P031,slow_moving,32,A321,LINE_DEL,01-07-2021,0,0,9,9,0,754,15
P031,slow_moving,32,A321,LINE_DEL,01-08-2021,0,0,9,9,0,759,60
P031,slow_moving,32,A321,LINE_DEL,01-09-2021,0,0,9,9,0,653,60
P031,slow_moving,32,A321,LINE_DEL,01-10-2021,7,7,9,2,0,653,15
P031,slow_moving,32,A321,LINE_DEL,01-11-2021,0,0,9,9,0,649,45
P031,slow_moving,32,A321,LINE_DEL,01-12-2021,1,1,9,8,0,758,60
P031,slow_moving,32,A321,LINE_DEL,01-01-2022,0,0,8,8,0,660,60
P031,slow_moving,32,A321,LINE_DEL,01-02-2022,5,5,8,3,0,658,30
P031,slow_moving,32,A321,LINE_DEL,01-03-2022,6,6,15,9,0,648,30
P031,slow_moving,32,A321,LINE_DEL,01-04-2022,1,1,9,8,0,647,45
P031,slow_moving,32,A321,LINE_DEL,01-05-2022,0,0,8,8,0,660,60
P031,slow_moving,32,A321,LINE_DEL,01-06-2022,0,0,8,8,0,765,15
P031,slow_moving,32,A321,LINE_DEL,01-07-2022,0,0,8,8,0,761,45
P031,slow_moving,32,A321,LINE_DEL,01-08-2022,1,1,8,7,0,773,30
P031,slow_moving,32,A321,LINE_DEL,01-09-2022,5,5,7,2,0,660,30
P031,slow_moving,32,A321,LINE_DEL,01-10-2022,2,2,11,9,0,662,30
P031,slow_moving,32,A321,LINE_DEL,01-11-2022,1,1,9,8,0,660,45
P031,slow_moving,32,A321,LINE_DEL,01-12-2022,3,3,8,5,0,753,15
P031,slow_moving,32,A321,LINE_DEL,01-01-2023,2,2,5,3,0,657,45
P031,slow_moving,32,A321,LINE_DEL,01-02-2023,2,2,3,1,0,663,60
P031,slow_moving,32,A321,LINE_DEL,01-03-2023,7,7,11,4,0,664,45
P031,slow_moving,32,A321,LINE_DEL,01-04-2023,1,1,4,3,0,660,45
P031,slow_moving,32,A321,LINE_DEL,01-05-2023,3,3,3,0,0,668,45
P031,slow_moving,32,A321,LINE_DEL,01-06-2023,0,0,12,12,0,760,30
P031,slow_moving,32,A321,LINE_DEL,01-07-2023,2,2,12,10,0,759,60
P031,slow_moving,32,A321,LINE_DEL,01-08-2023,3,3,10,7,0,768,15
P031,slow_moving,32,A321,LINE_DEL,01-09-2023,2,2,7,5,0,653,30
P031,slow_moving,32,A321,LINE_DEL,01-10-2023,5,5,5,0,0,667,15
P031,slow_moving,32,A321,LINE_DEL,01-11-2023,0,0,11,11,0,652,60
P031,slow_moving,32,A321,LINE_DEL,01-12-2023,4,4,11,7,0,755,30
P031,slow_moving,32,A321,MRO_BLR,01-01-2018,6,6,29,23,0,655,30
P031,slow_moving,32,A321,MRO_BLR,01-02-2018,0,0,23,23,0,671,30
P031,slow_moving,32,A321,MRO_BLR,01-03-2018,0,0,23,23,0,681,60
P031,slow_moving,32,A321,MRO_BLR,01-04-2018,1,1,23,22,0,670,45
P031,slow_moving,32,A321,MRO_BLR,01-05-2018,0,0,22,22,0,668,15
P031,slow_moving,32,A321,MRO_BLR,01-06-2018,1,1,22,21,0,767,45
P031,slow_moving,32,A321,MRO_BLR,01-07-2018,0,0,21,21,0,763,45
P031,slow_moving,32,A321,MRO_BLR,01-08-2018,0,0,21,21,0,769,60
P031,slow_moving,32,A321,MRO_BLR,01-09-2018,0,0,21,21,0,660,30
P031,slow_moving,32,A321,MRO_BLR,01-10-2018,0,0,21,21,0,671,60
P031,slow_moving,32,A321,MRO_BLR,01-11-2018,3,3,21,18,0,676,30
P031,slow_moving,32,A321,MRO_BLR,01-12-2018,1,1,18,17,0,765,45
P031,slow_moving,32,A321,MRO_BLR,01-01-2019,5,5,17,12,0,669,30
P031,slow_moving,32,A321,MRO_BLR,01-02-2019,2,2,12,10,0,666,30
P031,slow_moving,32,A321,MRO_BLR,01-03-2019,1,1,10,9,0,669,45
P031,slow_moving,32,A321,MRO_BLR,01-04-2019,3,3,9,6,0,672,45
P031,slow_moving,32,A321,MRO_BLR,01-05-2019,3,3,6,3,0,669,60
P031,slow_moving,32,A321,MRO_BLR,01-06-2019,3,3,3,0,0,773,45
P031,slow_moving,32,A321,MRO_BLR,01-07-2019,5,5,9,4,0,770,30
P031,slow_moving,32,A321,MRO_BLR,01-08-2019,4,4,4,0,0,773,60
P031,slow_moving,32,A321,MRO_BLR,01-09-2019,3,0,0,0,1,668,30
P031,slow_moving,32,A321,MRO_BLR,01-10-2019,0,0,12,12,0,669,45
P031,slow_moving,32,A321,MRO_BLR,01-11-2019,0,0,12,12,0,671,30
P031,slow_moving,32,A321,MRO_BLR,01-12-2019,3,3,12,9,0,766,15
P031,slow_moving,32,A321,MRO_BLR,01-01-2020,2,2,9,7,0,667,60
P031,slow_moving,32,A321,MRO_BLR,01-02-2020,2,2,7,5,0,658,45
P031,slow_moving,32,A321,MRO_BLR,01-03-2020,0,0,5,5,0,652,60
P031,slow_moving,32,A321,MRO_BLR,01-04-2020,0,0,5,5,0,665,30
P031,slow_moving,32,A321,MRO_BLR,01-05-2020,0,0,5,5,0,659,30
P031,slow_moving,32,A321,MRO_BLR,01-06-2020,4,4,5,1,0,779,15
P031,slow_moving,32,A321,MRO_BLR,01-07-2020,3,3,10,7,0,758,60
P031,slow_moving,32,A321,MRO_BLR,01-08-2020,0,0,7,7,0,770,60
P031,slow_moving,32,A321,MRO_BLR,01-09-2020,0,0,7,7,0,660,15
P031,slow_moving,32,A321,MRO_BLR,01-10-2020,0,0,7,7,0,664,15
P031,slow_moving,32,A321,MRO_BLR,01-11-2020,4,4,7,3,0,657,45
P031,slow_moving,32,A321,MRO_BLR,01-12-2020,0,0,3,3,0,755,60
P031,slow_moving,32,A321,MRO_BLR,01-01-2021,1,1,10,9,0,664,15
P031,slow_moving,32,A321,MRO_BLR,01-02-2021,0,0,9,9,0,660,30
P031,slow_moving,32,A321,MRO_BLR,01-03-2021,2,2,9,7,0,667,30
P031,slow_moving,32,A321,MRO_BLR,01-04-2021,1,1,7,6,0,671,30
P031,slow_moving,32,A321,MRO_BLR,01-05-2021,1,1,6,5,0,652,60
P031,slow_moving,32,A321,MRO_BLR,01-06-2021,3,3,5,2,0,770,45
P031,slow_moving,32,A321,MRO_BLR,01-07-2021,1,1,2,1,0,754,45
P031,slow_moving,32,A321,MRO_BLR,01-08-2021,4,4,9,5,0,759,45
P031,slow_moving,32,A321,MRO_BLR,01-09-2021,4,4,5,1,0,653,60
P031,slow_moving,32,A321,MRO_BLR,01-10-2021,3,1,1,0,1,653,60
P031,slow_moving,32,A321,MRO_BLR,01-11-2021,2,2,12,10,0,649,15
P031,slow_moving,32,A321,MRO_BLR,01-12-2021,2,2,10,8,0,758,15
P031,slow_moving,32,A321,MRO_BLR,01-01-2022,5,5,8,3,0,660,15
P031,slow_moving,32,A321,MRO_BLR,01-02-2022,2,2,13,11,0,658,60
P031,slow_moving,32,A321,MRO_BLR,01-03-2022,4,4,11,7,0,648,15
P031,slow_moving,32,A321,MRO_BLR,01-04-2022,1,1,7,6,0,647,60
P031,slow_moving,32,A321,MRO_BLR,01-05-2022,0,0,6,6,0,660,15
P031,slow_moving,32,A321,MRO_BLR,01-06-2022,7,6,6,0,1,765,45
P031,slow_moving,32,A321,MRO_BLR,01-07-2022,1,0,0,0,1,761,60
P031,slow_moving,32,A321,MRO_BLR,01-08-2022,1,1,9,8,0,773,30
P031,slow_moving,32,A321,MRO_BLR,01-09-2022,0,0,8,8,0,660,15
P031,slow_moving,32,A321,MRO_BLR,01-10-2022,1,1,8,7,0,662,45
P031,slow_moving,32,A321,MRO_BLR,01-11-2022,0,0,7,7,0,660,15
P031,slow_moving,32,A321,MRO_BLR,01-12-2022,4,4,7,3,0,753,45
P031,slow_moving,32,A321,MRO_BLR,01-01-2023,0,0,3,3,0,657,30
P031,slow_moving,32,A321,MRO_BLR,01-02-2023,0,0,10,10,0,663,45
P031,slow_moving,32,A321,MRO_BLR,01-03-2023,0,0,10,10,0,664,60
P031,slow_moving,32,A321,MRO_BLR,01-04-2023,0,0,10,10,0,660,45
P031,slow_moving,32,A321,MRO_BLR,01-05-2023,0,0,10,10,0,668,60
P031,slow_moving,32,A321,MRO_BLR,01-06-2023,0,0,10,10,0,760,60
P031,slow_moving,32,A321,MRO_BLR,01-07-2023,0,0,10,10,0,759,45
P031,slow_moving,32,A321,MRO_BLR,01-08-2023,4,4,10,6,0,768,30
P031,slow_moving,32,A321,MRO_BLR,01-09-2023,6,6,6,0,0,653,30
P031,slow_moving,32,A321,MRO_BLR,01-10-2023,0,0,12,12,0,667,15
P031,slow_moving,32,A321,MRO_BLR,01-11-2023,1,1,12,11,0,652,60
P031,slow_moving,32,A321,MRO_BLR,01-12-2023,0,0,11,11,0,755,15
P032,slow_moving,49,A321,BASE_HYD,01-01-2018,0,0,18,18,0,485,45
P032,slow_moving,49,A321,BASE_HYD,01-02-2018,0,0,18,18,0,480,60
P032,slow_moving,49,A321,BASE_HYD,01-03-2018,2,2,18,16,0,487,30
P032,slow_moving,49,A321,BASE_HYD,01-04-2018,2,2,16,14,0,481,45
P032,slow_moving,49,A321,BASE_HYD,01-05-2018,0,0,14,14,0,477,30
P032,slow_moving,49,A321,BASE_HYD,01-06-2018,0,0,14,14,0,556,30
P032,slow_moving,49,A321,BASE_HYD,01-07-2018,0,0,14,14,0,556,60
P032,slow_moving,49,A321,BASE_HYD,01-08-2018,0,0,14,14,0,549,15
P032,slow_moving,49,A321,BASE_HYD,01-09-2018,5,5,14,9,0,481,15
P032,slow_moving,49,A321,BASE_HYD,01-10-2018,2,2,9,7,0,480,15
P032,slow_moving,49,A321,BASE_HYD,01-11-2018,0,0,7,7,0,483,15
P032,slow_moving,49,A321,BASE_HYD,01-12-2018,0,0,7,7,0,561,60
P032,slow_moving,49,A321,BASE_HYD,01-01-2019,5,5,7,2,0,484,45
P032,slow_moving,49,A321,BASE_HYD,01-02-2019,3,2,2,0,1,483,30
P032,slow_moving,49,A321,BASE_HYD,01-03-2019,4,4,7,3,0,475,60
P032,slow_moving,49,A321,BASE_HYD,01-04-2019,1,1,3,2,0,483,45
P032,slow_moving,49,A321,BASE_HYD,01-05-2019,1,1,12,11,0,478,30
P032,slow_moving,49,A321,BASE_HYD,01-06-2019,2,2,11,9,0,547,60
P032,slow_moving,49,A321,BASE_HYD,01-07-2019,0,0,9,9,0,561,30
P032,slow_moving,49,A321,BASE_HYD,01-08-2019,0,0,9,9,0,549,60
P032,slow_moving,49,A321,BASE_HYD,01-09-2019,0,0,9,9,0,484,30
P032,slow_moving,49,A321,BASE_HYD,01-10-2019,4,4,9,5,0,481,45
P032,slow_moving,49,A321,BASE_HYD,01-11-2019,0,0,5,5,0,479,45
P032,slow_moving,49,A321,BASE_HYD,01-12-2019,1,1,5,4,0,563,45
P032,slow_moving,49,A321,BASE_HYD,01-01-2020,3,3,4,1,0,479,15
P032,slow_moving,49,A321,BASE_HYD,01-02-2020,4,4,12,8,0,480,30
P032,slow_moving,49,A321,BASE_HYD,01-03-2020,3,3,8,5,0,479,30
P032,slow_moving,49,A321,BASE_HYD,01-04-2020,2,2,5,3,0,483,45
P032,slow_moving,49,A321,BASE_HYD,01-05-2020,0,0,3,3,0,481,45
P032,slow_moving,49,A321,BASE_HYD,01-06-2020,0,0,14,14,0,551,60
P032,slow_moving,49,A321,BASE_HYD,01-07-2020,4,4,14,10,0,549,30
P032,slow_moving,49,A321,BASE_HYD,01-08-2020,3,3,10,7,0,554,15
P032,slow_moving,49,A321,BASE_HYD,01-09-2020,0,0,7,7,0,479,45
P032,slow_moving,49,A321,BASE_HYD,01-10-2020,0,0,7,7,0,490,30
P032,slow_moving,49,A321,BASE_HYD,01-11-2020,0,0,7,7,0,480,30
P032,slow_moving,49,A321,BASE_HYD,01-12-2020,5,5,7,2,0,556,45
P032,slow_moving,49,A321,BASE_HYD,01-01-2021,2,2,2,0,0,480,30
P032,slow_moving,49,A321,BASE_HYD,01-02-2021,1,1,7,6,0,479,30
P032,slow_moving,49,A321,BASE_HYD,01-03-2021,0,0,6,6,0,485,15
P032,slow_moving,49,A321,BASE_HYD,01-04-2021,0,0,6,6,0,483,45
P032,slow_moving,49,A321,BASE_HYD,01-05-2021,0,0,6,6,0,483,60
P032,slow_moving,49,A321,BASE_HYD,01-06-2021,3,3,6,3,0,556,60
P032,slow_moving,49,A321,BASE_HYD,01-07-2021,3,3,3,0,0,544,15
P032,slow_moving,49,A321,BASE_HYD,01-08-2021,0,0,12,12,0,555,15
P032,slow_moving,49,A321,BASE_HYD,01-09-2021,2,2,12,10,0,479,30
P032,slow_moving,49,A321,BASE_HYD,01-10-2021,0,0,10,10,0,478,45
P032,slow_moving,49,A321,BASE_HYD,01-11-2021,3,3,10,7,0,497,60
P032,slow_moving,49,A321,BASE_HYD,01-12-2021,0,0,7,7,0,545,30
P032,slow_moving,49,A321,BASE_HYD,01-01-2022,1,1,7,6,0,479,30
P032,slow_moving,49,A321,BASE_HYD,01-02-2022,3,3,6,3,0,478,45
P032,slow_moving,49,A321,BASE_HYD,01-03-2022,1,1,3,2,0,479,45
P032,slow_moving,49,A321,BASE_HYD,01-04-2022,0,0,14,14,0,474,45
P032,slow_moving,49,A321,BASE_HYD,01-05-2022,0,0,14,14,0,480,60
P032,slow_moving,49,A321,BASE_HYD,01-06-2022,1,1,14,13,0,545,60
P032,slow_moving,49,A321,BASE_HYD,01-07-2022,3,3,13,10,0,553,60
P032,slow_moving,49,A321,BASE_HYD,01-08-2022,6,6,10,4,0,552,60
P032,slow_moving,49,A321,BASE_HYD,01-09-2022,2,2,4,2,0,478,30
P032,slow_moving,49,A321,BASE_HYD,01-10-2022,3,3,9,6,0,479,60
P032,slow_moving,49,A321,BASE_HYD,01-11-2022,1,1,6,5,0,487,60
P032,slow_moving,49,A321,BASE_HYD,01-12-2022,4,4,5,1,0,554,45
P032,slow_moving,49,A321,BASE_HYD,01-01-2023,0,0,1,1,0,479,60
P032,slow_moving,49,A321,BASE_HYD,01-02-2023,4,4,8,4,0,480,45
P032,slow_moving,49,A321,BASE_HYD,01-03-2023,4,4,4,0,0,478,45
P032,slow_moving,49,A321,BASE_HYD,01-04-2023,0,0,0,0,0,480,15
P032,slow_moving,49,A321,BASE_HYD,01-05-2023,0,0,9,9,0,475,45
P032,slow_moving,49,A321,BASE_HYD,01-06-2023,3,3,9,6,0,562,30
P032,slow_moving,49,A321,BASE_HYD,01-07-2023,4,4,6,2,0,550,15
P032,slow_moving,49,A321,BASE_HYD,01-08-2023,4,4,9,5,0,565,15
P032,slow_moving,49,A321,BASE_HYD,01-09-2023,4,4,5,1,0,488,30
P032,slow_moving,49,A321,BASE_HYD,01-10-2023,3,3,8,5,0,475,15
P032,slow_moving,49,A321,BASE_HYD,01-11-2023,2,2,5,3,0,479,30
P032,slow_moving,49,A321,BASE_HYD,01-12-2023,4,4,10,6,0,551,15
P032,slow_moving,49,A321,LINE_DEL,01-01-2018,0,0,21,21,0,485,45
P032,slow_moving,49,A321,LINE_DEL,01-02-2018,4,4,21,17,0,480,30
P032,slow_moving,49,A321,LINE_DEL,01-03-2018,1,1,17,16,0,487,45
P032,slow_moving,49,A321,LINE_DEL,01-04-2018,1,1,16,15,0,481,60
P032,slow_moving,49,A321,LINE_DEL,01-05-2018,2,2,15,13,0,477,15
P032,slow_moving,49,A321,LINE_DEL,01-06-2018,0,0,13,13,0,556,45
P032,slow_moving,49,A321,LINE_DEL,01-07-2018,4,4,13,9,0,556,30
P032,slow_moving,49,A321,LINE_DEL,01-08-2018,3,3,9,6,0,549,15
P032,slow_moving,49,A321,LINE_DEL,01-09-2018,1,1,6,5,0,481,30
P032,slow_moving,49,A321,LINE_DEL,01-10-2018,5,5,5,0,0,480,60
P032,slow_moving,49,A321,LINE_DEL,01-11-2018,0,0,0,0,0,483,15
P032,slow_moving,49,A321,LINE_DEL,01-12-2018,3,3,7,4,0,561,45
P032,slow_moving,49,A321,LINE_DEL,01-01-2019,0,0,4,4,0,484,45
P032,slow_moving,49,A321,LINE_DEL,01-02-2019,0,0,4,4,0,483,30
P032,slow_moving,49,A321,LINE_DEL,01-03-2019,5,4,4,0,1,475,45
P032,slow_moving,49,A321,LINE_DEL,01-04-2019,5,0,0,0,1,483,15
P032,slow_moving,49,A321,LINE_DEL,01-05-2019,2,2,10,8,0,478,45
P032,slow_moving,49,A321,LINE_DEL,01-06-2019,5,5,8,3,0,547,60
P032,slow_moving,49,A321,LINE_DEL,01-07-2019,0,0,3,3,0,561,60
P032,slow_moving,49,A321,LINE_DEL,01-08-2019,3,3,12,9,0,549,15
P032,slow_moving,49,A321,LINE_DEL,01-09-2019,2,2,9,7,0,484,15
P032,slow_moving,49,A321,LINE_DEL,01-10-2019,2,2,7,5,0,481,15
P032,slow_moving,49,A321,LINE_DEL,01-11-2019,6,5,5,0,1,479,30
P032,slow_moving,49,A321,LINE_DEL,01-12-2019,0,0,9,9,0,563,60
P032,slow_moving,49,A321,LINE_DEL,01-01-2020,3,3,9,6,0,479,60
P032,slow_moving,49,A321,LINE_DEL,01-02-2020,4,4,6,2,0,480,45
P032,slow_moving,49,A321,LINE_DEL,01-03-2020,5,2,2,0,1,479,60
P032,slow_moving,49,A321,LINE_DEL,01-04-2020,2,2,12,10,0,483,30
P032,slow_moving,49,A321,LINE_DEL,01-05-2020,3,3,10,7,0,481,30
P032,slow_moving,49,A321,LINE_DEL,01-06-2020,4,4,7,3,0,551,30
P032,slow_moving,49,A321,LINE_DEL,01-07-2020,4,4,10,6,0,549,45
P032,slow_moving,49,A321,LINE_DEL,01-08-2020,0,0,6,6,0,554,60
P032,slow_moving,49,A321,LINE_DEL,01-09-2020,3,3,6,3,0,479,60
P032,slow_moving,49,A321,LINE_DEL,01-10-2020,1,1,3,2,0,490,45
P032,slow_moving,49,A321,LINE_DEL,01-11-2020,0,0,10,10,0,480,60
P032,slow_moving,49,A321,LINE_DEL,01-12-2020,2,2,10,8,0,556,45
P032,slow_moving,49,A321,LINE_DEL,01-01-2021,3,3,8,5,0,480,15
P032,slow_moving,49,A321,LINE_DEL,01-02-2021,0,0,5,5,0,479,15
P032,slow_moving,49,A321,LINE_DEL,01-03-2021,4,4,5,1,0,485,60
P032,slow_moving,49,A321,LINE_DEL,01-04-2021,2,1,1,0,1,483,60
P032,slow_moving,49,A321,LINE_DEL,01-05-2021,0,0,12,12,0,483,45
P032,slow_moving,49,A321,LINE_DEL,01-06-2021,6,6,12,6,0,556,60
P032,slow_moving,49,A321,LINE_DEL,01-07-2021,6,6,6,0,0,544,30
P032,slow_moving,49,A321,LINE_DEL,01-08-2021,7,7,10,3,0,555,15
P032,slow_moving,49,A321,LINE_DEL,01-09-2021,2,2,12,10,0,479,15
P032,slow_moving,49,A321,LINE_DEL,01-10-2021,2,2,10,8,0,478,45
P032,slow_moving,49,A321,LINE_DEL,01-11-2021,1,1,8,7,0,497,30
P032,slow_moving,49,A321,LINE_DEL,01-12-2021,0,0,7,7,0,545,45
P032,slow_moving,49,A321,LINE_DEL,01-01-2022,0,0,7,7,0,479,60
P032,slow_moving,49,A321,LINE_DEL,01-02-2022,0,0,7,7,0,478,60
P032,slow_moving,49,A321,LINE_DEL,01-03-2022,0,0,7,7,0,479,45
P032,slow_moving,49,A321,LINE_DEL,01-04-2022,2,2,7,5,0,474,60
P032,slow_moving,49,A321,LINE_DEL,01-05-2022,2,2,5,3,0,480,30
P032,slow_moving,49,A321,LINE_DEL,01-06-2022,1,1,13,12,0,545,15
P032,slow_moving,49,A321,LINE_DEL,01-07-2022,7,7,12,5,0,553,15
P032,slow_moving,49,A321,LINE_DEL,01-08-2022,0,0,5,5,0,552,15
P032,slow_moving,49,A321,LINE_DEL,01-09-2022,4,4,5,1,0,478,30
P032,slow_moving,49,A321,LINE_DEL,01-10-2022,0,0,11,11,0,479,30
P032,slow_moving,49,A321,LINE_DEL,01-11-2022,2,2,11,9,0,487,60
P032,slow_moving,49,A321,LINE_DEL,01-12-2022,0,0,9,9,0,554,15
P032,slow_moving,49,A321,LINE_DEL,01-01-2023,3,3,9,6,0,479,30
P032,slow_moving,49,A321,LINE_DEL,01-02-2023,0,0,6,6,0,480,30
P032,slow_moving,49,A321,LINE_DEL,01-03-2023,0,0,6,6,0,478,15
P032,slow_moving,49,A321,LINE_DEL,01-04-2023,0,0,6,6,0,480,45
P032,slow_moving,49,A321,LINE_DEL,01-05-2023,2,2,6,4,0,475,30
P032,slow_moving,49,A321,LINE_DEL,01-06-2023,4,4,4,0,0,562,15
P032,slow_moving,49,A321,LINE_DEL,01-07-2023,0,0,10,10,0,550,15
P032,slow_moving,49,A321,LINE_DEL,01-08-2023,0,0,10,10,0,565,60
P032,slow_moving,49,A321,LINE_DEL,01-09-2023,1,1,10,9,0,488,30
P032,slow_moving,49,A321,LINE_DEL,01-10-2023,0,0,9,9,0,475,30
P032,slow_moving,49,A321,LINE_DEL,01-11-2023,2,2,9,7,0,479,15
P032,slow_moving,49,A321,LINE_DEL,01-12-2023,4,4,7,3,0,551,60
P032,slow_moving,49,A321,MRO_BLR,01-01-2018,0,0,24,24,0,485,30
P032,slow_moving,49,A321,MRO_BLR,01-02-2018,0,0,24,24,0,480,30
P032,slow_moving,49,A321,MRO_BLR,01-03-2018,3,3,24,21,0,487,15
P032,slow_moving,49,A321,MRO_BLR,01-04-2018,0,0,21,21,0,481,30
P032,slow_moving,49,A321,MRO_BLR,01-05-2018,4,4,21,17,0,477,45
P032,slow_moving,49,A321,MRO_BLR,01-06-2018,3,3,17,14,0,556,30
P032,slow_moving,49,A321,MRO_BLR,01-07-2018,4,4,14,10,0,556,45
P032,slow_moving,49,A321,MRO_BLR,01-08-2018,3,3,10,7,0,549,30
P032,slow_moving,49,A321,MRO_BLR,01-09-2018,1,1,7,6,0,481,45
P032,slow_moving,49,A321,MRO_BLR,01-10-2018,1,1,6,5,0,480,60
P032,slow_moving,49,A321,MRO_BLR,01-11-2018,1,1,5,4,0,483,15
P032,slow_moving,49,A321,MRO_BLR,01-12-2018,0,0,4,4,0,561,15
P032,slow_moving,49,A321,MRO_BLR,01-01-2019,1,1,4,3,0,484,15
P032,slow_moving,49,A321,MRO_BLR,01-02-2019,0,0,15,15,0,483,45
P032,slow_moving,49,A321,MRO_BLR,01-03-2019,1,1,15,14,0,475,60
P032,slow_moving,49,A321,MRO_BLR,01-04-2019,0,0,14,14,0,483,30
P032,slow_moving,49,A321,MRO_BLR,01-05-2019,0,0,14,14,0,478,60
P032,slow_moving,49,A321,MRO_BLR,01-06-2019,4,4,14,10,0,547,30
P032,slow_moving,49,A321,MRO_BLR,01-07-2019,6,6,10,4,0,561,60
P032,slow_moving,49,A321,MRO_BLR,01-08-2019,0,0,4,4,0,549,45
P032,slow_moving,49,A321,MRO_BLR,01-09-2019,2,2,4,2,0,484,60
P032,slow_moving,49,A321,MRO_BLR,01-10-2019,2,2,2,0,0,481,15
P032,slow_moving,49,A321,MRO_BLR,01-11-2019,2,2,11,9,0,479,60
P032,slow_moving,49,A321,MRO_BLR,01-12-2019,3,3,9,6,0,563,15
P032,slow_moving,49,A321,MRO_BLR,01-01-2020,4,4,6,2,0,479,45
P032,slow_moving,49,A321,MRO_BLR,01-02-2020,4,2,2,0,1,480,15
P032,slow_moving,49,A321,MRO_BLR,01-03-2020,2,2,10,8,0,479,45
P032,slow_moving,49,A321,MRO_BLR,01-04-2020,5,5,8,3,0,483,15
P032,slow_moving,49,A321,MRO_BLR,01-05-2020,1,1,14,13,0,481,30
P032,slow_moving,49,A321,MRO_BLR,01-06-2020,2,2,13,11,0,551,15
P032,slow_moving,49,A321,MRO_BLR,01-07-2020,3,3,11,8,0,549,60
P032,slow_moving,49,A321,MRO_BLR,01-08-2020,4,4,8,4,0,554,30
P032,slow_moving,49,A321,MRO_BLR,01-09-2020,1,1,4,3,0,479,45
P032,slow_moving,49,A321,MRO_BLR,01-10-2020,0,0,3,3,0,490,60
P032,slow_moving,49,A321,MRO_BLR,01-11-2020,1,1,14,13,0,480,45
P032,slow_moving,49,A321,MRO_BLR,01-12-2020,5,5,13,8,0,556,45
P032,slow_moving,49,A321,MRO_BLR,01-01-2021,5,5,8,3,0,480,30
P032,slow_moving,49,A321,MRO_BLR,01-02-2021,1,1,11,10,0,479,15
P032,slow_moving,49,A321,MRO_BLR,01-03-2021,3,3,10,7,0,485,60
P032,slow_moving,49,A321,MRO_BLR,01-04-2021,0,0,7,7,0,483,60
P032,slow_moving,49,A321,MRO_BLR,01-05-2021,0,0,7,7,0,483,15
P032,slow_moving,49,A321,MRO_BLR,01-06-2021,0,0,7,7,0,556,60
P032,slow_moving,49,A321,MRO_BLR,01-07-2021,3,3,7,4,0,544,45
P032,slow_moving,49,A321,MRO_BLR,01-08-2021,1,1,4,3,0,555,15
P032,slow_moving,49,A321,MRO_BLR,01-09-2021,0,0,11,11,0,479,45
P032,slow_moving,49,A321,MRO_BLR,01-10-2021,4,4,11,7,0,478,60
P032,slow_moving,49,A321,MRO_BLR,01-11-2021,2,2,7,5,0,497,15
P032,slow_moving,49,A321,MRO_BLR,01-12-2021,0,0,5,5,0,545,60
P032,slow_moving,49,A321,MRO_BLR,01-01-2022,1,1,5,4,0,479,30
P032,slow_moving,49,A321,MRO_BLR,01-02-2022,0,0,4,4,0,478,60
P032,slow_moving,49,A321,MRO_BLR,01-03-2022,4,4,4,0,0,479,30
P032,slow_moving,49,A321,MRO_BLR,01-04-2022,4,4,8,4,0,474,30
P032,slow_moving,49,A321,MRO_BLR,01-05-2022,0,0,4,4,0,480,45
P032,slow_moving,49,A321,MRO_BLR,01-06-2022,2,2,4,2,0,545,30
P032,slow_moving,49,A321,MRO_BLR,01-07-2022,0,0,10,10,0,553,30
P032,slow_moving,49,A321,MRO_BLR,01-08-2022,1,1,10,9,0,552,30
P032,slow_moving,49,A321,MRO_BLR,01-09-2022,2,2,9,7,0,478,45
P032,slow_moving,49,A321,MRO_BLR,01-10-2022,0,0,7,7,0,479,30
P032,slow_moving,49,A321,MRO_BLR,01-11-2022,0,0,7,7,0,487,30
P032,slow_moving,49,A321,MRO_BLR,01-12-2022,0,0,7,7,0,554,60
P032,slow_moving,49,A321,MRO_BLR,01-01-2023,2,2,7,5,0,479,45
P032,slow_moving,49,A321,MRO_BLR,01-02-2023,4,4,5,1,0,480,60
P032,slow_moving,49,A321,MRO_BLR,01-03-2023,3,1,1,0,1,478,60
P032,slow_moving,49,A321,MRO_BLR,01-04-2023,3,3,9,6,0,480,60
P032,slow_moving,49,A321,MRO_BLR,01-05-2023,2,2,6,4,0,475,15
P032,slow_moving,49,A321,MRO_BLR,01-06-2023,5,4,4,0,1,562,45
P032,slow_moving,49,A321,MRO_BLR,01-07-2023,0,0,0,0,0,550,60
P032,slow_moving,49,A321,MRO_BLR,01-08-2023,0,0,12,12,0,565,30
P032,slow_moving,49,A321,MRO_BLR,01-09-2023,0,0,12,12,0,488,30
P032,slow_moving,49,A321,MRO_BLR,01-10-2023,2,2,12,10,0,475,30
P032,slow_moving,49,A321,MRO_BLR,01-11-2023,0,0,10,10,0,479,30
P032,slow_moving,49,A321,MRO_BLR,01-12-2023,2,2,10,8,0,551,60
P033,slow_moving,32,A320,BASE_HYD,01-01-2018,1,1,16,15,0,603,15
P033,slow_moving,32,A320,BASE_HYD,01-02-2018,6,6,15,9,0,607,45
P033,slow_moving,32,A320,BASE_HYD,01-03-2018,0,0,9,9,0,605,45
P033,slow_moving,32,A320,BASE_HYD,01-04-2018,2,2,9,7,0,605,60
P033,slow_moving,32,A320,BASE_HYD,01-05-2018,2,2,7,5,0,594,60
P033,slow_moving,32,A320,BASE_HYD,01-06-2018,1,1,5,4,0,697,45
P033,slow_moving,32,A320,BASE_HYD,01-07-2018,6,4,4,0,1,693,15
P033,slow_moving,32,A320,BASE_HYD,01-08-2018,2,2,10,8,0,687,45
P033,slow_moving,32,A320,BASE_HYD,01-09-2018,3,3,8,5,0,604,60
P033,slow_moving,32,A320,BASE_HYD,01-10-2018,4,4,5,1,0,608,45
P033,slow_moving,32,A320,BASE_HYD,01-11-2018,5,1,1,0,1,599,15
P033,slow_moving,32,A320,BASE_HYD,01-12-2018,1,1,10,9,0,685,60
P033,slow_moving,32,A320,BASE_HYD,01-01-2019,6,6,9,3,0,594,30
P033,slow_moving,32,A320,BASE_HYD,01-02-2019,0,0,15,15,0,590,15
P033,slow_moving,32,A320,BASE_HYD,01-03-2019,0,0,15,15,0,597,60
P033,slow_moving,32,A320,BASE_HYD,01-04-2019,0,0,15,15,0,602,30
P033,slow_moving,32,A320,BASE_HYD,01-05-2019,2,2,15,13,0,609,15
P033,slow_moving,32,A320,BASE_HYD,01-06-2019,3,3,13,10,0,682,60
P033,slow_moving,32,A320,BASE_HYD,01-07-2019,0,0,10,10,0,690,60
P033,slow_moving,32,A320,BASE_HYD,01-08-2019,1,1,10,9,0,688,60
P033,slow_moving,32,A320,BASE_HYD,01-09-2019,0,0,9,9,0,598,60
P033,slow_moving,32,A320,BASE_HYD,01-10-2019,0,0,9,9,0,589,45
P033,slow_moving,32,A320,BASE_HYD,01-11-2019,1,1,9,8,0,592,45
P033,slow_moving,32,A320,BASE_HYD,01-12-2019,2,2,8,6,0,700,15
P033,slow_moving,32,A320,BASE_HYD,01-01-2020,1,1,6,5,0,602,30
P033,slow_moving,32,A320,BASE_HYD,01-02-2020,8,5,5,0,1,598,30
P033,slow_moving,32,A320,BASE_HYD,01-03-2020,3,3,8,5,0,599,30
P033,slow_moving,32,A320,BASE_HYD,01-04-2020,2,2,5,3,0,601,45
P033,slow_moving,32,A320,BASE_HYD,01-05-2020,0,0,3,3,0,594,45
P033,slow_moving,32,A320,BASE_HYD,01-06-2020,2,2,13,11,0,683,30
P033,slow_moving,32,A320,BASE_HYD,01-07-2020,0,0,11,11,0,682,60
P033,slow_moving,32,A320,BASE_HYD,01-08-2020,0,0,11,11,0,687,45
P033,slow_moving,32,A320,BASE_HYD,01-09-2020,0,0,11,11,0,590,30
P033,slow_moving,32,A320,BASE_HYD,01-10-2020,5,5,11,6,0,592,60
P033,slow_moving,32,A320,BASE_HYD,01-11-2020,5,5,6,1,0,599,30
P033,slow_moving,32,A320,BASE_HYD,01-12-2020,1,1,12,11,0,683,45
P033,slow_moving,32,A320,BASE_HYD,01-01-2021,0,0,11,11,0,584,60
P033,slow_moving,32,A320,BASE_HYD,01-02-2021,3,3,11,8,0,592,60
P033,slow_moving,32,A320,BASE_HYD,01-03-2021,3,3,8,5,0,598,15
P033,slow_moving,32,A320,BASE_HYD,01-04-2021,2,2,5,3,0,595,30
P033,slow_moving,32,A320,BASE_HYD,01-05-2021,1,1,12,11,0,585,30
P033,slow_moving,32,A320,BASE_HYD,01-06-2021,2,2,11,9,0,691,15
P033,slow_moving,32,A320,BASE_HYD,01-07-2021,0,0,9,9,0,682,60
P033,slow_moving,32,A320,BASE_HYD,01-08-2021,1,1,9,8,0,686,15
P033,slow_moving,32,A320,BASE_HYD,01-09-2021,2,2,8,6,0,601,30
P033,slow_moving,32,A320,BASE_HYD,01-10-2021,1,1,6,5,0,594,60
P033,slow_moving,32,A320,BASE_HYD,01-11-2021,1,1,5,4,0,583,30
P033,slow_moving,32,A320,BASE_HYD,01-12-2021,0,0,4,4,0,696,30
P033,slow_moving,32,A320,BASE_HYD,01-01-2022,2,2,4,2,0,580,60
P033,slow_moving,32,A320,BASE_HYD,01-02-2022,0,0,2,2,0,591,60
P033,slow_moving,32,A320,BASE_HYD,01-03-2022,3,3,13,10,0,600,30
P033,slow_moving,32,A320,BASE_HYD,01-04-2022,3,3,10,7,0,589,15
P033,slow_moving,32,A320,BASE_HYD,01-05-2022,4,4,7,3,0,589,30
P033,slow_moving,32,A320,BASE_HYD,01-06-2022,3,3,15,12,0,680,45
P033,slow_moving,32,A320,BASE_HYD,01-07-2022,3,3,12,9,0,680,60
P033,slow_moving,32,A320,BASE_HYD,01-08-2022,1,1,9,8,0,676,60
P033,slow_moving,32,A320,BASE_HYD,01-09-2022,4,4,8,4,0,589,60
P033,slow_moving,32,A320,BASE_HYD,01-10-2022,3,3,4,1,0,599,60
P033,slow_moving,32,A320,BASE_HYD,01-11-2022,4,1,1,0,1,590,60
P033,slow_moving,32,A320,BASE_HYD,01-12-2022,0,0,9,9,0,685,45
P033,slow_moving,32,A320,BASE_HYD,01-01-2023,2,2,9,7,0,586,60
P033,slow_moving,32,A320,BASE_HYD,01-02-2023,0,0,7,7,0,599,30
P033,slow_moving,32,A320,BASE_HYD,01-03-2023,1,1,7,6,0,597,15
P033,slow_moving,32,A320,BASE_HYD,01-04-2023,6,6,6,0,0,590,30
P033,slow_moving,32,A320,BASE_HYD,01-05-2023,0,0,8,8,0,595,45
P033,slow_moving,32,A320,BASE_HYD,01-06-2023,3,3,8,5,0,690,45
P033,slow_moving,32,A320,BASE_HYD,01-07-2023,0,0,5,5,0,673,30
P033,slow_moving,32,A320,BASE_HYD,01-08-2023,4,4,5,1,0,672,45
P033,slow_moving,32,A320,BASE_HYD,01-09-2023,0,0,1,1,0,593,45
P033,slow_moving,32,A320,BASE_HYD,01-10-2023,2,2,10,8,0,583,45
P033,slow_moving,32,A320,BASE_HYD,01-11-2023,0,0,8,8,0,582,30
P033,slow_moving,32,A320,BASE_HYD,01-12-2023,5,5,8,3,0,669,15
P033,slow_moving,32,A320,LINE_DEL,01-01-2018,5,5,29,24,0,603,60
P033,slow_moving,32,A320,LINE_DEL,01-02-2018,2,2,24,22,0,607,60
P033,slow_moving,32,A320,LINE_DEL,01-03-2018,4,4,22,18,0,605,30
P033,slow_moving,32,A320,LINE_DEL,01-04-2018,1,1,18,17,0,605,45
P033,slow_moving,32,A320,LINE_DEL,01-05-2018,0,0,17,17,0,594,30
P033,slow_moving,32,A320,LINE_DEL,01-06-2018,3,3,17,14,0,697,60
P033,slow_moving,32,A320,LINE_DEL,01-07-2018,4,4,14,10,0,693,30
P033,slow_moving,32,A320,LINE_DEL,01-08-2018,2,2,10,8,0,687,15
P033,slow_moving,32,A320,LINE_DEL,01-09-2018,3,3,8,5,0,604,15
P033,slow_moving,32,A320,LINE_DEL,01-10-2018,0,0,5,5,0,608,45
P033,slow_moving,32,A320,LINE_DEL,01-11-2018,7,5,5,0,1,599,15
P033,slow_moving,32,A320,LINE_DEL,01-12-2018,3,3,10,7,0,685,45
P033,slow_moving,32,A320,LINE_DEL,01-01-2019,3,3,7,4,0,594,15
P033,slow_moving,32,A320,LINE_DEL,01-02-2019,3,3,4,1,0,590,45
P033,slow_moving,32,A320,LINE_DEL,01-03-2019,4,1,1,0,1,597,60
P033,slow_moving,32,A320,LINE_DEL,01-04-2019,0,0,7,7,0,602,45
P033,slow_moving,32,A320,LINE_DEL,01-05-2019,0,0,7,7,0,609,15
P033,slow_moving,32,A320,LINE_DEL,01-06-2019,3,3,7,4,0,682,30
P033,slow_moving,32,A320,LINE_DEL,01-07-2019,0,0,4,4,0,690,60
P033,slow_moving,32,A320,LINE_DEL,01-08-2019,0,0,4,4,0,688,15
P033,slow_moving,32,A320,LINE_DEL,01-09-2019,2,2,4,2,0,598,30
P033,slow_moving,32,A320,LINE_DEL,01-10-2019,4,4,13,9,0,589,45
P033,slow_moving,32,A320,LINE_DEL,01-11-2019,1,1,9,8,0,592,30
P033,slow_moving,32,A320,LINE_DEL,01-12-2019,4,4,8,4,0,700,15
P033,slow_moving,32,A320,LINE_DEL,01-01-2020,2,2,4,2,0,602,30
P033,slow_moving,32,A320,LINE_DEL,01-02-2020,0,0,11,11,0,598,15
P033,slow_moving,32,A320,LINE_DEL,01-03-2020,2,2,11,9,0,599,45
P033,slow_moving,32,A320,LINE_DEL,01-04-2020,2,2,9,7,0,601,30
P033,slow_moving,32,A320,LINE_DEL,01-05-2020,0,0,7,7,0,594,30
P033,slow_moving,32,A320,LINE_DEL,01-06-2020,0,0,7,7,0,683,60
P033,slow_moving,32,A320,LINE_DEL,01-07-2020,1,1,7,6,0,682,60
P033,slow_moving,32,A320,LINE_DEL,01-08-2020,3,3,6,3,0,687,60
P033,slow_moving,32,A320,LINE_DEL,01-09-2020,4,3,3,0,1,590,30
P033,slow_moving,32,A320,LINE_DEL,01-10-2020,0,0,12,12,0,592,30
P033,slow_moving,32,A320,LINE_DEL,01-11-2020,0,0,12,12,0,599,30
P033,slow_moving,32,A320,LINE_DEL,01-12-2020,6,6,12,6,0,683,15
P033,slow_moving,32,A320,LINE_DEL,01-01-2021,1,1,6,5,0,584,60
P033,slow_moving,32,A320,LINE_DEL,01-02-2021,1,1,5,4,0,592,30
P033,slow_moving,32,A320,LINE_DEL,01-03-2021,0,0,4,4,0,598,45
P033,slow_moving,32,A320,LINE_DEL,01-04-2021,1,1,4,3,0,595,60
P033,slow_moving,32,A320,LINE_DEL,01-05-2021,5,3,3,0,1,585,30
P033,slow_moving,32,A320,LINE_DEL,01-06-2021,0,0,8,8,0,691,60
P033,slow_moving,32,A320,LINE_DEL,01-07-2021,5,5,8,3,0,682,30
P033,slow_moving,32,A320,LINE_DEL,01-08-2021,5,5,15,10,0,686,45
P033,slow_moving,32,A320,LINE_DEL,01-09-2021,0,0,10,10,0,601,30
P033,slow_moving,32,A320,LINE_DEL,01-10-2021,0,0,10,10,0,594,30
P033,slow_moving,32,A320,LINE_DEL,01-11-2021,4,4,10,6,0,583,60
P033,slow_moving,32,A320,LINE_DEL,01-12-2021,0,0,6,6,0,696,15
P033,slow_moving,32,A320,LINE_DEL,01-01-2022,1,1,6,5,0,580,45
P033,slow_moving,32,A320,LINE_DEL,01-02-2022,0,0,5,5,0,591,60
P033,slow_moving,32,A320,LINE_DEL,01-03-2022,2,2,5,3,0,600,60
P033,slow_moving,32,A320,LINE_DEL,01-04-2022,2,2,3,1,0,589,30
P033,slow_moving,32,A320,LINE_DEL,01-05-2022,0,0,11,11,0,589,60
P033,slow_moving,32,A320,LINE_DEL,01-06-2022,0,0,11,11,0,680,30
P033,slow_moving,32,A320,LINE_DEL,01-07-2022,5,5,11,6,0,680,30
P033,slow_moving,32,A320,LINE_DEL,01-08-2022,0,0,6,6,0,676,45
P033,slow_moving,32,A320,LINE_DEL,01-09-2022,4,4,6,2,0,589,30
P033,slow_moving,32,A320,LINE_DEL,01-10-2022,0,0,10,10,0,599,30
P033,slow_moving,32,A320,LINE_DEL,01-11-2022,2,2,10,8,0,590,45
P033,slow_moving,32,A320,LINE_DEL,01-12-2022,1,1,8,7,0,685,15
P033,slow_moving,32,A320,LINE_DEL,01-01-2023,3,3,7,4,0,586,45
P033,slow_moving,32,A320,LINE_DEL,01-02-2023,1,1,4,3,0,599,45
P033,slow_moving,32,A320,LINE_DEL,01-03-2023,0,0,3,3,0,597,15
P033,slow_moving,32,A320,LINE_DEL,01-04-2023,0,0,11,11,0,590,60
P033,slow_moving,32,A320,LINE_DEL,01-05-2023,4,4,11,7,0,595,60
P033,slow_moving,32,A320,LINE_DEL,01-06-2023,0,0,7,7,0,690,15
P033,slow_moving,32,A320,LINE_DEL,01-07-2023,3,3,7,4,0,673,15
P033,slow_moving,32,A320,LINE_DEL,01-08-2023,0,0,4,4,0,672,60
P033,slow_moving,32,A320,LINE_DEL,01-09-2023,3,3,4,1,0,593,60
P033,slow_moving,32,A320,LINE_DEL,01-10-2023,2,1,1,0,1,583,60
P033,slow_moving,32,A320,LINE_DEL,01-11-2023,1,1,10,9,0,582,30
P033,slow_moving,32,A320,LINE_DEL,01-12-2023,2,2,9,7,0,669,30
P033,slow_moving,32,A320,MRO_BLR,01-01-2018,1,1,27,26,0,603,45
P033,slow_moving,32,A320,MRO_BLR,01-02-2018,5,5,26,21,0,607,15
P033,slow_moving,32,A320,MRO_BLR,01-03-2018,3,3,21,18,0,605,45
P033,slow_moving,32,A320,MRO_BLR,01-04-2018,0,0,18,18,0,605,60
P033,slow_moving,32,A320,MRO_BLR,01-05-2018,2,2,18,16,0,594,15
P033,slow_moving,32,A320,MRO_BLR,01-06-2018,0,0,16,16,0,697,15
P033,slow_moving,32,A320,MRO_BLR,01-07-2018,0,0,16,16,0,693,45
P033,slow_moving,32,A320,MRO_BLR,01-08-2018,2,2,16,14,0,687,30
P033,slow_moving,32,A320,MRO_BLR,01-09-2018,4,4,14,10,0,604,60
P033,slow_moving,32,A320,MRO_BLR,01-10-2018,3,3,10,7,0,608,15
P033,slow_moving,32,A320,MRO_BLR,01-11-2018,0,0,7,7,0,599,60
P033,slow_moving,32,A320,MRO_BLR,01-12-2018,2,2,7,5,0,685,60
P033,slow_moving,32,A320,MRO_BLR,01-01-2019,0,0,5,5,0,594,45
P033,slow_moving,32,A320,MRO_BLR,01-02-2019,2,2,5,3,0,590,30
P033,slow_moving,32,A320,MRO_BLR,01-03-2019,4,4,14,10,0,597,30
P033,slow_moving,32,A320,MRO_BLR,01-04-2019,8,8,10,2,0,602,30
P033,slow_moving,32,A320,MRO_BLR,01-05-2019,3,3,13,10,0,609,60
P033,slow_moving,32,A320,MRO_BLR,01-06-2019,0,0,10,10,0,682,45
P033,slow_moving,32,A320,MRO_BLR,01-07-2019,0,0,10,10,0,690,60
P033,slow_moving,32,A320,MRO_BLR,01-08-2019,3,3,10,7,0,688,45
P033,slow_moving,32,A320,MRO_BLR,01-09-2019,0,0,7,7,0,598,60
P033,slow_moving,32,A320,MRO_BLR,01-10-2019,0,0,7,7,0,589,15
P033,slow_moving,32,A320,MRO_BLR,01-11-2019,2,2,7,5,0,592,15
P033,slow_moving,32,A320,MRO_BLR,01-12-2019,4,4,5,1,0,700,15
P033,slow_moving,32,A320,MRO_BLR,01-01-2020,1,1,9,8,0,602,30
P033,slow_moving,32,A320,MRO_BLR,01-02-2020,2,2,8,6,0,598,45
P033,slow_moving,32,A320,MRO_BLR,01-03-2020,3,3,6,3,0,599,60
P033,slow_moving,32,A320,MRO_BLR,01-04-2020,0,0,3,3,0,601,15
P033,slow_moving,32,A320,MRO_BLR,01-05-2020,0,0,11,11,0,594,60
P033,slow_moving,32,A320,MRO_BLR,01-06-2020,2,2,11,9,0,683,30
P033,slow_moving,32,A320,MRO_BLR,01-07-2020,0,0,9,9,0,682,45
P033,slow_moving,32,A320,MRO_BLR,01-08-2020,0,0,9,9,0,687,15
P033,slow_moving,32,A320,MRO_BLR,01-09-2020,2,2,9,7,0,590,60
P033,slow_moving,32,A320,MRO_BLR,01-10-2020,3,3,7,4,0,592,30
P033,slow_moving,32,A320,MRO_BLR,01-11-2020,0,0,4,4,0,599,60
P033,slow_moving,32,A320,MRO_BLR,01-12-2020,2,2,4,2,0,683,15
P033,slow_moving,32,A320,MRO_BLR,01-01-2021,1,1,12,11,0,584,60
P033,slow_moving,32,A320,MRO_BLR,01-02-2021,3,3,11,8,0,592,15
P033,slow_moving,32,A320,MRO_BLR,01-03-2021,0,0,8,8,0,598,60
P033,slow_moving,32,A320,MRO_BLR,01-04-2021,0,0,8,8,0,595,60
P033,slow_moving,32,A320,MRO_BLR,01-05-2021,2,2,8,6,0,585,30
P033,slow_moving,32,A320,MRO_BLR,01-06-2021,6,6,6,0,0,691,60
P033,slow_moving,32,A320,MRO_BLR,01-07-2021,3,0,0,0,1,682,15
P033,slow_moving,32,A320,MRO_BLR,01-08-2021,0,0,12,12,0,686,15
P033,slow_moving,32,A320,MRO_BLR,01-09-2021,0,0,12,12,0,601,15
P033,slow_moving,32,A320,MRO_BLR,01-10-2021,0,0,12,12,0,594,30
P033,slow_moving,32,A320,MRO_BLR,01-11-2021,0,0,12,12,0,583,45
P033,slow_moving,32,A320,MRO_BLR,01-12-2021,2,2,12,10,0,696,15
P033,slow_moving,32,A320,MRO_BLR,01-01-2022,0,0,10,10,0,580,30
P033,slow_moving,32,A320,MRO_BLR,01-02-2022,3,3,10,7,0,591,30
P033,slow_moving,32,A320,MRO_BLR,01-03-2022,3,3,7,4,0,600,45
P033,slow_moving,32,A320,MRO_BLR,01-04-2022,1,1,4,3,0,589,30
P033,slow_moving,32,A320,MRO_BLR,01-05-2022,0,0,12,12,0,589,45
P033,slow_moving,32,A320,MRO_BLR,01-06-2022,2,2,12,10,0,680,45
P033,slow_moving,32,A320,MRO_BLR,01-07-2022,2,2,10,8,0,680,60
P033,slow_moving,32,A320,MRO_BLR,01-08-2022,5,5,8,3,0,676,60
P033,slow_moving,32,A320,MRO_BLR,01-09-2022,0,0,3,3,0,589,60
P033,slow_moving,32,A320,MRO_BLR,01-10-2022,0,0,15,15,0,599,30
P033,slow_moving,32,A320,MRO_BLR,01-11-2022,1,1,15,14,0,590,45
P033,slow_moving,32,A320,MRO_BLR,01-12-2022,0,0,14,14,0,685,45
P033,slow_moving,32,A320,MRO_BLR,01-01-2023,3,3,14,11,0,586,45
P033,slow_moving,32,A320,MRO_BLR,01-02-2023,2,2,11,9,0,599,60
P033,slow_moving,32,A320,MRO_BLR,01-03-2023,0,0,9,9,0,597,60
P033,slow_moving,32,A320,MRO_BLR,01-04-2023,1,1,9,8,0,590,30
P033,slow_moving,32,A320,MRO_BLR,01-05-2023,0,0,8,8,0,595,15
P033,slow_moving,32,A320,MRO_BLR,01-06-2023,1,1,8,7,0,690,45
P033,slow_moving,32,A320,MRO_BLR,01-07-2023,3,3,7,4,0,673,45
P033,slow_moving,32,A320,MRO_BLR,01-08-2023,0,0,4,4,0,672,45
P033,slow_moving,32,A320,MRO_BLR,01-09-2023,5,4,4,0,1,593,15
P033,slow_moving,32,A320,MRO_BLR,01-10-2023,0,0,7,7,0,583,45
P033,slow_moving,32,A320,MRO_BLR,01-11-2023,2,2,7,5,0,582,45
P033,slow_moving,32,A320,MRO_BLR,01-12-2023,1,1,5,4,0,669,45
P034,slow_moving,32,A320,BASE_HYD,01-01-2018,4,4,23,19,0,452,60
P034,slow_moving,32,A320,BASE_HYD,01-02-2018,5,5,19,14,0,461,60
P034,slow_moving,32,A320,BASE_HYD,01-03-2018,0,0,14,14,0,453,60
P034,slow_moving,32,A320,BASE_HYD,01-04-2018,0,0,14,14,0,458,15
P034,slow_moving,32,A320,BASE_HYD,01-05-2018,4,4,14,10,0,455,30
P034,slow_moving,32,A320,BASE_HYD,01-06-2018,0,0,10,10,0,528,30
P034,slow_moving,32,A320,BASE_HYD,01-07-2018,3,3,10,7,0,523,30
P034,slow_moving,32,A320,BASE_HYD,01-08-2018,0,0,7,7,0,526,30
P034,slow_moving,32,A320,BASE_HYD,01-09-2018,0,0,7,7,0,462,15
P034,slow_moving,32,A320,BASE_HYD,01-10-2018,1,1,7,6,0,458,30
P034,slow_moving,32,A320,BASE_HYD,01-11-2018,6,6,6,0,0,453,15
P034,slow_moving,32,A320,BASE_HYD,01-12-2018,0,0,8,8,0,515,45
P034,slow_moving,32,A320,BASE_HYD,01-01-2019,3,3,8,5,0,454,15
P034,slow_moving,32,A320,BASE_HYD,01-02-2019,3,3,5,2,0,457,45
P034,slow_moving,32,A320,BASE_HYD,01-03-2019,3,2,2,0,1,455,60
P034,slow_moving,32,A320,BASE_HYD,01-04-2019,3,3,12,9,0,451,45
P034,slow_moving,32,A320,BASE_HYD,01-05-2019,3,3,9,6,0,455,60
P034,slow_moving,32,A320,BASE_HYD,01-06-2019,4,4,6,2,0,526,30
P034,slow_moving,32,A320,BASE_HYD,01-07-2019,0,0,14,14,0,530,60
P034,slow_moving,32,A320,BASE_HYD,01-08-2019,0,0,14,14,0,522,60
P034,slow_moving,32,A320,BASE_HYD,01-09-2019,2,2,14,12,0,466,60
P034,slow_moving,32,A320,BASE_HYD,01-10-2019,3,3,12,9,0,461,45
P034,slow_moving,32,A320,BASE_HYD,01-11-2019,1,1,9,8,0,455,15
P034,slow_moving,32,A320,BASE_HYD,01-12-2019,4,4,8,4,0,524,15
P034,slow_moving,32,A320,BASE_HYD,01-01-2020,3,3,4,1,0,460,30
P034,slow_moving,32,A320,BASE_HYD,01-02-2020,0,0,9,9,0,449,60
P034,slow_moving,32,A320,BASE_HYD,01-03-2020,3,3,9,6,0,450,15
P034,slow_moving,32,A320,BASE_HYD,01-04-2020,0,0,6,6,0,447,45
P034,slow_moving,32,A320,BASE_HYD,01-05-2020,1,1,6,5,0,452,60
P034,slow_moving,32,A320,BASE_HYD,01-06-2020,2,2,5,3,0,517,30
P034,slow_moving,32,A320,BASE_HYD,01-07-2020,5,5,13,8,0,519,15
P034,slow_moving,32,A320,BASE_HYD,01-08-2020,2,2,8,6,0,521,30
P034,slow_moving,32,A320,BASE_HYD,01-09-2020,2,2,6,4,0,447,60
P034,slow_moving,32,A320,BASE_HYD,01-10-2020,3,3,4,1,0,459,45
P034,slow_moving,32,A320,BASE_HYD,01-11-2020,0,0,1,1,0,459,60
P034,slow_moving,32,A320,BASE_HYD,01-12-2020,4,4,11,7,0,519,60
P034,slow_moving,32,A320,BASE_HYD,01-01-2021,1,1,7,6,0,459,30
P034,slow_moving,32,A320,BASE_HYD,01-02-2021,3,3,6,3,0,454,45
P034,slow_moving,32,A320,BASE_HYD,01-03-2021,5,3,3,0,1,457,30
P034,slow_moving,32,A320,BASE_HYD,01-04-2021,0,0,10,10,0,446,15
P034,slow_moving,32,A320,BASE_HYD,01-05-2021,1,1,10,9,0,450,60
P034,slow_moving,32,A320,BASE_HYD,01-06-2021,0,0,9,9,0,523,15
P034,slow_moving,32,A320,BASE_HYD,01-07-2021,1,1,9,8,0,519,30
P034,slow_moving,32,A320,BASE_HYD,01-08-2021,0,0,8,8,0,519,15
P034,slow_moving,32,A320,BASE_HYD,01-09-2021,0,0,8,8,0,451,60
P034,slow_moving,32,A320,BASE_HYD,01-10-2021,0,0,8,8,0,454,15
P034,slow_moving,32,A320,BASE_HYD,01-11-2021,1,1,8,7,0,452,30
P034,slow_moving,32,A320,BASE_HYD,01-12-2021,2,2,7,5,0,528,60
P034,slow_moving,32,A320,BASE_HYD,01-01-2022,0,0,5,5,0,446,60
P034,slow_moving,32,A320,BASE_HYD,01-02-2022,0,0,5,5,0,451,15
P034,slow_moving,32,A320,BASE_HYD,01-03-2022,0,0,5,5,0,454,45
P034,slow_moving,32,A320,BASE_HYD,01-04-2022,2,2,5,3,0,445,30
P034,slow_moving,32,A320,BASE_HYD,01-05-2022,0,0,11,11,0,449,60
P034,slow_moving,32,A320,BASE_HYD,01-06-2022,4,4,11,7,0,519,45
P034,slow_moving,32,A320,BASE_HYD,01-07-2022,3,3,7,4,0,526,15
P034,slow_moving,32,A320,BASE_HYD,01-08-2022,2,2,4,2,0,519,60
P034,slow_moving,32,A320,BASE_HYD,01-09-2022,0,0,2,2,0,454,60
P034,slow_moving,32,A320,BASE_HYD,01-10-2022,0,0,11,11,0,454,60
P034,slow_moving,32,A320,BASE_HYD,01-11-2022,1,1,11,10,0,438,30
P034,slow_moving,32,A320,BASE_HYD,01-12-2022,8,8,10,2,0,519,45
P034,slow_moving,32,A320,BASE_HYD,01-01-2023,3,2,2,0,1,447,60
P034,slow_moving,32,A320,BASE_HYD,01-02-2023,5,5,9,4,0,456,15
P034,slow_moving,32,A320,BASE_HYD,01-03-2023,0,0,4,4,0,452,45
P034,slow_moving,32,A320,BASE_HYD,01-04-2023,1,1,4,3,0,453,15
P034,slow_moving,32,A320,BASE_HYD,01-05-2023,0,0,14,14,0,451,60
P034,slow_moving,32,A320,BASE_HYD,01-06-2023,0,0,14,14,0,517,60
P034,slow_moving,32,A320,BASE_HYD,01-07-2023,3,3,14,11,0,521,45
P034,slow_moving,32,A320,BASE_HYD,01-08-2023,0,0,11,11,0,516,60
P034,slow_moving,32,A320,BASE_HYD,01-09-2023,2,2,11,9,0,455,45
P034,slow_moving,32,A320,BASE_HYD,01-10-2023,3,3,9,6,0,444,45
P034,slow_moving,32,A320,BASE_HYD,01-11-2023,1,1,6,5,0,454,45
P034,slow_moving,32,A320,BASE_HYD,01-12-2023,6,5,5,0,1,515,30
P034,slow_moving,32,A320,LINE_DEL,01-01-2018,4,4,26,22,0,452,30
P034,slow_moving,32,A320,LINE_DEL,01-02-2018,1,1,22,21,0,461,45
P034,slow_moving,32,A320,LINE_DEL,01-03-2018,2,2,21,19,0,453,60
P034,slow_moving,32,A320,LINE_DEL,01-04-2018,2,2,19,17,0,458,30
P034,slow_moving,32,A320,LINE_DEL,01-05-2018,0,0,17,17,0,455,30
P034,slow_moving,32,A320,LINE_DEL,01-06-2018,0,0,17,17,0,528,45
P034,slow_moving,32,A320,LINE_DEL,01-07-2018,0,0,17,17,0,523,15
P034,slow_moving,32,A320,LINE_DEL,01-08-2018,0,0,17,17,0,526,45
P034,slow_moving,32,A320,LINE_DEL,01-09-2018,2,2,17,15,0,462,15
P034,slow_moving,32,A320,LINE_DEL,01-10-2018,3,3,15,12,0,458,45
P034,slow_moving,32,A320,LINE_DEL,01-11-2018,3,3,12,9,0,453,60
P034,slow_moving,32,A320,LINE_DEL,01-12-2018,0,0,9,9,0,515,60
P034,slow_moving,32,A320,LINE_DEL,01-01-2019,3,3,9,6,0,454,60
P034,slow_moving,32,A320,LINE_DEL,01-02-2019,0,0,6,6,0,457,30
P034,slow_moving,32,A320,LINE_DEL,01-03-2019,0,0,6,6,0,455,60
P034,slow_moving,32,A320,LINE_DEL,01-04-2019,0,0,6,6,0,451,45
P034,slow_moving,32,A320,LINE_DEL,01-05-2019,0,0,6,6,0,455,30
P034,slow_moving,32,A320,LINE_DEL,01-06-2019,6,6,6,0,0,526,45
P034,slow_moving,32,A320,LINE_DEL,01-07-2019,0,0,0,0,0,530,15
P034,slow_moving,32,A320,LINE_DEL,01-08-2019,1,1,10,9,0,522,45
P034,slow_moving,32,A320,LINE_DEL,01-09-2019,2,2,9,7,0,466,45
P034,slow_moving,32,A320,LINE_DEL,01-10-2019,1,1,7,6,0,461,15
P034,slow_moving,32,A320,LINE_DEL,01-11-2019,2,2,6,4,0,455,15
P034,slow_moving,32,A320,LINE_DEL,01-12-2019,7,4,4,0,1,524,15
P034,slow_moving,32,A320,LINE_DEL,01-01-2020,3,3,11,8,0,460,30
P034,slow_moving,32,A320,LINE_DEL,01-02-2020,1,1,8,7,0,449,30
P034,slow_moving,32,A320,LINE_DEL,01-03-2020,4,4,7,3,0,450,30
P034,slow_moving,32,A320,LINE_DEL,01-04-2020,1,1,14,13,0,447,30
P034,slow_moving,32,A320,LINE_DEL,01-05-2020,4,4,13,9,0,452,60
P034,slow_moving,32,A320,LINE_DEL,01-06-2020,2,2,9,7,0,517,30
P034,slow_moving,32,A320,LINE_DEL,01-07-2020,3,3,7,4,0,519,60
P034,slow_moving,32,A320,LINE_DEL,01-08-2020,4,4,4,0,0,521,45
P034,slow_moving,32,A320,LINE_DEL,01-09-2020,0,0,0,0,0,447,60
P034,slow_moving,32,A320,LINE_DEL,01-10-2020,3,3,10,7,0,459,60
P034,slow_moving,32,A320,LINE_DEL,01-11-2020,1,1,7,6,0,459,60
P034,slow_moving,32,A320,LINE_DEL,01-12-2020,2,2,6,4,0,519,60
P034,slow_moving,32,A320,LINE_DEL,01-01-2021,2,2,4,2,0,459,30
P034,slow_moving,32,A320,LINE_DEL,01-02-2021,0,0,13,13,0,454,30
P034,slow_moving,32,A320,LINE_DEL,01-03-2021,4,4,13,9,0,457,30
P034,slow_moving,32,A320,LINE_DEL,01-04-2021,4,4,9,5,0,446,15
P034,slow_moving,32,A320,LINE_DEL,01-05-2021,2,2,5,3,0,450,30
P034,slow_moving,32,A320,LINE_DEL,01-06-2021,0,0,13,13,0,523,60
P034,slow_moving,32,A320,LINE_DEL,01-07-2021,5,5,13,8,0,519,15
P034,slow_moving,32,A320,LINE_DEL,01-08-2021,3,3,8,5,0,519,45
P034,slow_moving,32,A320,LINE_DEL,01-09-2021,0,0,5,5,0,451,60
P034,slow_moving,32,A320,LINE_DEL,01-10-2021,1,1,5,4,0,454,60
P034,slow_moving,32,A320,LINE_DEL,01-11-2021,0,0,4,4,0,452,30
P034,slow_moving,32,A320,LINE_DEL,01-12-2021,4,4,4,0,0,528,30
P034,slow_moving,32,A320,LINE_DEL,01-01-2022,3,3,10,7,0,446,45
P034,slow_moving,32,A320,LINE_DEL,01-02-2022,4,4,7,3,0,451,30
P034,slow_moving,32,A320,LINE_DEL,01-03-2022,1,1,13,12,0,454,15
P034,slow_moving,32,A320,LINE_DEL,01-04-2022,0,0,12,12,0,445,30
P034,slow_moving,32,A320,LINE_DEL,01-05-2022,2,2,12,10,0,449,60
P034,slow_moving,32,A320,LINE_DEL,01-06-2022,3,3,10,7,0,519,30
P034,slow_moving,32,A320,LINE_DEL,01-07-2022,2,2,7,5,0,526,30
P034,slow_moving,32,A320,LINE_DEL,01-08-2022,0,0,5,5,0,519,60
P034,slow_moving,32,A320,LINE_DEL,01-09-2022,0,0,5,5,0,454,30
P034,slow_moving,32,A320,LINE_DEL,01-10-2022,0,0,5,5,0,454,30
P034,slow_moving,32,A320,LINE_DEL,01-11-2022,1,1,5,4,0,438,60
P034,slow_moving,32,A320,LINE_DEL,01-12-2022,2,2,4,2,0,519,60
P034,slow_moving,32,A320,LINE_DEL,01-01-2023,3,2,2,0,1,447,15
P034,slow_moving,32,A320,LINE_DEL,01-02-2023,2,2,9,7,0,456,45
P034,slow_moving,32,A320,LINE_DEL,01-03-2023,0,0,7,7,0,452,15
P034,slow_moving,32,A320,LINE_DEL,01-04-2023,2,2,7,5,0,453,45
P034,slow_moving,32,A320,LINE_DEL,01-05-2023,0,0,5,5,0,451,30
P034,slow_moving,32,A320,LINE_DEL,01-06-2023,0,0,5,5,0,517,60
P034,slow_moving,32,A320,LINE_DEL,01-07-2023,0,0,5,5,0,521,30
P034,slow_moving,32,A320,LINE_DEL,01-08-2023,5,5,5,0,0,516,60
P034,slow_moving,32,A320,LINE_DEL,01-09-2023,3,0,0,0,1,455,15
P034,slow_moving,32,A320,LINE_DEL,01-10-2023,3,3,7,4,0,444,30
P034,slow_moving,32,A320,LINE_DEL,01-11-2023,2,2,4,2,0,454,45
P034,slow_moving,32,A320,LINE_DEL,01-12-2023,3,2,2,0,1,515,45
P034,slow_moving,32,A320,MRO_BLR,01-01-2018,0,0,17,17,0,452,30
P034,slow_moving,32,A320,MRO_BLR,01-02-2018,2,2,17,15,0,461,60
P034,slow_moving,32,A320,MRO_BLR,01-03-2018,0,0,15,15,0,453,15
P034,slow_moving,32,A320,MRO_BLR,01-04-2018,3,3,15,12,0,458,15
P034,slow_moving,32,A320,MRO_BLR,01-05-2018,4,4,12,8,0,455,60
P034,slow_moving,32,A320,MRO_BLR,01-06-2018,2,2,8,6,0,528,30
P034,slow_moving,32,A320,MRO_BLR,01-07-2018,4,4,6,2,0,523,45
P034,slow_moving,32,A320,MRO_BLR,01-08-2018,3,2,2,0,1,526,45
P034,slow_moving,32,A320,MRO_BLR,01-09-2018,3,3,11,8,0,462,60
P034,slow_moving,32,A320,MRO_BLR,01-10-2018,4,4,8,4,0,458,15
P034,slow_moving,32,A320,MRO_BLR,01-11-2018,3,3,4,1,0,453,60
P034,slow_moving,32,A320,MRO_BLR,01-12-2018,3,1,1,0,1,515,15
P034,slow_moving,32,A320,MRO_BLR,01-01-2019,3,3,9,6,0,454,30
P034,slow_moving,32,A320,MRO_BLR,01-02-2019,2,2,6,4,0,457,45
P034,slow_moving,32,A320,MRO_BLR,01-03-2019,4,4,4,0,0,455,15
P034,slow_moving,32,A320,MRO_BLR,01-04-2019,0,0,9,9,0,451,15
P034,slow_moving,32,A320,MRO_BLR,01-05-2019,0,0,9,9,0,455,45
P034,slow_moving,32,A320,MRO_BLR,01-06-2019,2,2,9,7,0,526,45
P034,slow_moving,32,A320,MRO_BLR,01-07-2019,0,0,7,7,0,530,15
P034,slow_moving,32,A320,MRO_BLR,01-08-2019,0,0,7,7,0,522,45
P034,slow_moving,32,A320,MRO_BLR,01-09-2019,3,3,7,4,0,466,30
P034,slow_moving,32,A320,MRO_BLR,01-10-2019,2,2,4,2,0,461,45
P034,slow_moving,32,A320,MRO_BLR,01-11-2019,2,2,2,0,0,455,60
P034,slow_moving,32,A320,MRO_BLR,01-12-2019,2,2,8,6,0,524,45
P034,slow_moving,32,A320,MRO_BLR,01-01-2020,2,2,6,4,0,460,60
P034,slow_moving,32,A320,MRO_BLR,01-02-2020,2,2,4,2,0,449,15
P034,slow_moving,32,A320,MRO_BLR,01-03-2020,1,1,14,13,0,450,15
P034,slow_moving,32,A320,MRO_BLR,01-04-2020,2,2,13,11,0,447,15
P034,slow_moving,32,A320,MRO_BLR,01-05-2020,1,1,11,10,0,452,15
P034,slow_moving,32,A320,MRO_BLR,01-06-2020,0,0,10,10,0,517,30
P034,slow_moving,32,A320,MRO_BLR,01-07-2020,4,4,10,6,0,519,60
P034,slow_moving,32,A320,MRO_BLR,01-08-2020,3,3,6,3,0,521,60
P034,slow_moving,32,A320,MRO_BLR,01-09-2020,2,2,3,1,0,447,60
P034,slow_moving,32,A320,MRO_BLR,01-10-2020,4,4,8,4,0,459,15
P034,slow_moving,32,A320,MRO_BLR,01-11-2020,1,1,4,3,0,459,60
P034,slow_moving,32,A320,MRO_BLR,01-12-2020,3,3,3,0,0,519,45
P034,slow_moving,32,A320,MRO_BLR,01-01-2021,0,0,8,8,0,459,45
P034,slow_moving,32,A320,MRO_BLR,01-02-2021,1,1,8,7,0,454,60
P034,slow_moving,32,A320,MRO_BLR,01-03-2021,0,0,7,7,0,457,45
P034,slow_moving,32,A320,MRO_BLR,01-04-2021,4,4,7,3,0,446,15
P034,slow_moving,32,A320,MRO_BLR,01-05-2021,2,2,15,13,0,450,30
P034,slow_moving,32,A320,MRO_BLR,01-06-2021,3,3,13,10,0,523,60
P034,slow_moving,32,A320,MRO_BLR,01-07-2021,5,5,10,5,0,519,15
P034,slow_moving,32,A320,MRO_BLR,01-08-2021,0,0,5,5,0,519,60
P034,slow_moving,32,A320,MRO_BLR,01-09-2021,3,3,5,2,0,451,30
P034,slow_moving,32,A320,MRO_BLR,01-10-2021,4,4,14,10,0,454,60
P034,slow_moving,32,A320,MRO_BLR,01-11-2021,0,0,10,10,0,452,60
P034,slow_moving,32,A320,MRO_BLR,01-12-2021,0,0,10,10,0,528,15
P034,slow_moving,32,A320,MRO_BLR,01-01-2022,3,3,10,7,0,446,45
P034,slow_moving,32,A320,MRO_BLR,01-02-2022,1,1,7,6,0,451,45
P034,slow_moving,32,A320,MRO_BLR,01-03-2022,5,5,6,1,0,454,60
P034,slow_moving,32,A320,MRO_BLR,01-04-2022,2,1,1,0,1,445,15
P034,slow_moving,32,A320,MRO_BLR,01-05-2022,0,0,11,11,0,449,60
P034,slow_moving,32,A320,MRO_BLR,01-06-2022,2,2,11,9,0,519,30
P034,slow_moving,32,A320,MRO_BLR,01-07-2022,0,0,9,9,0,526,60
P034,slow_moving,32,A320,MRO_BLR,01-08-2022,7,7,9,2,0,519,60
P034,slow_moving,32,A320,MRO_BLR,01-09-2022,2,2,2,0,0,454,45
P034,slow_moving,32,A320,MRO_BLR,01-10-2022,2,2,11,9,0,454,45
P034,slow_moving,32,A320,MRO_BLR,01-11-2022,4,4,9,5,0,438,45
P034,slow_moving,32,A320,MRO_BLR,01-12-2022,6,5,5,0,1,519,60
P034,slow_moving,32,A320,MRO_BLR,01-01-2023,2,0,0,0,1,447,15
P034,slow_moving,32,A320,MRO_BLR,01-02-2023,2,2,12,10,0,456,60
P034,slow_moving,32,A320,MRO_BLR,01-03-2023,4,4,10,6,0,452,45
P034,slow_moving,32,A320,MRO_BLR,01-04-2023,0,0,6,6,0,453,45
P034,slow_moving,32,A320,MRO_BLR,01-05-2023,3,3,6,3,0,451,60
P034,slow_moving,32,A320,MRO_BLR,01-06-2023,4,3,3,0,1,517,30
P034,slow_moving,32,A320,MRO_BLR,01-07-2023,0,0,12,12,0,521,15
P034,slow_moving,32,A320,MRO_BLR,01-08-2023,0,0,12,12,0,516,15
P034,slow_moving,32,A320,MRO_BLR,01-09-2023,5,5,12,7,0,455,45
P034,slow_moving,32,A320,MRO_BLR,01-10-2023,0,0,7,7,0,444,30
P034,slow_moving,32,A320,MRO_BLR,01-11-2023,4,4,7,3,0,454,15
P034,slow_moving,32,A320,MRO_BLR,01-12-2023,0,0,10,10,0,515,30
P035,slow_moving,21,B737,BASE_HYD,01-01-2018,0,0,24,24,0,661,15
P035,slow_moving,21,B737,BASE_HYD,01-02-2018,3,3,24,21,0,641,45
P035,slow_moving,21,B737,BASE_HYD,01-03-2018,1,1,21,20,0,660,15
P035,slow_moving,21,B737,BASE_HYD,01-04-2018,2,2,20,18,0,651,45
P035,slow_moving,21,B737,BASE_HYD,01-05-2018,0,0,18,18,0,657,60
P035,slow_moving,21,B737,BASE_HYD,01-06-2018,1,1,18,17,0,759,45
P035,slow_moving,21,B737,BASE_HYD,01-07-2018,0,0,17,17,0,752,15
P035,slow_moving,21,B737,BASE_HYD,01-08-2018,4,4,17,13,0,751,45
P035,slow_moving,21,B737,BASE_HYD,01-09-2018,2,2,13,11,0,650,30
P035,slow_moving,21,B737,BASE_HYD,01-10-2018,0,0,11,11,0,664,15
P035,slow_moving,21,B737,BASE_HYD,01-11-2018,1,1,11,10,0,655,15
P035,slow_moving,21,B737,BASE_HYD,01-12-2018,4,4,10,6,0,753,30
P035,slow_moving,21,B737,BASE_HYD,01-01-2019,0,0,6,6,0,661,60
P035,slow_moving,21,B737,BASE_HYD,01-02-2019,2,2,6,4,0,648,30
P035,slow_moving,21,B737,BASE_HYD,01-03-2019,3,3,4,1,0,649,15
P035,slow_moving,21,B737,BASE_HYD,01-04-2019,4,4,9,5,0,657,15
P035,slow_moving,21,B737,BASE_HYD,01-05-2019,1,1,5,4,0,663,15
P035,slow_moving,21,B737,BASE_HYD,01-06-2019,4,4,4,0,0,749,60
P035,slow_moving,21,B737,BASE_HYD,01-07-2019,0,0,0,0,0,752,15
P035,slow_moving,21,B737,BASE_HYD,01-08-2019,6,6,12,6,0,737,45
P035,slow_moving,21,B737,BASE_HYD,01-09-2019,0,0,6,6,0,659,60
P035,slow_moving,21,B737,BASE_HYD,01-10-2019,1,1,6,5,0,644,45
P035,slow_moving,21,B737,BASE_HYD,01-11-2019,0,0,5,5,0,648,30
P035,slow_moving,21,B737,BASE_HYD,01-12-2019,1,1,5,4,0,750,15
P035,slow_moving,21,B737,BASE_HYD,01-01-2020,2,2,4,2,0,645,15
P035,slow_moving,21,B737,BASE_HYD,01-02-2020,2,2,14,12,0,636,45
P035,slow_moving,21,B737,BASE_HYD,01-03-2020,2,2,12,10,0,641,60
P035,slow_moving,21,B737,BASE_HYD,01-04-2020,2,2,10,8,0,650,60
P035,slow_moving,21,B737,BASE_HYD,01-05-2020,2,2,8,6,0,659,30
P035,slow_moving,21,B737,BASE_HYD,01-06-2020,6,6,6,0,0,757,45
P035,slow_moving,21,B737,BASE_HYD,01-07-2020,2,0,0,0,1,749,45
P035,slow_moving,21,B737,BASE_HYD,01-08-2020,4,4,8,4,0,748,60
P035,slow_moving,21,B737,BASE_HYD,01-09-2020,0,0,4,4,0,654,45
P035,slow_moving,21,B737,BASE_HYD,01-10-2020,0,0,4,4,0,658,45
P035,slow_moving,21,B737,BASE_HYD,01-11-2020,4,4,4,0,0,650,30
P035,slow_moving,21,B737,BASE_HYD,01-12-2020,3,3,11,8,0,748,45
P035,slow_moving,21,B737,BASE_HYD,01-01-2021,3,3,8,5,0,648,30
P035,slow_moving,21,B737,BASE_HYD,01-02-2021,0,0,5,5,0,654,30
P035,slow_moving,21,B737,BASE_HYD,01-03-2021,0,0,5,5,0,638,60
P035,slow_moving,21,B737,BASE_HYD,01-04-2021,2,2,5,3,0,647,15
P035,slow_moving,21,B737,BASE_HYD,01-05-2021,3,3,14,11,0,650,30
P035,slow_moving,21,B737,BASE_HYD,01-06-2021,4,4,11,7,0,730,30
P035,slow_moving,21,B737,BASE_HYD,01-07-2021,4,4,7,3,0,751,30
P035,slow_moving,21,B737,BASE_HYD,01-08-2021,0,0,14,14,0,752,30
P035,slow_moving,21,B737,BASE_HYD,01-09-2021,3,3,14,11,0,635,30
P035,slow_moving,21,B737,BASE_HYD,01-10-2021,0,0,11,11,0,644,60
P035,slow_moving,21,B737,BASE_HYD,01-11-2021,1,1,11,10,0,645,30
P035,slow_moving,21,B737,BASE_HYD,01-12-2021,0,0,10,10,0,738,60
P035,slow_moving,21,B737,BASE_HYD,01-01-2022,6,6,10,4,0,640,30
P035,slow_moving,21,B737,BASE_HYD,01-02-2022,0,0,4,4,0,642,60
P035,slow_moving,21,B737,BASE_HYD,01-03-2022,2,2,4,2,0,649,30
P035,slow_moving,21,B737,BASE_HYD,01-04-2022,0,0,11,11,0,653,45
P035,slow_moving,21,B737,BASE_HYD,01-05-2022,2,2,11,9,0,649,60
P035,slow_moving,21,B737,BASE_HYD,01-06-2022,4,4,9,5,0,735,15
P035,slow_moving,21,B737,BASE_HYD,01-07-2022,0,0,5,5,0,748,60
P035,slow_moving,21,B737,BASE_HYD,01-08-2022,0,0,5,5,0,746,30
P035,slow_moving,21,B737,BASE_HYD,01-09-2022,0,0,5,5,0,626,60
P035,slow_moving,21,B737,BASE_HYD,01-10-2022,1,1,5,4,0,653,45
P035,slow_moving,21,B737,BASE_HYD,01-11-2022,0,0,4,4,0,646,45
P035,slow_moving,21,B737,BASE_HYD,01-12-2022,3,3,4,1,0,743,30
P035,slow_moving,21,B737,BASE_HYD,01-01-2023,3,3,8,5,0,632,15
P035,slow_moving,21,B737,BASE_HYD,01-02-2023,0,0,5,5,0,654,15
P035,slow_moving,21,B737,BASE_HYD,01-03-2023,0,0,5,5,0,645,45
P035,slow_moving,21,B737,BASE_HYD,01-04-2023,3,3,5,2,0,648,45
P035,slow_moving,21,B737,BASE_HYD,01-05-2023,0,0,2,2,0,635,60
P035,slow_moving,21,B737,BASE_HYD,01-06-2023,0,0,12,12,0,743,60
P035,slow_moving,21,B737,BASE_HYD,01-07-2023,6,6,12,6,0,744,30
P035,slow_moving,21,B737,BASE_HYD,01-08-2023,0,0,6,6,0,739,45
P035,slow_moving,21,B737,BASE_HYD,01-09-2023,2,2,6,4,0,635,15
P035,slow_moving,21,B737,BASE_HYD,01-10-2023,1,1,4,3,0,643,45
P035,slow_moving,21,B737,BASE_HYD,01-11-2023,5,3,3,0,1,637,30
P035,slow_moving,21,B737,BASE_HYD,01-12-2023,0,0,9,9,0,735,30
P035,slow_moving,21,B737,LINE_DEL,01-01-2018,3,3,17,14,0,661,30
P035,slow_moving,21,B737,LINE_DEL,01-02-2018,0,0,14,14,0,641,30
P035,slow_moving,21,B737,LINE_DEL,01-03-2018,5,5,14,9,0,660,15
P035,slow_moving,21,B737,LINE_DEL,01-04-2018,2,2,9,7,0,651,60
P035,slow_moving,21,B737,LINE_DEL,01-05-2018,0,0,7,7,0,657,30
P035,slow_moving,21,B737,LINE_DEL,01-06-2018,2,2,7,5,0,759,15
P035,slow_moving,21,B737,LINE_DEL,01-07-2018,0,0,5,5,0,752,15
P035,slow_moving,21,B737,LINE_DEL,01-08-2018,3,3,5,2,0,751,15
P035,slow_moving,21,B737,LINE_DEL,01-09-2018,1,1,13,12,0,650,15
P035,slow_moving,21,B737,LINE_DEL,01-10-2018,3,3,12,9,0,664,15
P035,slow_moving,21,B737,LINE_DEL,01-11-2018,4,4,9,5,0,655,45
P035,slow_moving,21,B737,LINE_DEL,01-12-2018,3,3,5,2,0,753,30
P035,slow_moving,21,B737,LINE_DEL,01-01-2019,0,0,13,13,0,661,45
P035,slow_moving,21,B737,LINE_DEL,01-02-2019,1,1,13,12,0,648,45
P035,slow_moving,21,B737,LINE_DEL,01-03-2019,0,0,12,12,0,649,15
P035,slow_moving,21,B737,LINE_DEL,01-04-2019,6,6,12,6,0,657,45
P035,slow_moving,21,B737,LINE_DEL,01-05-2019,3,3,6,3,0,663,60
P035,slow_moving,21,B737,LINE_DEL,01-06-2019,6,3,3,0,1,749,60
P035,slow_moving,21,B737,LINE_DEL,01-07-2019,8,8,11,3,0,752,60
P035,slow_moving,21,B737,LINE_DEL,01-08-2019,2,2,3,1,0,737,30
P035,slow_moving,21,B737,LINE_DEL,01-09-2019,0,0,13,13,0,659,30
P035,slow_moving,21,B737,LINE_DEL,01-10-2019,5,5,13,8,0,644,45
P035,slow_moving,21,B737,LINE_DEL,01-11-2019,4,4,8,4,0,648,15
P035,slow_moving,21,B737,LINE_DEL,01-12-2019,3,3,4,1,0,750,45
P035,slow_moving,21,B737,LINE_DEL,01-01-2020,5,1,1,0,1,645,30
P035,slow_moving,21,B737,LINE_DEL,01-02-2020,4,4,12,8,0,636,30
P035,slow_moving,21,B737,LINE_DEL,01-03-2020,2,2,8,6,0,641,45
P035,slow_moving,21,B737,LINE_DEL,01-04-2020,0,0,6,6,0,650,45
P035,slow_moving,21,B737,LINE_DEL,01-05-2020,2,2,6,4,0,659,45
P035,slow_moving,21,B737,LINE_DEL,01-06-2020,5,4,4,0,1,757,30
P035,slow_moving,21,B737,LINE_DEL,01-07-2020,1,1,7,6,0,749,15
P035,slow_moving,21,B737,LINE_DEL,01-08-2020,3,3,6,3,0,748,15
P035,slow_moving,21,B737,LINE_DEL,01-09-2020,2,2,10,8,0,654,45
P035,slow_moving,21,B737,LINE_DEL,01-10-2020,0,0,8,8,0,658,15
P035,slow_moving,21,B737,LINE_DEL,01-11-2020,1,1,8,7,0,650,15
P035,slow_moving,21,B737,LINE_DEL,01-12-2020,2,2,7,5,0,748,15
P035,slow_moving,21,B737,LINE_DEL,01-01-2021,3,3,5,2,0,648,45
P035,slow_moving,21,B737,LINE_DEL,01-02-2021,5,2,2,0,1,654,15
P035,slow_moving,21,B737,LINE_DEL,01-03-2021,4,4,7,3,0,638,60
P035,slow_moving,21,B737,LINE_DEL,01-04-2021,0,0,3,3,0,647,15
P035,slow_moving,21,B737,LINE_DEL,01-05-2021,4,4,14,10,0,650,45
P035,slow_moving,21,B737,LINE_DEL,01-06-2021,3,3,10,7,0,730,60
P035,slow_moving,21,B737,LINE_DEL,01-07-2021,2,2,7,5,0,751,15
P035,slow_moving,21,B737,LINE_DEL,01-08-2021,0,0,5,5,0,752,45
P035,slow_moving,21,B737,LINE_DEL,01-09-2021,1,1,5,4,0,635,60
P035,slow_moving,21,B737,LINE_DEL,01-10-2021,3,3,4,1,0,644,15
P035,slow_moving,21,B737,LINE_DEL,01-11-2021,1,1,8,7,0,645,60
P035,slow_moving,21,B737,LINE_DEL,01-12-2021,6,6,7,1,0,738,60
P035,slow_moving,21,B737,LINE_DEL,01-01-2022,5,1,1,0,1,640,60
P035,slow_moving,21,B737,LINE_DEL,01-02-2022,4,4,11,7,0,642,45
P035,slow_moving,21,B737,LINE_DEL,01-03-2022,2,2,7,5,0,649,45
P035,slow_moving,21,B737,LINE_DEL,01-04-2022,3,3,5,2,0,653,15
P035,slow_moving,21,B737,LINE_DEL,01-05-2022,6,6,14,8,0,649,30
P035,slow_moving,21,B737,LINE_DEL,01-06-2022,2,2,8,6,0,735,60
P035,slow_moving,21,B737,LINE_DEL,01-07-2022,7,6,6,0,1,748,15
P035,slow_moving,21,B737,LINE_DEL,01-08-2022,1,1,9,8,0,746,45
P035,slow_moving,21,B737,LINE_DEL,01-09-2022,3,3,8,5,0,626,15
P035,slow_moving,21,B737,LINE_DEL,01-10-2022,0,0,5,5,0,653,30
P035,slow_moving,21,B737,LINE_DEL,01-11-2022,0,0,5,5,0,646,15
P035,slow_moving,21,B737,LINE_DEL,01-12-2022,0,0,5,5,0,743,30
P035,slow_moving,21,B737,LINE_DEL,01-01-2023,0,0,5,5,0,632,15
P035,slow_moving,21,B737,LINE_DEL,01-02-2023,3,3,5,2,0,654,15
P035,slow_moving,21,B737,LINE_DEL,01-03-2023,0,0,12,12,0,645,30
P035,slow_moving,21,B737,LINE_DEL,01-04-2023,3,3,12,9,0,648,15
P035,slow_moving,21,B737,LINE_DEL,01-05-2023,1,1,9,8,0,635,60
P035,slow_moving,21,B737,LINE_DEL,01-06-2023,0,0,8,8,0,743,30
P035,slow_moving,21,B737,LINE_DEL,01-07-2023,0,0,8,8,0,744,30
P035,slow_moving,21,B737,LINE_DEL,01-08-2023,1,1,8,7,0,739,30
P035,slow_moving,21,B737,LINE_DEL,01-09-2023,3,3,7,4,0,635,15
P035,slow_moving,21,B737,LINE_DEL,01-10-2023,4,4,4,0,0,643,60
P035,slow_moving,21,B737,LINE_DEL,01-11-2023,4,0,0,0,1,637,15
P035,slow_moving,21,B737,LINE_DEL,01-12-2023,0,0,11,11,0,735,60
P035,slow_moving,21,B737,MRO_BLR,01-01-2018,0,0,25,25,0,661,15
P035,slow_moving,21,B737,MRO_BLR,01-02-2018,2,2,25,23,0,641,15
P035,slow_moving,21,B737,MRO_BLR,01-03-2018,2,2,23,21,0,660,45
P035,slow_moving,21,B737,MRO_BLR,01-04-2018,0,0,21,21,0,651,15
P035,slow_moving,21,B737,MRO_BLR,01-05-2018,3,3,21,18,0,657,45
P035,slow_moving,21,B737,MRO_BLR,01-06-2018,4,4,18,14,0,759,15
P035,slow_moving,21,B737,MRO_BLR,01-07-2018,0,0,14,14,0,752,45
P035,slow_moving,21,B737,MRO_BLR,01-08-2018,3,3,14,11,0,751,45
P035,slow_moving,21,B737,MRO_BLR,01-09-2018,7,7,11,4,0,650,45
P035,slow_moving,21,B737,MRO_BLR,01-10-2018,0,0,4,4,0,664,45
P035,slow_moving,21,B737,MRO_BLR,01-11-2018,0,0,4,4,0,655,30
P035,slow_moving,21,B737,MRO_BLR,01-12-2018,4,4,4,0,0,753,15
P035,slow_moving,21,B737,MRO_BLR,01-01-2019,0,0,10,10,0,661,15
P035,slow_moving,21,B737,MRO_BLR,01-02-2019,3,3,10,7,0,648,60
P035,slow_moving,21,B737,MRO_BLR,01-03-2019,0,0,7,7,0,649,45
P035,slow_moving,21,B737,MRO_BLR,01-04-2019,1,1,7,6,0,657,60
P035,slow_moving,21,B737,MRO_BLR,01-05-2019,0,0,6,6,0,663,45
P035,slow_moving,21,B737,MRO_BLR,01-06-2019,2,2,6,4,0,749,60
P035,slow_moving,21,B737,MRO_BLR,01-07-2019,2,2,4,2,0,752,60
P035,slow_moving,21,B737,MRO_BLR,01-08-2019,3,2,2,0,1,737,15
P035,slow_moving,21,B737,MRO_BLR,01-09-2019,2,2,11,9,0,659,60
P035,slow_moving,21,B737,MRO_BLR,01-10-2019,7,7,9,2,0,644,45
P035,slow_moving,21,B737,MRO_BLR,01-11-2019,0,0,2,2,0,648,15
P035,slow_moving,21,B737,MRO_BLR,01-12-2019,0,0,13,13,0,750,30
P035,slow_moving,21,B737,MRO_BLR,01-01-2020,2,2,13,11,0,645,60
P035,slow_moving,21,B737,MRO_BLR,01-02-2020,5,5,11,6,0,636,30
P035,slow_moving,21,B737,MRO_BLR,01-03-2020,5,5,6,1,0,641,60
P035,slow_moving,21,B737,MRO_BLR,01-04-2020,3,1,1,0,1,650,30
P035,slow_moving,21,B737,MRO_BLR,01-05-2020,3,3,8,5,0,659,30
P035,slow_moving,21,B737,MRO_BLR,01-06-2020,2,2,5,3,0,757,15
P035,slow_moving,21,B737,MRO_BLR,01-07-2020,0,0,12,12,0,749,15
P035,slow_moving,21,B737,MRO_BLR,01-08-2020,3,3,12,9,0,748,15
P035,slow_moving,21,B737,MRO_BLR,01-09-2020,0,0,9,9,0,654,15
P035,slow_moving,21,B737,MRO_BLR,01-10-2020,0,0,9,9,0,658,30
P035,slow_moving,21,B737,MRO_BLR,01-11-2020,3,3,9,6,0,650,45
P035,slow_moving,21,B737,MRO_BLR,01-12-2020,0,0,6,6,0,748,30
P035,slow_moving,21,B737,MRO_BLR,01-01-2021,0,0,6,6,0,648,15
P035,slow_moving,21,B737,MRO_BLR,01-02-2021,2,2,6,4,0,654,60
P035,slow_moving,21,B737,MRO_BLR,01-03-2021,1,1,4,3,0,638,15
P035,slow_moving,21,B737,MRO_BLR,01-04-2021,4,4,13,9,0,647,30
P035,slow_moving,21,B737,MRO_BLR,01-05-2021,2,2,9,7,0,650,15
P035,slow_moving,21,B737,MRO_BLR,01-06-2021,3,3,7,4,0,730,60
P035,slow_moving,21,B737,MRO_BLR,01-07-2021,0,0,4,4,0,751,15
P035,slow_moving,21,B737,MRO_BLR,01-08-2021,3,3,4,1,0,752,15
P035,slow_moving,21,B737,MRO_BLR,01-09-2021,2,2,8,6,0,635,15
P035,slow_moving,21,B737,MRO_BLR,01-10-2021,0,0,6,6,0,644,30
P035,slow_moving,21,B737,MRO_BLR,01-11-2021,1,1,6,5,0,645,15
P035,slow_moving,21,B737,MRO_BLR,01-12-2021,0,0,5,5,0,738,15
P035,slow_moving,21,B737,MRO_BLR,01-01-2022,0,0,5,5,0,640,15
P035,slow_moving,21,B737,MRO_BLR,01-02-2022,3,3,5,2,0,642,15
P035,slow_moving,21,B737,MRO_BLR,01-03-2022,0,0,9,9,0,649,30
P035,slow_moving,21,B737,MRO_BLR,01-04-2022,2,2,9,7,0,653,60
P035,slow_moving,21,B737,MRO_BLR,01-05-2022,4,4,7,3,0,649,15
P035,slow_moving,21,B737,MRO_BLR,01-06-2022,2,2,15,13,0,735,45
P035,slow_moving,21,B737,MRO_BLR,01-07-2022,3,3,13,10,0,748,15
P035,slow_moving,21,B737,MRO_BLR,01-08-2022,3,3,10,7,0,746,15
P035,slow_moving,21,B737,MRO_BLR,01-09-2022,1,1,7,6,0,626,15
P035,slow_moving,21,B737,MRO_BLR,01-10-2022,3,3,6,3,0,653,60
P035,slow_moving,21,B737,MRO_BLR,01-11-2022,1,1,3,2,0,646,45
P035,slow_moving,21,B737,MRO_BLR,01-12-2022,0,0,9,9,0,743,15
P035,slow_moving,21,B737,MRO_BLR,01-01-2023,3,3,9,6,0,632,30
P035,slow_moving,21,B737,MRO_BLR,01-02-2023,2,2,6,4,0,654,60
P035,slow_moving,21,B737,MRO_BLR,01-03-2023,0,0,4,4,0,645,60
P035,slow_moving,21,B737,MRO_BLR,01-04-2023,1,1,4,3,0,648,45
P035,slow_moving,21,B737,MRO_BLR,01-05-2023,2,2,3,1,0,635,30
P035,slow_moving,21,B737,MRO_BLR,01-06-2023,0,0,9,9,0,743,30
P035,slow_moving,21,B737,MRO_BLR,01-07-2023,6,6,9,3,0,744,15
P035,slow_moving,21,B737,MRO_BLR,01-08-2023,5,5,13,8,0,739,15
P035,slow_moving,21,B737,MRO_BLR,01-09-2023,0,0,8,8,0,635,60
P035,slow_moving,21,B737,MRO_BLR,01-10-2023,3,3,8,5,0,643,15
P035,slow_moving,21,B737,MRO_BLR,01-11-2023,2,2,5,3,0,637,45
P035,slow_moving,21,B737,MRO_BLR,01-12-2023,6,3,3,0,1,735,45
P036,slow_moving,32,B737,BASE_HYD,01-01-2018,0,0,24,24,0,610,60
P036,slow_moving,32,B737,BASE_HYD,01-02-2018,0,0,24,24,0,606,30
P036,slow_moving,32,B737,BASE_HYD,01-03-2018,1,1,24,23,0,602,30
P036,slow_moving,32,B737,BASE_HYD,01-04-2018,2,2,23,21,0,614,45
P036,slow_moving,32,B737,BASE_HYD,01-05-2018,3,3,21,18,0,615,45
P036,slow_moving,32,B737,BASE_HYD,01-06-2018,0,0,18,18,0,699,30
P036,slow_moving,32,B737,BASE_HYD,01-07-2018,2,2,18,16,0,713,15
P036,slow_moving,32,B737,BASE_HYD,01-08-2018,0,0,16,16,0,703,60
P036,slow_moving,32,B737,BASE_HYD,01-09-2018,2,2,16,14,0,609,60
P036,slow_moving,32,B737,BASE_HYD,01-10-2018,0,0,14,14,0,603,45
P036,slow_moving,32,B737,BASE_HYD,01-11-2018,2,2,14,12,0,600,15
P036,slow_moving,32,B737,BASE_HYD,01-12-2018,0,0,12,12,0,698,60
P036,slow_moving,32,B737,BASE_HYD,01-01-2019,0,0,12,12,0,610,30
P036,slow_moving,32,B737,BASE_HYD,01-02-2019,0,0,12,12,0,622,45
P036,slow_moving,32,B737,BASE_HYD,01-03-2019,2,2,12,10,0,609,45
P036,slow_moving,32,B737,BASE_HYD,01-04-2019,1,1,10,9,0,612,45
P036,slow_moving,32,B737,BASE_HYD,01-05-2019,1,1,9,8,0,603,15
P036,slow_moving,32,B737,BASE_HYD,01-06-2019,2,2,8,6,0,701,60
P036,slow_moving,32,B737,BASE_HYD,01-07-2019,3,3,6,3,0,700,45
P036,slow_moving,32,B737,BASE_HYD,01-08-2019,2,2,3,1,0,693,15
P036,slow_moving,32,B737,BASE_HYD,01-09-2019,3,3,13,10,0,616,45
P036,slow_moving,32,B737,BASE_HYD,01-10-2019,3,3,10,7,0,607,15
P036,slow_moving,32,B737,BASE_HYD,01-11-2019,2,2,7,5,0,615,15
P036,slow_moving,32,B737,BASE_HYD,01-12-2019,2,2,5,3,0,699,60
P036,slow_moving,32,B737,BASE_HYD,01-01-2020,0,0,3,3,0,604,15
P036,slow_moving,32,B737,BASE_HYD,01-02-2020,3,3,10,7,0,602,15
P036,slow_moving,32,B737,BASE_HYD,01-03-2020,0,0,7,7,0,604,30
P036,slow_moving,32,B737,BASE_HYD,01-04-2020,0,0,7,7,0,615,15
P036,slow_moving,32,B737,BASE_HYD,01-05-2020,1,1,7,6,0,601,15
P036,slow_moving,32,B737,BASE_HYD,01-06-2020,3,3,6,3,0,702,45
P036,slow_moving,32,B737,BASE_HYD,01-07-2020,6,3,3,0,1,695,30
P036,slow_moving,32,B737,BASE_HYD,01-08-2020,2,2,8,6,0,701,15
P036,slow_moving,32,B737,BASE_HYD,01-09-2020,2,2,6,4,0,608,45
P036,slow_moving,32,B737,BASE_HYD,01-10-2020,1,1,4,3,0,598,30
P036,slow_moving,32,B737,BASE_HYD,01-11-2020,0,0,15,15,0,607,60
P036,slow_moving,32,B737,BASE_HYD,01-12-2020,6,6,15,9,0,712,30
P036,slow_moving,32,B737,BASE_HYD,01-01-2021,0,0,9,9,0,606,30
P036,slow_moving,32,B737,BASE_HYD,01-02-2021,0,0,9,9,0,610,60
P036,slow_moving,32,B737,BASE_HYD,01-03-2021,0,0,9,9,0,606,30
P036,slow_moving,32,B737,BASE_HYD,01-04-2021,2,2,9,7,0,609,60
P036,slow_moving,32,B737,BASE_HYD,01-05-2021,1,1,7,6,0,600,15
P036,slow_moving,32,B737,BASE_HYD,01-06-2021,4,4,6,2,0,694,45
P036,slow_moving,32,B737,BASE_HYD,01-07-2021,0,0,2,2,0,701,60
P036,slow_moving,32,B737,BASE_HYD,01-08-2021,4,4,11,7,0,693,15
P036,slow_moving,32,B737,BASE_HYD,01-09-2021,0,0,7,7,0,611,60
P036,slow_moving,32,B737,BASE_HYD,01-10-2021,2,2,7,5,0,598,60
P036,slow_moving,32,B737,BASE_HYD,01-11-2021,1,1,5,4,0,605,30
P036,slow_moving,32,B737,BASE_HYD,01-12-2021,2,2,4,2,0,693,45
P036,slow_moving,32,B737,BASE_HYD,01-01-2022,0,0,2,2,0,619,45
P036,slow_moving,32,B737,BASE_HYD,01-02-2022,2,2,12,10,0,600,45
P036,slow_moving,32,B737,BASE_HYD,01-03-2022,3,3,10,7,0,605,45
P036,slow_moving,32,B737,BASE_HYD,01-04-2022,3,3,7,4,0,591,30
P036,slow_moving,32,B737,BASE_HYD,01-05-2022,3,3,4,1,0,596,60
P036,slow_moving,32,B737,BASE_HYD,01-06-2022,0,0,1,1,0,695,60
P036,slow_moving,32,B737,BASE_HYD,01-07-2022,5,5,13,8,0,691,15
P036,slow_moving,32,B737,BASE_HYD,01-08-2022,3,3,8,5,0,691,15
P036,slow_moving,32,B737,BASE_HYD,01-09-2022,2,2,5,3,0,601,30
P036,slow_moving,32,B737,BASE_HYD,01-10-2022,0,0,10,10,0,602,60
P036,slow_moving,32,B737,BASE_HYD,01-11-2022,0,0,10,10,0,592,30
P036,slow_moving,32,B737,BASE_HYD,01-12-2022,0,0,10,10,0,692,60
P036,slow_moving,32,B737,BASE_HYD,01-01-2023,0,0,10,10,0,600,60
P036,slow_moving,32,B737,BASE_HYD,01-02-2023,3,3,10,7,0,607,30
P036,slow_moving,32,B737,BASE_HYD,01-03-2023,4,4,7,3,0,606,45
P036,slow_moving,32,B737,BASE_HYD,01-04-2023,5,3,3,0,1,584,45
P036,slow_moving,32,B737,BASE_HYD,01-05-2023,2,2,10,8,0,596,15
P036,slow_moving,32,B737,BASE_HYD,01-06-2023,5,5,8,3,0,703,45
P036,slow_moving,32,B737,BASE_HYD,01-07-2023,2,2,3,1,0,697,15
P036,slow_moving,32,B737,BASE_HYD,01-08-2023,4,4,11,7,0,694,60
P036,slow_moving,32,B737,BASE_HYD,01-09-2023,3,3,7,4,0,598,60
P036,slow_moving,32,B737,BASE_HYD,01-10-2023,6,4,4,0,1,605,45
P036,slow_moving,32,B737,BASE_HYD,01-11-2023,1,0,0,0,1,592,60
P036,slow_moving,32,B737,BASE_HYD,01-12-2023,0,0,9,9,0,687,30
P036,slow_moving,32,B737,LINE_DEL,01-01-2018,1,1,16,15,0,610,30
P036,slow_moving,32,B737,LINE_DEL,01-02-2018,2,2,15,13,0,606,60
P036,slow_moving,32,B737,LINE_DEL,01-03-2018,5,5,13,8,0,602,15
P036,slow_moving,32,B737,LINE_DEL,01-04-2018,0,0,8,8,0,614,60
P036,slow_moving,32,B737,LINE_DEL,01-05-2018,0,0,8,8,0,615,45
P036,slow_moving,32,B737,LINE_DEL,01-06-2018,6,6,8,2,0,699,60
P036,slow_moving,32,B737,LINE_DEL,01-07-2018,1,1,2,1,0,713,60
P036,slow_moving,32,B737,LINE_DEL,01-08-2018,5,5,13,8,0,703,45
P036,slow_moving,32,B737,LINE_DEL,01-09-2018,0,0,8,8,0,609,45
P036,slow_moving,32,B737,LINE_DEL,01-10-2018,0,0,8,8,0,603,15
P036,slow_moving,32,B737,LINE_DEL,01-11-2018,0,0,8,8,0,600,15
P036,slow_moving,32,B737,LINE_DEL,01-12-2018,2,2,8,6,0,698,60
P036,slow_moving,32,B737,LINE_DEL,01-01-2019,0,0,6,6,0,610,15
P036,slow_moving,32,B737,LINE_DEL,01-02-2019,0,0,6,6,0,622,15
P036,slow_moving,32,B737,LINE_DEL,01-03-2019,0,0,6,6,0,609,15
P036,slow_moving,32,B737,LINE_DEL,01-04-2019,0,0,6,6,0,612,15
P036,slow_moving,32,B737,LINE_DEL,01-05-2019,2,2,6,4,0,603,30
P036,slow_moving,32,B737,LINE_DEL,01-06-2019,4,4,4,0,0,701,15
P036,slow_moving,32,B737,LINE_DEL,01-07-2019,2,2,7,5,0,700,60
P036,slow_moving,32,B737,LINE_DEL,01-08-2019,0,0,5,5,0,693,15
P036,slow_moving,32,B737,LINE_DEL,01-09-2019,6,5,5,0,1,616,15
P036,slow_moving,32,B737,LINE_DEL,01-10-2019,3,3,10,7,0,607,15
P036,slow_moving,32,B737,LINE_DEL,01-11-2019,0,0,7,7,0,615,30
P036,slow_moving,32,B737,LINE_DEL,01-12-2019,0,0,7,7,0,699,30
P036,slow_moving,32,B737,LINE_DEL,01-01-2020,3,3,7,4,0,604,15
P036,slow_moving,32,B737,LINE_DEL,01-02-2020,3,3,4,1,0,602,45
P036,slow_moving,32,B737,LINE_DEL,01-03-2020,3,1,1,0,1,604,15
P036,slow_moving,32,B737,LINE_DEL,01-04-2020,1,1,11,10,0,615,45
P036,slow_moving,32,B737,LINE_DEL,01-05-2020,1,1,10,9,0,601,30
P036,slow_moving,32,B737,LINE_DEL,01-06-2020,0,0,9,9,0,702,45
P036,slow_moving,32,B737,LINE_DEL,01-07-2020,7,7,9,2,0,695,45
P036,slow_moving,32,B737,LINE_DEL,01-08-2020,2,2,2,0,0,701,45
P036,slow_moving,32,B737,LINE_DEL,01-09-2020,0,0,9,9,0,608,60
P036,slow_moving,32,B737,LINE_DEL,01-10-2020,2,2,9,7,0,598,60
P036,slow_moving,32,B737,LINE_DEL,01-11-2020,7,7,7,0,0,607,15
P036,slow_moving,32,B737,LINE_DEL,01-12-2020,2,2,10,8,0,712,30
P036,slow_moving,32,B737,LINE_DEL,01-01-2021,0,0,8,8,0,606,60
P036,slow_moving,32,B737,LINE_DEL,01-02-2021,3,3,8,5,0,610,30
P036,slow_moving,32,B737,LINE_DEL,01-03-2021,0,0,5,5,0,606,15
P036,slow_moving,32,B737,LINE_DEL,01-04-2021,0,0,5,5,0,609,60
P036,slow_moving,32,B737,LINE_DEL,01-05-2021,5,5,5,0,0,600,30
P036,slow_moving,32,B737,LINE_DEL,01-06-2021,0,0,8,8,0,694,45
P036,slow_moving,32,B737,LINE_DEL,01-07-2021,3,3,8,5,0,701,60
P036,slow_moving,32,B737,LINE_DEL,01-08-2021,4,4,5,1,0,693,30
P036,slow_moving,32,B737,LINE_DEL,01-09-2021,0,0,8,8,0,611,30
P036,slow_moving,32,B737,LINE_DEL,01-10-2021,0,0,8,8,0,598,30
P036,slow_moving,32,B737,LINE_DEL,01-11-2021,2,2,8,6,0,605,30
P036,slow_moving,32,B737,LINE_DEL,01-12-2021,2,2,6,4,0,693,45
P036,slow_moving,32,B737,LINE_DEL,01-01-2022,2,2,4,2,0,619,15
P036,slow_moving,32,B737,LINE_DEL,01-02-2022,0,0,11,11,0,600,15
P036,slow_moving,32,B737,LINE_DEL,01-03-2022,5,5,11,6,0,605,60
P036,slow_moving,32,B737,LINE_DEL,01-04-2022,1,1,6,5,0,591,45
P036,slow_moving,32,B737,LINE_DEL,01-05-2022,4,4,5,1,0,596,45
P036,slow_moving,32,B737,LINE_DEL,01-06-2022,2,1,1,0,1,695,45
P036,slow_moving,32,B737,LINE_DEL,01-07-2022,2,2,10,8,0,691,45
P036,slow_moving,32,B737,LINE_DEL,01-08-2022,0,0,8,8,0,691,60
P036,slow_moving,32,B737,LINE_DEL,01-09-2022,1,1,8,7,0,601,45
P036,slow_moving,32,B737,LINE_DEL,01-10-2022,2,2,7,5,0,602,15
P036,slow_moving,32,B737,LINE_DEL,01-11-2022,0,0,5,5,0,592,30
P036,slow_moving,32,B737,LINE_DEL,01-12-2022,3,3,5,2,0,692,30
P036,slow_moving,32,B737,LINE_DEL,01-01-2023,2,2,14,12,0,600,30
P036,slow_moving,32,B737,LINE_DEL,01-02-2023,0,0,12,12,0,607,60
P036,slow_moving,32,B737,LINE_DEL,01-03-2023,0,0,12,12,0,606,60
P036,slow_moving,32,B737,LINE_DEL,01-04-2023,4,4,12,8,0,584,30
P036,slow_moving,32,B737,LINE_DEL,01-05-2023,0,0,8,8,0,596,60
P036,slow_moving,32,B737,LINE_DEL,01-06-2023,3,3,8,5,0,703,30
P036,slow_moving,32,B737,LINE_DEL,01-07-2023,3,3,5,2,0,697,30
P036,slow_moving,32,B737,LINE_DEL,01-08-2023,5,5,9,4,0,694,15
P036,slow_moving,32,B737,LINE_DEL,01-09-2023,5,4,4,0,1,598,45
P036,slow_moving,32,B737,LINE_DEL,01-10-2023,0,0,0,0,0,605,60
P036,slow_moving,32,B737,LINE_DEL,01-11-2023,2,2,11,9,0,592,60
P036,slow_moving,32,B737,LINE_DEL,01-12-2023,1,1,9,8,0,687,30
P036,slow_moving,32,B737,MRO_BLR,01-01-2018,0,0,19,19,0,610,60
P036,slow_moving,32,B737,MRO_BLR,01-02-2018,0,0,19,19,0,606,15
P036,slow_moving,32,B737,MRO_BLR,01-03-2018,0,0,19,19,0,602,30
P036,slow_moving,32,B737,MRO_BLR,01-04-2018,0,0,19,19,0,614,60
P036,slow_moving,32,B737,MRO_BLR,01-05-2018,3,3,19,16,0,615,60
P036,slow_moving,32,B737,MRO_BLR,01-06-2018,0,0,16,16,0,699,15
P036,slow_moving,32,B737,MRO_BLR,01-07-2018,0,0,16,16,0,713,60
P036,slow_moving,32,B737,MRO_BLR,01-08-2018,0,0,16,16,0,703,30
P036,slow_moving,32,B737,MRO_BLR,01-09-2018,5,5,16,11,0,609,45
P036,slow_moving,32,B737,MRO_BLR,01-10-2018,0,0,11,11,0,603,15
P036,slow_moving,32,B737,MRO_BLR,01-11-2018,5,5,11,6,0,600,15
P036,slow_moving,32,B737,MRO_BLR,01-12-2018,0,0,6,6,0,698,30
P036,slow_moving,32,B737,MRO_BLR,01-01-2019,0,0,6,6,0,610,30
P036,slow_moving,32,B737,MRO_BLR,01-02-2019,2,2,6,4,0,622,15
P036,slow_moving,32,B737,MRO_BLR,01-03-2019,4,4,4,0,0,609,15
P036,slow_moving,32,B737,MRO_BLR,01-04-2019,2,2,11,9,0,612,45
P036,slow_moving,32,B737,MRO_BLR,01-05-2019,6,6,9,3,0,603,45
P036,slow_moving,32,B737,MRO_BLR,01-06-2019,3,3,3,0,0,701,60
P036,slow_moving,32,B737,MRO_BLR,01-07-2019,2,2,10,8,0,700,30
P036,slow_moving,32,B737,MRO_BLR,01-08-2019,3,3,8,5,0,693,60
P036,slow_moving,32,B737,MRO_BLR,01-09-2019,0,0,5,5,0,616,30
P036,slow_moving,32,B737,MRO_BLR,01-10-2019,3,3,5,2,0,607,60
P036,slow_moving,32,B737,MRO_BLR,01-11-2019,0,0,2,2,0,615,30
P036,slow_moving,32,B737,MRO_BLR,01-12-2019,3,3,12,9,0,699,15
P036,slow_moving,32,B737,MRO_BLR,01-01-2020,4,4,9,5,0,604,15
P036,slow_moving,32,B737,MRO_BLR,01-02-2020,4,4,5,1,0,602,45
P036,slow_moving,32,B737,MRO_BLR,01-03-2020,5,1,1,0,1,604,45
P036,slow_moving,32,B737,MRO_BLR,01-04-2020,2,2,7,5,0,615,45
P036,slow_moving,32,B737,MRO_BLR,01-05-2020,3,3,5,2,0,601,45
P036,slow_moving,32,B737,MRO_BLR,01-06-2020,2,2,2,0,0,702,15
P036,slow_moving,32,B737,MRO_BLR,01-07-2020,0,0,7,7,0,695,30
P036,slow_moving,32,B737,MRO_BLR,01-08-2020,0,0,7,7,0,701,30
P036,slow_moving,32,B737,MRO_BLR,01-09-2020,0,0,7,7,0,608,15
P036,slow_moving,32,B737,MRO_BLR,01-10-2020,0,0,7,7,0,598,30
P036,slow_moving,32,B737,MRO_BLR,01-11-2020,2,2,7,5,0,607,15
P036,slow_moving,32,B737,MRO_BLR,01-12-2020,3,3,5,2,0,712,15
P036,slow_moving,32,B737,MRO_BLR,01-01-2021,4,4,11,7,0,606,45
P036,slow_moving,32,B737,MRO_BLR,01-02-2021,0,0,7,7,0,610,30
P036,slow_moving,32,B737,MRO_BLR,01-03-2021,4,4,7,3,0,606,45
P036,slow_moving,32,B737,MRO_BLR,01-04-2021,0,0,3,3,0,609,15
P036,slow_moving,32,B737,MRO_BLR,01-05-2021,3,3,11,8,0,600,60
P036,slow_moving,32,B737,MRO_BLR,01-06-2021,1,1,8,7,0,694,30
P036,slow_moving,32,B737,MRO_BLR,01-07-2021,3,3,7,4,0,701,45
P036,slow_moving,32,B737,MRO_BLR,01-08-2021,1,1,4,3,0,693,45
P036,slow_moving,32,B737,MRO_BLR,01-09-2021,0,0,3,3,0,611,15
P036,slow_moving,32,B737,MRO_BLR,01-10-2021,0,0,11,11,0,598,60
P036,slow_moving,32,B737,MRO_BLR,01-11-2021,2,2,11,9,0,605,45
P036,slow_moving,32,B737,MRO_BLR,01-12-2021,4,4,9,5,0,693,45
P036,slow_moving,32,B737,MRO_BLR,01-01-2022,1,1,5,4,0,619,60
P036,slow_moving,32,B737,MRO_BLR,01-02-2022,3,3,4,1,0,600,30
P036,slow_moving,32,B737,MRO_BLR,01-03-2022,2,2,8,6,0,605,60
P036,slow_moving,32,B737,MRO_BLR,01-04-2022,0,0,6,6,0,591,60
P036,slow_moving,32,B737,MRO_BLR,01-05-2022,6,6,6,0,0,596,30
P036,slow_moving,32,B737,MRO_BLR,01-06-2022,3,3,8,5,0,695,60
P036,slow_moving,32,B737,MRO_BLR,01-07-2022,5,5,5,0,0,691,15
P036,slow_moving,32,B737,MRO_BLR,01-08-2022,0,0,7,7,0,691,60
P036,slow_moving,32,B737,MRO_BLR,01-09-2022,2,2,7,5,0,601,15
P036,slow_moving,32,B737,MRO_BLR,01-10-2022,0,0,5,5,0,602,60
P036,slow_moving,32,B737,MRO_BLR,01-11-2022,0,0,5,5,0,592,45
P036,slow_moving,32,B737,MRO_BLR,01-12-2022,2,2,5,3,0,692,60
P036,slow_moving,32,B737,MRO_BLR,01-01-2023,0,0,3,3,0,600,30
P036,slow_moving,32,B737,MRO_BLR,01-02-2023,3,3,15,12,0,607,45
P036,slow_moving,32,B737,MRO_BLR,01-03-2023,0,0,12,12,0,606,15
P036,slow_moving,32,B737,MRO_BLR,01-04-2023,4,4,12,8,0,584,60
P036,slow_moving,32,B737,MRO_BLR,01-05-2023,1,1,8,7,0,596,60
P036,slow_moving,32,B737,MRO_BLR,01-06-2023,1,1,7,6,0,703,30
P036,slow_moving,32,B737,MRO_BLR,01-07-2023,5,5,6,1,0,697,45
P036,slow_moving,32,B737,MRO_BLR,01-08-2023,1,1,1,0,0,694,30
P036,slow_moving,32,B737,MRO_BLR,01-09-2023,2,2,12,10,0,598,15
P036,slow_moving,32,B737,MRO_BLR,01-10-2023,0,0,10,10,0,605,60
P036,slow_moving,32,B737,MRO_BLR,01-11-2023,5,5,10,5,0,592,15
P036,slow_moving,32,B737,MRO_BLR,01-12-2023,0,0,5,5,0,687,15
P037,slow_moving,32,A321,BASE_HYD,01-01-2018,2,2,22,20,0,476,60
P037,slow_moving,32,A321,BASE_HYD,01-02-2018,2,2,20,18,0,477,45
P037,slow_moving,32,A321,BASE_HYD,01-03-2018,0,0,18,18,0,481,45
P037,slow_moving,32,A321,BASE_HYD,01-04-2018,2,2,18,16,0,480,30
P037,slow_moving,32,A321,BASE_HYD,01-05-2018,2,2,16,14,0,484,45
P037,slow_moving,32,A321,BASE_HYD,01-06-2018,1,1,14,13,0,547,15
P037,slow_moving,32,A321,BASE_HYD,01-07-2018,0,0,13,13,0,548,15
P037,slow_moving,32,A321,BASE_HYD,01-08-2018,1,1,13,12,0,554,45
P037,slow_moving,32,A321,BASE_HYD,01-09-2018,5,5,12,7,0,476,15
P037,slow_moving,32,A321,BASE_HYD,01-10-2018,6,6,7,1,0,474,60
P037,slow_moving,32,A321,BASE_HYD,01-11-2018,1,1,1,0,0,474,45
P037,slow_moving,32,A321,BASE_HYD,01-12-2018,0,0,11,11,0,553,60
P037,slow_moving,32,A321,BASE_HYD,01-01-2019,0,0,11,11,0,479,30
P037,slow_moving,32,A321,BASE_HYD,01-02-2019,4,4,11,7,0,479,60
P037,slow_moving,32,A321,BASE_HYD,01-03-2019,0,0,7,7,0,485,15
P037,slow_moving,32,A321,BASE_HYD,01-04-2019,0,0,7,7,0,481,60
P037,slow_moving,32,A321,BASE_HYD,01-05-2019,2,2,7,5,0,480,15
P037,slow_moving,32,A321,BASE_HYD,01-06-2019,0,0,5,5,0,559,15
P037,slow_moving,32,A321,BASE_HYD,01-07-2019,1,1,5,4,0,557,45
P037,slow_moving,32,A321,BASE_HYD,01-08-2019,4,4,4,0,0,547,45
P037,slow_moving,32,A321,BASE_HYD,01-09-2019,5,0,0,0,1,484,15
P037,slow_moving,32,A321,BASE_HYD,01-10-2019,0,0,8,8,0,488,30
P037,slow_moving,32,A321,BASE_HYD,01-11-2019,0,0,8,8,0,488,30
P037,slow_moving,32,A321,BASE_HYD,01-12-2019,2,2,8,6,0,557,15
P037,slow_moving,32,A321,BASE_HYD,01-01-2020,6,6,6,0,0,480,60
P037,slow_moving,32,A321,BASE_HYD,01-02-2020,5,0,0,0,1,480,30
P037,slow_moving,32,A321,BASE_HYD,01-03-2020,0,0,12,12,0,485,30
P037,slow_moving,32,A321,BASE_HYD,01-04-2020,6,6,12,6,0,472,15
P037,slow_moving,32,A321,BASE_HYD,01-05-2020,3,3,6,3,0,484,15
P037,slow_moving,32,A321,BASE_HYD,01-06-2020,0,0,10,10,0,551,30
P037,slow_moving,32,A321,BASE_HYD,01-07-2020,4,4,10,6,0,545,60
P037,slow_moving,32,A321,BASE_HYD,01-08-2020,0,0,6,6,0,543,45
P037,slow_moving,32,A321,BASE_HYD,01-09-2020,3,3,6,3,0,470,15
P037,slow_moving,32,A321,BASE_HYD,01-10-2020,2,2,12,10,0,481,30
P037,slow_moving,32,A321,BASE_HYD,01-11-2020,2,2,10,8,0,487,60
P037,slow_moving,32,A321,BASE_HYD,01-12-2020,3,3,8,5,0,547,45
P037,slow_moving,32,A321,BASE_HYD,01-01-2021,4,4,5,1,0,473,45
P037,slow_moving,32,A321,BASE_HYD,01-02-2021,2,1,1,0,1,482,30
P037,slow_moving,32,A321,BASE_HYD,01-03-2021,0,0,7,7,0,477,30
P037,slow_moving,32,A321,BASE_HYD,01-04-2021,0,0,7,7,0,483,60
P037,slow_moving,32,A321,BASE_HYD,01-05-2021,2,2,7,5,0,472,60
P037,slow_moving,32,A321,BASE_HYD,01-06-2021,0,0,5,5,0,552,15
P037,slow_moving,32,A321,BASE_HYD,01-07-2021,0,0,5,5,0,558,15
P037,slow_moving,32,A321,BASE_HYD,01-08-2021,2,2,5,3,0,542,45
P037,slow_moving,32,A321,BASE_HYD,01-09-2021,2,2,3,1,0,475,45
P037,slow_moving,32,A321,BASE_HYD,01-10-2021,0,0,10,10,0,475,30
P037,slow_moving,32,A321,BASE_HYD,01-11-2021,3,3,10,7,0,480,30
P037,slow_moving,32,A321,BASE_HYD,01-12-2021,3,3,7,4,0,555,15
P037,slow_moving,32,A321,BASE_HYD,01-01-2022,3,3,4,1,0,472,30
P037,slow_moving,32,A321,BASE_HYD,01-02-2022,3,3,12,9,0,487,45
P037,slow_moving,32,A321,BASE_HYD,01-03-2022,2,2,9,7,0,475,15
P037,slow_moving,32,A321,BASE_HYD,01-04-2022,2,2,7,5,0,473,30
P037,slow_moving,32,A321,BASE_HYD,01-05-2022,2,2,5,3,0,482,45
P037,slow_moving,32,A321,BASE_HYD,01-06-2022,3,3,3,0,0,547,60
P037,slow_moving,32,A321,BASE_HYD,01-07-2022,0,0,10,10,0,544,45
P037,slow_moving,32,A321,BASE_HYD,01-08-2022,0,0,10,10,0,544,60
P037,slow_moving,32,A321,BASE_HYD,01-09-2022,2,2,10,8,0,485,60
P037,slow_moving,32,A321,BASE_HYD,01-10-2022,1,1,8,7,0,471,60
P037,slow_moving,32,A321,BASE_HYD,01-11-2022,2,2,7,5,0,481,15
P037,slow_moving,32,A321,BASE_HYD,01-12-2022,3,3,5,2,0,542,30
P037,slow_moving,32,A321,BASE_HYD,01-01-2023,0,0,11,11,0,471,15
P037,slow_moving,32,A321,BASE_HYD,01-02-2023,1,1,11,10,0,473,45
P037,slow_moving,32,A321,BASE_HYD,01-03-2023,3,3,10,7,0,476,15
P037,slow_moving,32,A321,BASE_HYD,01-04-2023,7,7,7,0,0,466,45
P037,slow_moving,32,A321,BASE_HYD,01-05-2023,4,0,0,0,1,471,30
P037,slow_moving,32,A321,BASE_HYD,01-06-2023,2,2,8,6,0,550,15
P037,slow_moving,32,A321,BASE_HYD,01-07-2023,0,0,6,6,0,550,30
P037,slow_moving,32,A321,BASE_HYD,01-08-2023,6,6,6,0,0,543,30
P037,slow_moving,32,A321,BASE_HYD,01-09-2023,0,0,12,12,0,468,15
P037,slow_moving,32,A321,BASE_HYD,01-10-2023,2,2,12,10,0,475,15
P037,slow_moving,32,A321,BASE_HYD,01-11-2023,3,3,10,7,0,478,30
P037,slow_moving,32,A321,BASE_HYD,01-12-2023,3,3,7,4,0,546,45
P037,slow_moving,32,A321,LINE_DEL,01-01-2018,2,2,18,16,0,476,45
P037,slow_moving,32,A321,LINE_DEL,01-02-2018,3,3,16,13,0,477,15
P037,slow_moving,32,A321,LINE_DEL,01-03-2018,0,0,13,13,0,481,45
P037,slow_moving,32,A321,LINE_DEL,01-04-2018,0,0,13,13,0,480,60
P037,slow_moving,32,A321,LINE_DEL,01-05-2018,1,1,13,12,0,484,30
P037,slow_moving,32,A321,LINE_DEL,01-06-2018,0,0,12,12,0,547,15
P037,slow_moving,32,A321,LINE_DEL,01-07-2018,1,1,12,11,0,548,30
P037,slow_moving,32,A321,LINE_DEL,01-08-2018,3,3,11,8,0,554,45
P037,slow_moving,32,A321,LINE_DEL,01-09-2018,7,7,8,1,0,476,30
P037,slow_moving,32,A321,LINE_DEL,01-10-2018,0,0,13,13,0,474,15
P037,slow_moving,32,A321,LINE_DEL,01-11-2018,3,3,13,10,0,474,30
P037,slow_moving,32,A321,LINE_DEL,01-12-2018,2,2,10,8,0,553,60
P037,slow_moving,32,A321,LINE_DEL,01-01-2019,2,2,8,6,0,479,45
P037,slow_moving,32,A321,LINE_DEL,01-02-2019,0,0,6,6,0,479,15
P037,slow_moving,32,A321,LINE_DEL,01-03-2019,0,0,6,6,0,485,30
P037,slow_moving,32,A321,LINE_DEL,01-04-2019,5,5,6,1,0,481,15
P037,slow_moving,32,A321,LINE_DEL,01-05-2019,5,5,13,8,0,480,60
P037,slow_moving,32,A321,LINE_DEL,01-06-2019,4,4,8,4,0,559,15
P037,slow_moving,32,A321,LINE_DEL,01-07-2019,2,2,4,2,0,557,30
P037,slow_moving,32,A321,LINE_DEL,01-08-2019,0,0,11,11,0,547,60
P037,slow_moving,32,A321,LINE_DEL,01-09-2019,2,2,11,9,0,484,15
P037,slow_moving,32,A321,LINE_DEL,01-10-2019,0,0,9,9,0,488,45
P037,slow_moving,32,A321,LINE_DEL,01-11-2019,3,3,9,6,0,488,45
P037,slow_moving,32,A321,LINE_DEL,01-12-2019,0,0,6,6,0,557,60
P037,slow_moving,32,A321,LINE_DEL,01-01-2020,0,0,6,6,0,480,30
P037,slow_moving,32,A321,LINE_DEL,01-02-2020,2,2,6,4,0,480,30
P037,slow_moving,32,A321,LINE_DEL,01-03-2020,2,2,4,2,0,485,45
P037,slow_moving,32,A321,LINE_DEL,01-04-2020,0,0,2,2,0,472,60
P037,slow_moving,32,A321,LINE_DEL,01-05-2020,1,1,12,11,0,484,15
P037,slow_moving,32,A321,LINE_DEL,01-06-2020,2,2,11,9,0,551,30
P037,slow_moving,32,A321,LINE_DEL,01-07-2020,2,2,9,7,0,545,30
P037,slow_moving,32,A321,LINE_DEL,01-08-2020,3,3,7,4,0,543,45
P037,slow_moving,32,A321,LINE_DEL,01-09-2020,3,3,4,1,0,470,15
P037,slow_moving,32,A321,LINE_DEL,01-10-2020,2,2,8,6,0,481,30
P037,slow_moving,32,A321,LINE_DEL,01-11-2020,3,3,6,3,0,487,15
P037,slow_moving,32,A321,LINE_DEL,01-12-2020,0,0,12,12,0,547,15
P037,slow_moving,32,A321,LINE_DEL,01-01-2021,0,0,12,12,0,473,15
P037,slow_moving,32,A321,LINE_DEL,01-02-2021,0,0,12,12,0,482,30
P037,slow_moving,32,A321,LINE_DEL,01-03-2021,2,2,12,10,0,477,15
P037,slow_moving,32,A321,LINE_DEL,01-04-2021,1,1,10,9,0,483,45
P037,slow_moving,32,A321,LINE_DEL,01-05-2021,0,0,9,9,0,472,45
P037,slow_moving,32,A321,LINE_DEL,01-06-2021,1,1,9,8,0,552,15
P037,slow_moving,32,A321,LINE_DEL,01-07-2021,4,4,8,4,0,558,45
P037,slow_moving,32,A321,LINE_DEL,01-08-2021,5,4,4,0,1,542,30
P037,slow_moving,32,A321,LINE_DEL,01-09-2021,0,0,10,10,0,475,60
P037,slow_moving,32,A321,LINE_DEL,01-10-2021,0,0,10,10,0,475,45
P037,slow_moving,32,A321,LINE_DEL,01-11-2021,3,3,10,7,0,480,30
P037,slow_moving,32,A321,LINE_DEL,01-12-2021,5,5,7,2,0,555,30
P037,slow_moving,32,A321,LINE_DEL,01-01-2022,0,0,10,10,0,472,30
P037,slow_moving,32,A321,LINE_DEL,01-02-2022,3,3,10,7,0,487,60
P037,slow_moving,32,A321,LINE_DEL,01-03-2022,6,6,7,1,0,475,45
P037,slow_moving,32,A321,LINE_DEL,01-04-2022,0,0,1,1,0,473,30
P037,slow_moving,32,A321,LINE_DEL,01-05-2022,2,2,11,9,0,482,45
P037,slow_moving,32,A321,LINE_DEL,01-06-2022,0,0,9,9,0,547,45
P037,slow_moving,32,A321,LINE_DEL,01-07-2022,4,4,9,5,0,544,45
P037,slow_moving,32,A321,LINE_DEL,01-08-2022,0,0,5,5,0,544,15
P037,slow_moving,32,A321,LINE_DEL,01-09-2022,4,4,5,1,0,485,60
P037,slow_moving,32,A321,LINE_DEL,01-10-2022,4,1,1,0,1,471,30
P037,slow_moving,32,A321,LINE_DEL,01-11-2022,1,1,10,9,0,481,45
P037,slow_moving,32,A321,LINE_DEL,01-12-2022,1,1,9,8,0,542,45
P037,slow_moving,32,A321,LINE_DEL,01-01-2023,1,1,8,7,0,471,30
P037,slow_moving,32,A321,LINE_DEL,01-02-2023,2,2,7,5,0,473,60
P037,slow_moving,32,A321,LINE_DEL,01-03-2023,4,4,5,1,0,476,60
P037,slow_moving,32,A321,LINE_DEL,01-04-2023,0,0,1,1,0,466,15
P037,slow_moving,32,A321,LINE_DEL,01-05-2023,0,0,13,13,0,471,60
P037,slow_moving,32,A321,LINE_DEL,01-06-2023,0,0,13,13,0,550,30
P037,slow_moving,32,A321,LINE_DEL,01-07-2023,4,4,13,9,0,550,30
P037,slow_moving,32,A321,LINE_DEL,01-08-2023,2,2,9,7,0,543,45
P037,slow_moving,32,A321,LINE_DEL,01-09-2023,2,2,7,5,0,468,30
P037,slow_moving,32,A321,LINE_DEL,01-10-2023,5,5,5,0,0,475,60
P037,slow_moving,32,A321,LINE_DEL,01-11-2023,0,0,0,0,0,478,15
P037,slow_moving,32,A321,LINE_DEL,01-12-2023,1,1,10,9,0,546,15
P037,slow_moving,32,A321,MRO_BLR,01-01-2018,3,3,16,13,0,476,30
P037,slow_moving,32,A321,MRO_BLR,01-02-2018,0,0,13,13,0,477,15
P037,slow_moving,32,A321,MRO_BLR,01-03-2018,4,4,13,9,0,481,15
P037,slow_moving,32,A321,MRO_BLR,01-04-2018,5,5,9,4,0,480,30
P037,slow_moving,32,A321,MRO_BLR,01-05-2018,2,2,4,2,0,484,15
P037,slow_moving,32,A321,MRO_BLR,01-06-2018,0,0,14,14,0,547,45
P037,slow_moving,32,A321,MRO_BLR,01-07-2018,3,3,14,11,0,548,60
P037,slow_moving,32,A321,MRO_BLR,01-08-2018,7,7,11,4,0,554,45
P037,slow_moving,32,A321,MRO_BLR,01-09-2018,5,4,4,0,1,476,30
P037,slow_moving,32,A321,MRO_BLR,01-10-2018,3,3,10,7,0,474,15
P037,slow_moving,32,A321,MRO_BLR,01-11-2018,2,2,7,5,0,474,45
P037,slow_moving,32,A321,MRO_BLR,01-12-2018,0,0,5,5,0,553,45
P037,slow_moving,32,A321,MRO_BLR,01-01-2019,0,0,5,5,0,479,30
P037,slow_moving,32,A321,MRO_BLR,01-02-2019,0,0,5,5,0,479,15
P037,slow_moving,32,A321,MRO_BLR,01-03-2019,2,2,5,3,0,485,60
P037,slow_moving,32,A321,MRO_BLR,01-04-2019,0,0,3,3,0,481,30
P037,slow_moving,32,A321,MRO_BLR,01-05-2019,2,2,11,9,0,480,45
P037,slow_moving,32,A321,MRO_BLR,01-06-2019,3,3,9,6,0,559,30
P037,slow_moving,32,A321,MRO_BLR,01-07-2019,3,3,6,3,0,557,15
P037,slow_moving,32,A321,MRO_BLR,01-08-2019,8,8,10,2,0,547,60
P037,slow_moving,32,A321,MRO_BLR,01-09-2019,0,0,2,2,0,484,60
P037,slow_moving,32,A321,MRO_BLR,01-10-2019,4,4,9,5,0,488,15
P037,slow_moving,32,A321,MRO_BLR,01-11-2019,5,5,5,0,0,488,15
P037,slow_moving,32,A321,MRO_BLR,01-12-2019,5,5,12,7,0,557,45
P037,slow_moving,32,A321,MRO_BLR,01-01-2020,2,2,7,5,0,480,45
P037,slow_moving,32,A321,MRO_BLR,01-02-2020,1,1,5,4,0,480,45
P037,slow_moving,32,A321,MRO_BLR,01-03-2020,3,3,4,1,0,485,30
P037,slow_moving,32,A321,MRO_BLR,01-04-2020,5,5,11,6,0,472,30
P037,slow_moving,32,A321,MRO_BLR,01-05-2020,0,0,6,6,0,484,60
P037,slow_moving,32,A321,MRO_BLR,01-06-2020,0,0,6,6,0,551,60
P037,slow_moving,32,A321,MRO_BLR,01-07-2020,1,1,6,5,0,545,15
P037,slow_moving,32,A321,MRO_BLR,01-08-2020,0,0,5,5,0,543,45
P037,slow_moving,32,A321,MRO_BLR,01-09-2020,1,1,5,4,0,470,60
P037,slow_moving,32,A321,MRO_BLR,01-10-2020,1,1,4,3,0,481,30
P037,slow_moving,32,A321,MRO_BLR,01-11-2020,3,3,13,10,0,487,60
P037,slow_moving,32,A321,MRO_BLR,01-12-2020,1,1,10,9,0,547,15
P037,slow_moving,32,A321,MRO_BLR,01-01-2021,3,3,9,6,0,473,30
P037,slow_moving,32,A321,MRO_BLR,01-02-2021,1,1,6,5,0,482,45
P037,slow_moving,32,A321,MRO_BLR,01-03-2021,5,5,5,0,0,477,60
P037,slow_moving,32,A321,MRO_BLR,01-04-2021,1,0,0,0,1,483,60
P037,slow_moving,32,A321,MRO_BLR,01-05-2021,1,1,10,9,0,472,15
P037,slow_moving,32,A321,MRO_BLR,01-06-2021,2,2,9,7,0,552,15
P037,slow_moving,32,A321,MRO_BLR,01-07-2021,1,1,7,6,0,558,60
P037,slow_moving,32,A321,MRO_BLR,01-08-2021,3,3,6,3,0,542,60
P037,slow_moving,32,A321,MRO_BLR,01-09-2021,1,1,3,2,0,475,30
P037,slow_moving,32,A321,MRO_BLR,01-10-2021,0,0,9,9,0,475,15
P037,slow_moving,32,A321,MRO_BLR,01-11-2021,2,2,9,7,0,480,45
P037,slow_moving,32,A321,MRO_BLR,01-12-2021,1,1,7,6,0,555,45
P037,slow_moving,32,A321,MRO_BLR,01-01-2022,0,0,6,6,0,472,15
P037,slow_moving,32,A321,MRO_BLR,01-02-2022,0,0,6,6,0,487,60
P037,slow_moving,32,A321,MRO_BLR,01-03-2022,0,0,6,6,0,475,15
P037,slow_moving,32,A321,MRO_BLR,01-04-2022,0,0,6,6,0,473,45
P037,slow_moving,32,A321,MRO_BLR,01-05-2022,0,0,6,6,0,482,60
P037,slow_moving,32,A321,MRO_BLR,01-06-2022,0,0,6,6,0,547,45
P037,slow_moving,32,A321,MRO_BLR,01-07-2022,0,0,6,6,0,544,60
P037,slow_moving,32,A321,MRO_BLR,01-08-2022,5,5,6,1,0,544,30
P037,slow_moving,32,A321,MRO_BLR,01-09-2022,1,1,9,8,0,485,45
P037,slow_moving,32,A321,MRO_BLR,01-10-2022,1,1,8,7,0,471,45
P037,slow_moving,32,A321,MRO_BLR,01-11-2022,2,2,7,5,0,481,30
P037,slow_moving,32,A321,MRO_BLR,01-12-2022,1,1,5,4,0,542,15
P037,slow_moving,32,A321,MRO_BLR,01-01-2023,0,0,4,4,0,471,30
P037,slow_moving,32,A321,MRO_BLR,01-02-2023,3,3,4,1,0,473,45
P037,slow_moving,32,A321,MRO_BLR,01-03-2023,3,1,1,0,1,476,60
P037,slow_moving,32,A321,MRO_BLR,01-04-2023,0,0,9,9,0,466,60
P037,slow_moving,32,A321,MRO_BLR,01-05-2023,3,3,9,6,0,471,45
P037,slow_moving,32,A321,MRO_BLR,01-06-2023,0,0,6,6,0,550,30
P037,slow_moving,32,A321,MRO_BLR,01-07-2023,0,0,6,6,0,550,15
P037,slow_moving,32,A321,MRO_BLR,01-08-2023,2,2,6,4,0,543,60
P037,slow_moving,32,A321,MRO_BLR,01-09-2023,2,2,4,2,0,468,60
P037,slow_moving,32,A321,MRO_BLR,01-10-2023,5,2,2,0,1,475,15
P037,slow_moving,32,A321,MRO_BLR,01-11-2023,4,4,10,6,0,478,15
P037,slow_moving,32,A321,MRO_BLR,01-12-2023,0,0,6,6,0,546,45
P038,slow_moving,28,B737,BASE_HYD,01-01-2018,0,0,17,17,0,555,30
P038,slow_moving,28,B737,BASE_HYD,01-02-2018,3,3,17,14,0,538,45
P038,slow_moving,28,B737,BASE_HYD,01-03-2018,0,0,14,14,0,537,30
P038,slow_moving,28,B737,BASE_HYD,01-04-2018,0,0,14,14,0,542,30
P038,slow_moving,28,B737,BASE_HYD,01-05-2018,1,1,14,13,0,534,30
P038,slow_moving,28,B737,BASE_HYD,01-06-2018,0,0,13,13,0,629,30
P038,slow_moving,28,B737,BASE_HYD,01-07-2018,4,4,13,9,0,616,60
P038,slow_moving,28,B737,BASE_HYD,01-08-2018,0,0,9,9,0,617,15
P038,slow_moving,28,B737,BASE_HYD,01-09-2018,2,2,9,7,0,545,45
P038,slow_moving,28,B737,BASE_HYD,01-10-2018,2,2,7,5,0,542,15
P038,slow_moving,28,B737,BASE_HYD,01-11-2018,7,5,5,0,1,542,30
P038,slow_moving,28,B737,BASE_HYD,01-12-2018,5,5,10,5,0,614,30
P038,slow_moving,28,B737,BASE_HYD,01-01-2019,4,4,5,1,0,545,30
P038,slow_moving,28,B737,BASE_HYD,01-02-2019,2,2,11,9,0,534,15
P038,slow_moving,28,B737,BASE_HYD,01-03-2019,2,2,9,7,0,530,60
P038,slow_moving,28,B737,BASE_HYD,01-04-2019,4,4,7,3,0,541,30
P038,slow_moving,28,B737,BASE_HYD,01-05-2019,4,4,10,6,0,538,30
P038,slow_moving,28,B737,BASE_HYD,01-06-2019,0,0,6,6,0,619,30
P038,slow_moving,28,B737,BASE_HYD,01-07-2019,4,4,6,2,0,624,15
P038,slow_moving,28,B737,BASE_HYD,01-08-2019,7,7,12,5,0,618,15
P038,slow_moving,28,B737,BASE_HYD,01-09-2019,0,0,5,5,0,530,30
P038,slow_moving,28,B737,BASE_HYD,01-10-2019,0,0,5,5,0,538,15
P038,slow_moving,28,B737,BASE_HYD,01-11-2019,3,3,5,2,0,541,15
P038,slow_moving,28,B737,BASE_HYD,01-12-2019,6,6,12,6,0,621,30
P038,slow_moving,28,B737,BASE_HYD,01-01-2020,5,5,6,1,0,537,60
P038,slow_moving,28,B737,BASE_HYD,01-02-2020,1,1,1,0,0,551,15
P038,slow_moving,28,B737,BASE_HYD,01-03-2020,2,2,10,8,0,547,30
P038,slow_moving,28,B737,BASE_HYD,01-04-2020,0,0,8,8,0,531,30
P038,slow_moving,28,B737,BASE_HYD,01-05-2020,2,2,8,6,0,530,45
P038,slow_moving,28,B737,BASE_HYD,01-06-2020,1,1,6,5,0,627,60
P038,slow_moving,28,B737,BASE_HYD,01-07-2020,4,4,5,1,0,625,15
P038,slow_moving,28,B737,BASE_HYD,01-08-2020,2,2,13,11,0,628,45
P038,slow_moving,28,B737,BASE_HYD,01-09-2020,0,0,11,11,0,535,45
P038,slow_moving,28,B737,BASE_HYD,01-10-2020,1,1,11,10,0,537,30
P038,slow_moving,28,B737,BASE_HYD,01-11-2020,2,2,10,8,0,528,30
P038,slow_moving,28,B737,BASE_HYD,01-12-2020,0,0,8,8,0,619,60
P038,slow_moving,28,B737,BASE_HYD,01-01-2021,4,4,8,4,0,533,60
P038,slow_moving,28,B737,BASE_HYD,01-02-2021,9,4,4,0,1,532,45
P038,slow_moving,28,B737,BASE_HYD,01-03-2021,3,0,0,0,1,541,45
P038,slow_moving,28,B737,BASE_HYD,01-04-2021,0,0,7,7,0,535,30
P038,slow_moving,28,B737,BASE_HYD,01-05-2021,3,3,7,4,0,541,60
P038,slow_moving,28,B737,BASE_HYD,01-06-2021,3,3,4,1,0,616,45
P038,slow_moving,28,B737,BASE_HYD,01-07-2021,0,0,1,1,0,620,15
P038,slow_moving,28,B737,BASE_HYD,01-08-2021,4,4,8,4,0,608,60
P038,slow_moving,28,B737,BASE_HYD,01-09-2021,2,2,4,2,0,531,60
P038,slow_moving,28,B737,BASE_HYD,01-10-2021,0,0,2,2,0,539,45
P038,slow_moving,28,B737,BASE_HYD,01-11-2021,0,0,11,11,0,545,30
P038,slow_moving,28,B737,BASE_HYD,01-12-2021,0,0,11,11,0,619,60
P038,slow_moving,28,B737,BASE_HYD,01-01-2022,0,0,11,11,0,535,60
P038,slow_moving,28,B737,BASE_HYD,01-02-2022,3,3,11,8,0,543,30
P038,slow_moving,28,B737,BASE_HYD,01-03-2022,4,4,8,4,0,533,15
P038,slow_moving,28,B737,BASE_HYD,01-04-2022,0,0,4,4,0,530,15
P038,slow_moving,28,B737,BASE_HYD,01-05-2022,0,0,4,4,0,535,60
P038,slow_moving,28,B737,BASE_HYD,01-06-2022,1,1,4,3,0,617,60
P038,slow_moving,28,B737,BASE_HYD,01-07-2022,0,0,3,3,0,607,30
P038,slow_moving,28,B737,BASE_HYD,01-08-2022,0,0,13,13,0,615,30
P038,slow_moving,28,B737,BASE_HYD,01-09-2022,5,5,13,8,0,525,60
P038,slow_moving,28,B737,BASE_HYD,01-10-2022,0,0,8,8,0,533,15
P038,slow_moving,28,B737,BASE_HYD,01-11-2022,5,5,8,3,0,534,30
P038,slow_moving,28,B737,BASE_HYD,01-12-2022,2,2,13,11,0,614,15
P038,slow_moving,28,B737,BASE_HYD,01-01-2023,0,0,11,11,0,522,30
P038,slow_moving,28,B737,BASE_HYD,01-02-2023,0,0,11,11,0,533,45
P038,slow_moving,28,B737,BASE_HYD,01-03-2023,2,2,11,9,0,538,30
P038,slow_moving,28,B737,BASE_HYD,01-04-2023,0,0,9,9,0,540,30
P038,slow_moving,28,B737,BASE_HYD,01-05-2023,0,0,9,9,0,541,45
P038,slow_moving,28,B737,BASE_HYD,01-06-2023,0,0,9,9,0,613,60
P038,slow_moving,28,B737,BASE_HYD,01-07-2023,2,2,9,7,0,628,15
P038,slow_moving,28,B737,BASE_HYD,01-08-2023,6,6,7,1,0,608,30
P038,slow_moving,28,B737,BASE_HYD,01-09-2023,2,2,9,7,0,529,30
P038,slow_moving,28,B737,BASE_HYD,01-10-2023,3,3,7,4,0,533,60
P038,slow_moving,28,B737,BASE_HYD,01-11-2023,2,2,4,2,0,537,60
P038,slow_moving,28,B737,BASE_HYD,01-12-2023,0,0,2,2,0,617,30
P038,slow_moving,28,B737,LINE_DEL,01-01-2018,0,0,25,25,0,555,60
P038,slow_moving,28,B737,LINE_DEL,01-02-2018,0,0,25,25,0,538,15
P038,slow_moving,28,B737,LINE_DEL,01-03-2018,3,3,25,22,0,537,30
P038,slow_moving,28,B737,LINE_DEL,01-04-2018,0,0,22,22,0,542,15
P038,slow_moving,28,B737,LINE_DEL,01-05-2018,5,5,22,17,0,534,30
P038,slow_moving,28,B737,LINE_DEL,01-06-2018,0,0,17,17,0,629,60
P038,slow_moving,28,B737,LINE_DEL,01-07-2018,3,3,17,14,0,616,30
P038,slow_moving,28,B737,LINE_DEL,01-08-2018,4,4,14,10,0,617,15
P038,slow_moving,28,B737,LINE_DEL,01-09-2018,6,6,10,4,0,545,15
P038,slow_moving,28,B737,LINE_DEL,01-10-2018,1,1,4,3,0,542,15
P038,slow_moving,28,B737,LINE_DEL,01-11-2018,0,0,11,11,0,542,60
P038,slow_moving,28,B737,LINE_DEL,01-12-2018,1,1,11,10,0,614,60
P038,slow_moving,28,B737,LINE_DEL,01-01-2019,0,0,10,10,0,545,30
P038,slow_moving,28,B737,LINE_DEL,01-02-2019,4,4,10,6,0,534,15
P038,slow_moving,28,B737,LINE_DEL,01-03-2019,6,6,6,0,0,530,60
P038,slow_moving,28,B737,LINE_DEL,01-04-2019,3,0,0,0,1,541,60
P038,slow_moving,28,B737,LINE_DEL,01-05-2019,0,0,11,11,0,538,15
P038,slow_moving,28,B737,LINE_DEL,01-06-2019,0,0,11,11,0,619,15
P038,slow_moving,28,B737,LINE_DEL,01-07-2019,5,5,11,6,0,624,15
P038,slow_moving,28,B737,LINE_DEL,01-08-2019,0,0,6,6,0,618,60
P038,slow_moving,28,B737,LINE_DEL,01-09-2019,0,0,6,6,0,530,45
P038,slow_moving,28,B737,LINE_DEL,01-10-2019,3,3,6,3,0,538,60
P038,slow_moving,28,B737,LINE_DEL,01-11-2019,2,2,3,1,0,541,30
P038,slow_moving,28,B737,LINE_DEL,01-12-2019,2,2,11,9,0,621,30
P038,slow_moving,28,B737,LINE_DEL,01-01-2020,7,7,9,2,0,537,15
P038,slow_moving,28,B737,LINE_DEL,01-02-2020,1,1,10,9,0,551,45
P038,slow_moving,28,B737,LINE_DEL,01-03-2020,2,2,9,7,0,547,30
P038,slow_moving,28,B737,LINE_DEL,01-04-2020,0,0,7,7,0,531,45
P038,slow_moving,28,B737,LINE_DEL,01-05-2020,0,0,7,7,0,530,60
P038,slow_moving,28,B737,LINE_DEL,01-06-2020,7,7,7,0,0,627,15
P038,slow_moving,28,B737,LINE_DEL,01-07-2020,0,0,11,11,0,625,60
P038,slow_moving,28,B737,LINE_DEL,01-08-2020,0,0,11,11,0,628,60
P038,slow_moving,28,B737,LINE_DEL,01-09-2020,1,1,11,10,0,535,15
P038,slow_moving,28,B737,LINE_DEL,01-10-2020,3,3,10,7,0,537,30
P038,slow_moving,28,B737,LINE_DEL,01-11-2020,3,3,7,4,0,528,45
P038,slow_moving,28,B737,LINE_DEL,01-12-2020,4,4,4,0,0,619,30
P038,slow_moving,28,B737,LINE_DEL,01-01-2021,2,2,10,8,0,533,45
P038,slow_moving,28,B737,LINE_DEL,01-02-2021,2,2,8,6,0,532,15
P038,slow_moving,28,B737,LINE_DEL,01-03-2021,4,4,6,2,0,541,60
P038,slow_moving,28,B737,LINE_DEL,01-04-2021,0,0,2,2,0,535,45
P038,slow_moving,28,B737,LINE_DEL,01-05-2021,0,0,9,9,0,541,60
P038,slow_moving,28,B737,LINE_DEL,01-06-2021,0,0,9,9,0,616,15
P038,slow_moving,28,B737,LINE_DEL,01-07-2021,3,3,9,6,0,620,30
P038,slow_moving,28,B737,LINE_DEL,01-08-2021,2,2,6,4,0,608,30
P038,slow_moving,28,B737,LINE_DEL,01-09-2021,2,2,4,2,0,531,30
P038,slow_moving,28,B737,LINE_DEL,01-10-2021,5,5,14,9,0,539,15
P038,slow_moving,28,B737,LINE_DEL,01-11-2021,4,4,9,5,0,545,60
P038,slow_moving,28,B737,LINE_DEL,01-12-2021,2,2,5,3,0,619,15
P038,slow_moving,28,B737,LINE_DEL,01-01-2022,2,2,15,13,0,535,60
P038,slow_moving,28,B737,LINE_DEL,01-02-2022,0,0,13,13,0,543,45
P038,slow_moving,28,B737,LINE_DEL,01-03-2022,0,0,13,13,0,533,60
P038,slow_moving,28,B737,LINE_DEL,01-04-2022,2,2,13,11,0,530,15
P038,slow_moving,28,B737,LINE_DEL,01-05-2022,0,0,11,11,0,535,15
P038,slow_moving,28,B737,LINE_DEL,01-06-2022,3,3,11,8,0,617,15
P038,slow_moving,28,B737,LINE_DEL,01-07-2022,0,0,8,8,0,607,30
P038,slow_moving,28,B737,LINE_DEL,01-08-2022,2,2,8,6,0,615,30
P038,slow_moving,28,B737,LINE_DEL,01-09-2022,0,0,6,6,0,525,15
P038,slow_moving,28,B737,LINE_DEL,01-10-2022,3,3,6,3,0,533,15
P038,slow_moving,28,B737,LINE_DEL,01-11-2022,0,0,14,14,0,534,45
P038,slow_moving,28,B737,LINE_DEL,01-12-2022,2,2,14,12,0,614,60
P038,slow_moving,28,B737,LINE_DEL,01-01-2023,2,2,12,10,0,522,30
P038,slow_moving,28,B737,LINE_DEL,01-02-2023,4,4,10,6,0,533,60
P038,slow_moving,28,B737,LINE_DEL,01-03-2023,0,0,6,6,0,538,15
P038,slow_moving,28,B737,LINE_DEL,01-04-2023,1,1,6,5,0,540,60
P038,slow_moving,28,B737,LINE_DEL,01-05-2023,3,3,5,2,0,541,15
P038,slow_moving,28,B737,LINE_DEL,01-06-2023,0,0,12,12,0,613,60
P038,slow_moving,28,B737,LINE_DEL,01-07-2023,0,0,12,12,0,628,15
P038,slow_moving,28,B737,LINE_DEL,01-08-2023,6,6,12,6,0,608,60
P038,slow_moving,28,B737,LINE_DEL,01-09-2023,3,3,6,3,0,529,45
P038,slow_moving,28,B737,LINE_DEL,01-10-2023,2,2,3,1,0,533,60
P038,slow_moving,28,B737,LINE_DEL,01-11-2023,1,1,9,8,0,537,60
P038,slow_moving,28,B737,LINE_DEL,01-12-2023,3,3,8,5,0,617,60
P038,slow_moving,28,B737,MRO_BLR,01-01-2018,1,1,28,27,0,555,15
P038,slow_moving,28,B737,MRO_BLR,01-02-2018,0,0,27,27,0,538,30
P038,slow_moving,28,B737,MRO_BLR,01-03-2018,0,0,27,27,0,537,60
P038,slow_moving,28,B737,MRO_BLR,01-04-2018,0,0,27,27,0,542,30
P038,slow_moving,28,B737,MRO_BLR,01-05-2018,0,0,27,27,0,534,45
P038,slow_moving,28,B737,MRO_BLR,01-06-2018,0,0,27,27,0,629,15
P038,slow_moving,28,B737,MRO_BLR,01-07-2018,3,3,27,24,0,616,45
P038,slow_moving,28,B737,MRO_BLR,01-08-2018,2,2,24,22,0,617,30
P038,slow_moving,28,B737,MRO_BLR,01-09-2018,0,0,22,22,0,545,15
P038,slow_moving,28,B737,MRO_BLR,01-10-2018,0,0,22,22,0,542,30
P038,slow_moving,28,B737,MRO_BLR,01-11-2018,3,3,22,19,0,542,60
P038,slow_moving,28,B737,MRO_BLR,01-12-2018,4,4,19,15,0,614,15
P038,slow_moving,28,B737,MRO_BLR,01-01-2019,0,0,15,15,0,545,60
P038,slow_moving,28,B737,MRO_BLR,01-02-2019,0,0,15,15,0,534,30
P038,slow_moving,28,B737,MRO_BLR,01-03-2019,3,3,15,12,0,530,30
P038,slow_moving,28,B737,MRO_BLR,01-04-2019,4,4,12,8,0,541,15
P038,slow_moving,28,B737,MRO_BLR,01-05-2019,0,0,8,8,0,538,15
P038,slow_moving,28,B737,MRO_BLR,01-06-2019,6,6,8,2,0,619,60
P038,slow_moving,28,B737,MRO_BLR,01-07-2019,7,2,2,0,1,624,45
P038,slow_moving,28,B737,MRO_BLR,01-08-2019,1,1,9,8,0,618,15
P038,slow_moving,28,B737,MRO_BLR,01-09-2019,6,6,8,2,0,530,15
P038,slow_moving,28,B737,MRO_BLR,01-10-2019,0,0,12,12,0,538,45
P038,slow_moving,28,B737,MRO_BLR,01-11-2019,0,0,12,12,0,541,45
P038,slow_moving,28,B737,MRO_BLR,01-12-2019,5,5,12,7,0,621,45
P038,slow_moving,28,B737,MRO_BLR,01-01-2020,1,1,7,6,0,537,30
P038,slow_moving,28,B737,MRO_BLR,01-02-2020,0,0,6,6,0,551,45
P038,slow_moving,28,B737,MRO_BLR,01-03-2020,2,2,6,4,0,547,60
P038,slow_moving,28,B737,MRO_BLR,01-04-2020,0,0,4,4,0,531,45
P038,slow_moving,28,B737,MRO_BLR,01-05-2020,4,4,4,0,0,530,60
P038,slow_moving,28,B737,MRO_BLR,01-06-2020,1,0,0,0,1,627,60
P038,slow_moving,28,B737,MRO_BLR,01-07-2020,5,5,12,7,0,625,60
P038,slow_moving,28,B737,MRO_BLR,01-08-2020,0,0,7,7,0,628,45
P038,slow_moving,28,B737,MRO_BLR,01-09-2020,0,0,7,7,0,535,15
P038,slow_moving,28,B737,MRO_BLR,01-10-2020,0,0,7,7,0,537,45
P038,slow_moving,28,B737,MRO_BLR,01-11-2020,0,0,7,7,0,528,45
P038,slow_moving,28,B737,MRO_BLR,01-12-2020,1,1,7,6,0,619,60
P038,slow_moving,28,B737,MRO_BLR,01-01-2021,3,3,6,3,0,533,30
P038,slow_moving,28,B737,MRO_BLR,01-02-2021,0,0,14,14,0,532,15
P038,slow_moving,28,B737,MRO_BLR,01-03-2021,3,3,14,11,0,541,15
P038,slow_moving,28,B737,MRO_BLR,01-04-2021,0,0,11,11,0,535,60
P038,slow_moving,28,B737,MRO_BLR,01-05-2021,3,3,11,8,0,541,15
P038,slow_moving,28,B737,MRO_BLR,01-06-2021,2,2,8,6,0,616,60
P038,slow_moving,28,B737,MRO_BLR,01-07-2021,5,5,6,1,0,620,45
P038,slow_moving,28,B737,MRO_BLR,01-08-2021,4,1,1,0,1,608,60
P038,slow_moving,28,B737,MRO_BLR,01-09-2021,0,0,11,11,0,531,30
P038,slow_moving,28,B737,MRO_BLR,01-10-2021,0,0,11,11,0,539,30
P038,slow_moving,28,B737,MRO_BLR,01-11-2021,8,8,11,3,0,545,15
P038,slow_moving,28,B737,MRO_BLR,01-12-2021,0,0,13,13,0,619,30
P038,slow_moving,28,B737,MRO_BLR,01-01-2022,0,0,13,13,0,535,45
P038,slow_moving,28,B737,MRO_BLR,01-02-2022,0,0,13,13,0,543,45
P038,slow_moving,28,B737,MRO_BLR,01-03-2022,2,2,13,11,0,533,30
P038,slow_moving,28,B737,MRO_BLR,01-04-2022,0,0,11,11,0,530,30
P038,slow_moving,28,B737,MRO_BLR,01-05-2022,5,5,11,6,0,535,30
P038,slow_moving,28,B737,MRO_BLR,01-06-2022,0,0,6,6,0,617,45
P038,slow_moving,28,B737,MRO_BLR,01-07-2022,4,4,6,2,0,607,15
P038,slow_moving,28,B737,MRO_BLR,01-08-2022,2,2,14,12,0,615,30
P038,slow_moving,28,B737,MRO_BLR,01-09-2022,0,0,12,12,0,525,15
P038,slow_moving,28,B737,MRO_BLR,01-10-2022,3,3,12,9,0,533,15
P038,slow_moving,28,B737,MRO_BLR,01-11-2022,4,4,9,5,0,534,60
P038,slow_moving,28,B737,MRO_BLR,01-12-2022,1,1,5,4,0,614,45
P038,slow_moving,28,B737,MRO_BLR,01-01-2023,3,3,4,1,0,522,30
P038,slow_moving,28,B737,MRO_BLR,01-02-2023,3,3,11,8,0,533,30
P038,slow_moving,28,B737,MRO_BLR,01-03-2023,0,0,8,8,0,538,15
P038,slow_moving,28,B737,MRO_BLR,01-04-2023,5,5,8,3,0,540,15
P038,slow_moving,28,B737,MRO_BLR,01-05-2023,0,0,10,10,0,541,15
P038,slow_moving,28,B737,MRO_BLR,01-06-2023,3,3,10,7,0,613,45
P038,slow_moving,28,B737,MRO_BLR,01-07-2023,0,0,7,7,0,628,45
P038,slow_moving,28,B737,MRO_BLR,01-08-2023,2,2,7,5,0,608,30
P038,slow_moving,28,B737,MRO_BLR,01-09-2023,4,4,5,1,0,529,45
P038,slow_moving,28,B737,MRO_BLR,01-10-2023,0,0,1,1,0,533,60
P038,slow_moving,28,B737,MRO_BLR,01-11-2023,3,3,10,7,0,537,60
P038,slow_moving,28,B737,MRO_BLR,01-12-2023,0,0,7,7,0,617,15
P039,slow_moving,28,A321,BASE_HYD,01-01-2018,2,2,21,19,0,397,15
P039,slow_moving,28,A321,BASE_HYD,01-02-2018,0,0,19,19,0,402,15
P039,slow_moving,28,A321,BASE_HYD,01-03-2018,0,0,19,19,0,401,15
P039,slow_moving,28,A321,BASE_HYD,01-04-2018,1,1,19,18,0,400,60
P039,slow_moving,28,A321,BASE_HYD,01-05-2018,4,4,18,14,0,400,60
P039,slow_moving,28,A321,BASE_HYD,01-06-2018,6,6,14,8,0,463,15
P039,slow_moving,28,A321,BASE_HYD,01-07-2018,2,2,8,6,0,466,45
P039,slow_moving,28,A321,BASE_HYD,01-08-2018,3,3,6,3,0,469,30
P039,slow_moving,28,A321,BASE_HYD,01-09-2018,1,1,14,13,0,401,60
P039,slow_moving,28,A321,BASE_HYD,01-10-2018,4,4,13,9,0,401,30
P039,slow_moving,28,A321,BASE_HYD,01-11-2018,2,2,9,7,0,391,30
P039,slow_moving,28,A321,BASE_HYD,01-12-2018,0,0,7,7,0,469,30
P039,slow_moving,28,A321,BASE_HYD,01-01-2019,1,1,7,6,0,395,30
P039,slow_moving,28,A321,BASE_HYD,01-02-2019,0,0,6,6,0,403,60
P039,slow_moving,28,A321,BASE_HYD,01-03-2019,2,2,6,4,0,402,15
P039,slow_moving,28,A321,BASE_HYD,01-04-2019,0,0,4,4,0,405,15
P039,slow_moving,28,A321,BASE_HYD,01-05-2019,4,4,4,0,0,397,30
P039,slow_moving,28,A321,BASE_HYD,01-06-2019,1,1,9,8,0,464,30
P039,slow_moving,28,A321,BASE_HYD,01-07-2019,0,0,8,8,0,468,60
P039,slow_moving,28,A321,BASE_HYD,01-08-2019,0,0,8,8,0,462,45
P039,slow_moving,28,A321,BASE_HYD,01-09-2019,1,1,8,7,0,397,30
P039,slow_moving,28,A321,BASE_HYD,01-10-2019,2,2,7,5,0,395,30
P039,slow_moving,28,A321,BASE_HYD,01-11-2019,1,1,5,4,0,407,15
P039,slow_moving,28,A321,BASE_HYD,01-12-2019,3,3,4,1,0,459,15
P039,slow_moving,28,A321,BASE_HYD,01-01-2020,4,4,9,5,0,399,45
P039,slow_moving,28,A321,BASE_HYD,01-02-2020,0,0,5,5,0,410,60
P039,slow_moving,28,A321,BASE_HYD,01-03-2020,0,0,5,5,0,403,45
P039,slow_moving,28,A321,BASE_HYD,01-04-2020,2,2,5,3,0,404,60
P039,slow_moving,28,A321,BASE_HYD,01-05-2020,4,3,3,0,1,406,45
P039,slow_moving,28,A321,BASE_HYD,01-06-2020,3,3,8,5,0,452,60
P039,slow_moving,28,A321,BASE_HYD,01-07-2020,7,5,5,0,1,467,60
P039,slow_moving,28,A321,BASE_HYD,01-08-2020,6,0,0,0,1,467,15
P039,slow_moving,28,A321,BASE_HYD,01-09-2020,4,4,8,4,0,398,60
P039,slow_moving,28,A321,BASE_HYD,01-10-2020,1,1,4,3,0,403,45
P039,slow_moving,28,A321,BASE_HYD,01-11-2020,0,0,3,3,0,403,45
P039,slow_moving,28,A321,BASE_HYD,01-12-2020,6,6,14,8,0,456,15
P039,slow_moving,28,A321,BASE_HYD,01-01-2021,2,2,8,6,0,402,15
P039,slow_moving,28,A321,BASE_HYD,01-02-2021,6,6,6,0,0,396,30
P039,slow_moving,28,A321,BASE_HYD,01-03-2021,0,0,10,10,0,409,60
P039,slow_moving,28,A321,BASE_HYD,01-04-2021,0,0,10,10,0,399,45
P039,slow_moving,28,A321,BASE_HYD,01-05-2021,1,1,10,9,0,401,45
P039,slow_moving,28,A321,BASE_HYD,01-06-2021,5,5,9,4,0,451,60
P039,slow_moving,28,A321,BASE_HYD,01-07-2021,4,4,4,0,0,460,45
P039,slow_moving,28,A321,BASE_HYD,01-08-2021,0,0,0,0,0,464,30
P039,slow_moving,28,A321,BASE_HYD,01-09-2021,0,0,11,11,0,395,15
P039,slow_moving,28,A321,BASE_HYD,01-10-2021,3,3,11,8,0,396,45
P039,slow_moving,28,A321,BASE_HYD,01-11-2021,3,3,8,5,0,396,15
P039,slow_moving,28,A321,BASE_HYD,01-12-2021,0,0,5,5,0,453,60
P039,slow_moving,28,A321,BASE_HYD,01-01-2022,2,2,5,3,0,392,60
P039,slow_moving,28,A321,BASE_HYD,01-02-2022,0,0,3,3,0,401,45
P039,slow_moving,28,A321,BASE_HYD,01-03-2022,4,4,13,9,0,392,45
P039,slow_moving,28,A321,BASE_HYD,01-04-2022,0,0,9,9,0,390,30
P039,slow_moving,28,A321,BASE_HYD,01-05-2022,5,5,9,4,0,395,15
P039,slow_moving,28,A321,BASE_HYD,01-06-2022,3,3,4,1,0,457,45
P039,slow_moving,28,A321,BASE_HYD,01-07-2022,0,0,1,1,0,459,60
P039,slow_moving,28,A321,BASE_HYD,01-08-2022,3,3,13,10,0,453,30
P039,slow_moving,28,A321,BASE_HYD,01-09-2022,0,0,10,10,0,395,15
P039,slow_moving,28,A321,BASE_HYD,01-10-2022,3,3,10,7,0,399,60
P039,slow_moving,28,A321,BASE_HYD,01-11-2022,3,3,7,4,0,401,15
P039,slow_moving,28,A321,BASE_HYD,01-12-2022,0,0,4,4,0,462,15
P039,slow_moving,28,A321,BASE_HYD,01-01-2023,1,1,4,3,0,398,45
P039,slow_moving,28,A321,BASE_HYD,01-02-2023,3,3,3,0,0,389,15
P039,slow_moving,28,A321,BASE_HYD,01-03-2023,6,6,12,6,0,393,15
P039,slow_moving,28,A321,BASE_HYD,01-04-2023,6,6,6,0,0,401,60
P039,slow_moving,28,A321,BASE_HYD,01-05-2023,2,0,0,0,1,403,15
P039,slow_moving,28,A321,BASE_HYD,01-06-2023,0,0,7,7,0,455,15
P039,slow_moving,28,A321,BASE_HYD,01-07-2023,1,1,7,6,0,455,45
P039,slow_moving,28,A321,BASE_HYD,01-08-2023,0,0,6,6,0,451,30
P039,slow_moving,28,A321,BASE_HYD,01-09-2023,0,0,6,6,0,402,45
P039,slow_moving,28,A321,BASE_HYD,01-10-2023,1,1,6,5,0,392,15
P039,slow_moving,28,A321,BASE_HYD,01-11-2023,0,0,5,5,0,404,15
P039,slow_moving,28,A321,BASE_HYD,01-12-2023,4,4,5,1,0,455,15
P039,slow_moving,28,A321,LINE_DEL,01-01-2018,0,0,25,25,0,397,45
P039,slow_moving,28,A321,LINE_DEL,01-02-2018,3,3,25,22,0,402,30
P039,slow_moving,28,A321,LINE_DEL,01-03-2018,0,0,22,22,0,401,30
P039,slow_moving,28,A321,LINE_DEL,01-04-2018,0,0,22,22,0,400,30
P039,slow_moving,28,A321,LINE_DEL,01-05-2018,6,6,22,16,0,400,30
P039,slow_moving,28,A321,LINE_DEL,01-06-2018,2,2,16,14,0,463,15
P039,slow_moving,28,A321,LINE_DEL,01-07-2018,1,1,14,13,0,466,15
P039,slow_moving,28,A321,LINE_DEL,01-08-2018,0,0,13,13,0,469,30
P039,slow_moving,28,A321,LINE_DEL,01-09-2018,0,0,13,13,0,401,45
P039,slow_moving,28,A321,LINE_DEL,01-10-2018,3,3,13,10,0,401,15
P039,slow_moving,28,A321,LINE_DEL,01-11-2018,0,0,10,10,0,391,45
P039,slow_moving,28,A321,LINE_DEL,01-12-2018,2,2,10,8,0,469,15
P039,slow_moving,28,A321,LINE_DEL,01-01-2019,5,5,8,3,0,395,15
P039,slow_moving,28,A321,LINE_DEL,01-02-2019,0,0,15,15,0,403,15
P039,slow_moving,28,A321,LINE_DEL,01-03-2019,5,5,15,10,0,402,15
P039,slow_moving,28,A321,LINE_DEL,01-04-2019,3,3,10,7,0,405,60
P039,slow_moving,28,A321,LINE_DEL,01-05-2019,0,0,7,7,0,397,15
P039,slow_moving,28,A321,LINE_DEL,01-06-2019,4,4,7,3,0,464,15
P039,slow_moving,28,A321,LINE_DEL,01-07-2019,2,2,13,11,0,468,30
P039,slow_moving,28,A321,LINE_DEL,01-08-2019,3,3,11,8,0,462,45
P039,slow_moving,28,A321,LINE_DEL,01-09-2019,6,6,8,2,0,397,60
P039,slow_moving,28,A321,LINE_DEL,01-10-2019,4,2,2,0,1,395,30
P039,slow_moving,28,A321,LINE_DEL,01-11-2019,4,4,9,5,0,407,30
P039,slow_moving,28,A321,LINE_DEL,01-12-2019,5,5,5,0,0,459,30
P039,slow_moving,28,A321,LINE_DEL,01-01-2020,7,7,10,3,0,399,15
P039,slow_moving,28,A321,LINE_DEL,01-02-2020,1,1,10,9,0,410,60
P039,slow_moving,28,A321,LINE_DEL,01-03-2020,5,5,9,4,0,403,30
P039,slow_moving,28,A321,LINE_DEL,01-04-2020,0,0,4,4,0,404,45
P039,slow_moving,28,A321,LINE_DEL,01-05-2020,2,2,4,2,0,406,60
P039,slow_moving,28,A321,LINE_DEL,01-06-2020,0,0,2,2,0,452,30
P039,slow_moving,28,A321,LINE_DEL,01-07-2020,0,0,10,10,0,467,45
P039,slow_moving,28,A321,LINE_DEL,01-08-2020,2,2,10,8,0,467,45
P039,slow_moving,28,A321,LINE_DEL,01-09-2020,0,0,8,8,0,398,15
P039,slow_moving,28,A321,LINE_DEL,01-10-2020,5,5,8,3,0,403,45
P039,slow_moving,28,A321,LINE_DEL,01-11-2020,0,0,3,3,0,403,30
P039,slow_moving,28,A321,LINE_DEL,01-12-2020,2,2,11,9,0,456,60
P039,slow_moving,28,A321,LINE_DEL,01-01-2021,2,2,9,7,0,402,15
P039,slow_moving,28,A321,LINE_DEL,01-02-2021,0,0,7,7,0,396,60
P039,slow_moving,28,A321,LINE_DEL,01-03-2021,5,5,7,2,0,409,30
P039,slow_moving,28,A321,LINE_DEL,01-04-2021,3,3,13,10,0,399,15
P039,slow_moving,28,A321,LINE_DEL,01-05-2021,4,4,10,6,0,401,45
P039,slow_moving,28,A321,LINE_DEL,01-06-2021,2,2,6,4,0,451,60
P039,slow_moving,28,A321,LINE_DEL,01-07-2021,3,3,4,1,0,460,45
P039,slow_moving,28,A321,LINE_DEL,01-08-2021,3,1,1,0,1,464,15
P039,slow_moving,28,A321,LINE_DEL,01-09-2021,5,5,12,7,0,395,60
P039,slow_moving,28,A321,LINE_DEL,01-10-2021,1,1,7,6,0,396,45
P039,slow_moving,28,A321,LINE_DEL,01-11-2021,3,3,6,3,0,396,15
P039,slow_moving,28,A321,LINE_DEL,01-12-2021,4,4,14,10,0,453,30
P039,slow_moving,28,A321,LINE_DEL,01-01-2022,0,0,10,10,0,392,60
P039,slow_moving,28,A321,LINE_DEL,01-02-2022,3,3,10,7,0,401,45
P039,slow_moving,28,A321,LINE_DEL,01-03-2022,0,0,7,7,0,392,45
P039,slow_moving,28,A321,LINE_DEL,01-04-2022,0,0,7,7,0,390,60
P039,slow_moving,28,A321,LINE_DEL,01-05-2022,0,0,7,7,0,395,30
P039,slow_moving,28,A321,LINE_DEL,01-06-2022,4,4,7,3,0,457,15
P039,slow_moving,28,A321,LINE_DEL,01-07-2022,1,1,13,12,0,459,15
P039,slow_moving,28,A321,LINE_DEL,01-08-2022,6,6,12,6,0,453,60
P039,slow_moving,28,A321,LINE_DEL,01-09-2022,0,0,6,6,0,395,60
P039,slow_moving,28,A321,LINE_DEL,01-10-2022,5,5,6,1,0,399,30
P039,slow_moving,28,A321,LINE_DEL,01-11-2022,3,3,12,9,0,401,30
P039,slow_moving,28,A321,LINE_DEL,01-12-2022,2,2,9,7,0,462,60
P039,slow_moving,28,A321,LINE_DEL,01-01-2023,3,3,7,4,0,398,15
P039,slow_moving,28,A321,LINE_DEL,01-02-2023,2,2,4,2,0,389,60
P039,slow_moving,28,A321,LINE_DEL,01-03-2023,0,0,2,2,0,393,60
P039,slow_moving,28,A321,LINE_DEL,01-04-2023,3,3,12,9,0,401,45
P039,slow_moving,28,A321,LINE_DEL,01-05-2023,5,5,9,4,0,403,45
P039,slow_moving,28,A321,LINE_DEL,01-06-2023,0,0,4,4,0,455,30
P039,slow_moving,28,A321,LINE_DEL,01-07-2023,5,4,4,0,1,455,45
P039,slow_moving,28,A321,LINE_DEL,01-08-2023,2,0,0,0,1,451,45
P039,slow_moving,28,A321,LINE_DEL,01-09-2023,4,4,11,7,0,402,60
P039,slow_moving,28,A321,LINE_DEL,01-10-2023,1,1,7,6,0,392,15
P039,slow_moving,28,A321,LINE_DEL,01-11-2023,1,1,6,5,0,404,15
P039,slow_moving,28,A321,LINE_DEL,01-12-2023,4,4,5,1,0,455,30
P039,slow_moving,28,A321,MRO_BLR,01-01-2018,2,2,16,14,0,397,15
P039,slow_moving,28,A321,MRO_BLR,01-02-2018,2,2,14,12,0,402,30
P039,slow_moving,28,A321,MRO_BLR,01-03-2018,4,4,12,8,0,401,60
P039,slow_moving,28,A321,MRO_BLR,01-04-2018,1,1,8,7,0,400,30
P039,slow_moving,28,A321,MRO_BLR,01-05-2018,0,0,7,7,0,400,45
P039,slow_moving,28,A321,MRO_BLR,01-06-2018,0,0,7,7,0,463,60
P039,slow_moving,28,A321,MRO_BLR,01-07-2018,1,1,7,6,0,466,45
P039,slow_moving,28,A321,MRO_BLR,01-08-2018,4,4,6,2,0,469,45
P039,slow_moving,28,A321,MRO_BLR,01-09-2018,3,2,2,0,1,401,45
P039,slow_moving,28,A321,MRO_BLR,01-10-2018,0,0,10,10,0,401,60
P039,slow_moving,28,A321,MRO_BLR,01-11-2018,0,0,10,10,0,391,30
P039,slow_moving,28,A321,MRO_BLR,01-12-2018,0,0,10,10,0,469,15
P039,slow_moving,28,A321,MRO_BLR,01-01-2019,2,2,10,8,0,395,60
P039,slow_moving,28,A321,MRO_BLR,01-02-2019,3,3,8,5,0,403,30
P039,slow_moving,28,A321,MRO_BLR,01-03-2019,2,2,5,3,0,402,60
P039,slow_moving,28,A321,MRO_BLR,01-04-2019,0,0,3,3,0,405,45
P039,slow_moving,28,A321,MRO_BLR,01-05-2019,3,3,14,11,0,397,45
P039,slow_moving,28,A321,MRO_BLR,01-06-2019,5,5,11,6,0,464,30
P039,slow_moving,28,A321,MRO_BLR,01-07-2019,0,0,6,6,0,468,45
P039,slow_moving,28,A321,MRO_BLR,01-08-2019,0,0,6,6,0,462,30
P039,slow_moving,28,A321,MRO_BLR,01-09-2019,3,3,6,3,0,397,60
P039,slow_moving,28,A321,MRO_BLR,01-10-2019,0,0,3,3,0,395,30
P039,slow_moving,28,A321,MRO_BLR,01-11-2019,4,4,13,9,0,407,30
P039,slow_moving,28,A321,MRO_BLR,01-12-2019,3,3,9,6,0,459,60
P039,slow_moving,28,A321,MRO_BLR,01-01-2020,3,3,6,3,0,399,30
P039,slow_moving,28,A321,MRO_BLR,01-02-2020,1,1,12,11,0,410,15
P039,slow_moving,28,A321,MRO_BLR,01-03-2020,1,1,11,10,0,403,45
P039,slow_moving,28,A321,MRO_BLR,01-04-2020,0,0,10,10,0,404,15
P039,slow_moving,28,A321,MRO_BLR,01-05-2020,0,0,10,10,0,406,30
P039,slow_moving,28,A321,MRO_BLR,01-06-2020,0,0,10,10,0,452,60
P039,slow_moving,28,A321,MRO_BLR,01-07-2020,2,2,10,8,0,467,30
P039,slow_moving,28,A321,MRO_BLR,01-08-2020,4,4,8,4,0,467,15
P039,slow_moving,28,A321,MRO_BLR,01-09-2020,5,4,4,0,1,398,60
P039,slow_moving,28,A321,MRO_BLR,01-10-2020,4,0,0,0,1,403,45
P039,slow_moving,28,A321,MRO_BLR,01-11-2020,2,2,7,5,0,403,15
P039,slow_moving,28,A321,MRO_BLR,01-12-2020,1,1,5,4,0,456,45
P039,slow_moving,28,A321,MRO_BLR,01-01-2021,0,0,4,4,0,402,60
P039,slow_moving,28,A321,MRO_BLR,01-02-2021,0,0,4,4,0,396,45
P039,slow_moving,28,A321,MRO_BLR,01-03-2021,0,0,4,4,0,409,15
P039,slow_moving,28,A321,MRO_BLR,01-04-2021,3,3,4,1,0,399,15
P039,slow_moving,28,A321,MRO_BLR,01-05-2021,7,7,9,2,0,401,30
P039,slow_moving,28,A321,MRO_BLR,01-06-2021,2,2,14,12,0,451,15
P039,slow_moving,28,A321,MRO_BLR,01-07-2021,4,4,12,8,0,460,45
P039,slow_moving,28,A321,MRO_BLR,01-08-2021,0,0,8,8,0,464,45
P039,slow_moving,28,A321,MRO_BLR,01-09-2021,0,0,8,8,0,395,45
P039,slow_moving,28,A321,MRO_BLR,01-10-2021,2,2,8,6,0,396,60
P039,slow_moving,28,A321,MRO_BLR,01-11-2021,7,6,6,0,1,396,45
P039,slow_moving,28,A321,MRO_BLR,01-12-2021,3,0,0,0,1,453,60
P039,slow_moving,28,A321,MRO_BLR,01-01-2022,3,3,7,4,0,392,30
P039,slow_moving,28,A321,MRO_BLR,01-02-2022,2,2,4,2,0,401,30
P039,slow_moving,28,A321,MRO_BLR,01-03-2022,0,0,14,14,0,392,60
P039,slow_moving,28,A321,MRO_BLR,01-04-2022,0,0,14,14,0,390,15
P039,slow_moving,28,A321,MRO_BLR,01-05-2022,4,4,14,10,0,395,30
P039,slow_moving,28,A321,MRO_BLR,01-06-2022,0,0,10,10,0,457,30
P039,slow_moving,28,A321,MRO_BLR,01-07-2022,0,0,10,10,0,459,60
P039,slow_moving,28,A321,MRO_BLR,01-08-2022,3,3,10,7,0,453,15
P039,slow_moving,28,A321,MRO_BLR,01-09-2022,1,1,7,6,0,395,30
P039,slow_moving,28,A321,MRO_BLR,01-10-2022,0,0,6,6,0,399,30
P039,slow_moving,28,A321,MRO_BLR,01-11-2022,0,0,6,6,0,401,15
P039,slow_moving,28,A321,MRO_BLR,01-12-2022,3,3,6,3,0,462,45
P039,slow_moving,28,A321,MRO_BLR,01-01-2023,0,0,3,3,0,398,30
P039,slow_moving,28,A321,MRO_BLR,01-02-2023,4,4,11,7,0,389,60
P039,slow_moving,28,A321,MRO_BLR,01-03-2023,1,1,7,6,0,393,60
P039,slow_moving,28,A321,MRO_BLR,01-04-2023,6,6,6,0,0,401,15
P039,slow_moving,28,A321,MRO_BLR,01-05-2023,0,0,9,9,0,403,15
P039,slow_moving,28,A321,MRO_BLR,01-06-2023,5,5,9,4,0,455,15
P039,slow_moving,28,A321,MRO_BLR,01-07-2023,4,4,4,0,0,455,15
P039,slow_moving,28,A321,MRO_BLR,01-08-2023,0,0,11,11,0,451,45
P039,slow_moving,28,A321,MRO_BLR,01-09-2023,0,0,11,11,0,402,15
P039,slow_moving,28,A321,MRO_BLR,01-10-2023,0,0,11,11,0,392,30
P039,slow_moving,28,A321,MRO_BLR,01-11-2023,6,6,11,5,0,404,45
P039,slow_moving,28,A321,MRO_BLR,01-12-2023,3,3,5,2,0,455,30
P040,slow_moving,24,A320,BASE_HYD,01-01-2018,2,2,26,24,0,431,45
P040,slow_moving,24,A320,BASE_HYD,01-02-2018,2,2,24,22,0,419,15
P040,slow_moving,24,A320,BASE_HYD,01-03-2018,4,4,22,18,0,433,60
P040,slow_moving,24,A320,BASE_HYD,01-04-2018,4,4,18,14,0,431,60
P040,slow_moving,24,A320,BASE_HYD,01-05-2018,0,0,14,14,0,433,45
P040,slow_moving,24,A320,BASE_HYD,01-06-2018,1,1,14,13,0,493,15
P040,slow_moving,24,A320,BASE_HYD,01-07-2018,3,3,13,10,0,499,60
P040,slow_moving,24,A320,BASE_HYD,01-08-2018,3,3,10,7,0,484,15
P040,slow_moving,24,A320,BASE_HYD,01-09-2018,3,3,7,4,0,433,30
P040,slow_moving,24,A320,BASE_HYD,01-10-2018,3,3,4,1,0,440,30
P040,slow_moving,24,A320,BASE_HYD,01-11-2018,0,0,11,11,0,426,15
P040,slow_moving,24,A320,BASE_HYD,01-12-2018,0,0,11,11,0,491,60
P040,slow_moving,24,A320,BASE_HYD,01-01-2019,3,3,11,8,0,422,30
P040,slow_moving,24,A320,BASE_HYD,01-02-2019,2,2,8,6,0,426,45
P040,slow_moving,24,A320,BASE_HYD,01-03-2019,0,0,6,6,0,427,15
P040,slow_moving,24,A320,BASE_HYD,01-04-2019,0,0,6,6,0,416,45
P040,slow_moving,24,A320,BASE_HYD,01-05-2019,2,2,6,4,0,428,15
P040,slow_moving,24,A320,BASE_HYD,01-06-2019,2,2,4,2,0,495,30
P040,slow_moving,24,A320,BASE_HYD,01-07-2019,1,1,12,11,0,485,60
P040,slow_moving,24,A320,BASE_HYD,01-08-2019,2,2,11,9,0,487,60
P040,slow_moving,24,A320,BASE_HYD,01-09-2019,0,0,9,9,0,429,30
P040,slow_moving,24,A320,BASE_HYD,01-10-2019,3,3,9,6,0,422,30
P040,slow_moving,24,A320,BASE_HYD,01-11-2019,4,4,6,2,0,429,15
P040,slow_moving,24,A320,BASE_HYD,01-12-2019,4,4,14,10,0,491,15
P040,slow_moving,24,A320,BASE_HYD,01-01-2020,3,3,10,7,0,434,15
P040,slow_moving,24,A320,BASE_HYD,01-02-2020,2,2,7,5,0,424,30
P040,slow_moving,24,A320,BASE_HYD,01-03-2020,3,3,5,2,0,422,30
P040,slow_moving,24,A320,BASE_HYD,01-04-2020,6,6,10,4,0,425,30
P040,slow_moving,24,A320,BASE_HYD,01-05-2020,2,2,4,2,0,425,60
P040,slow_moving,24,A320,BASE_HYD,01-06-2020,4,2,2,0,1,496,45
P040,slow_moving,24,A320,BASE_HYD,01-07-2020,0,0,8,8,0,496,45
P040,slow_moving,24,A320,BASE_HYD,01-08-2020,0,0,8,8,0,485,60
P040,slow_moving,24,A320,BASE_HYD,01-09-2020,0,0,8,8,0,424,60
P040,slow_moving,24,A320,BASE_HYD,01-10-2020,1,1,8,7,0,421,45
P040,slow_moving,24,A320,BASE_HYD,01-11-2020,0,0,7,7,0,421,60
P040,slow_moving,24,A320,BASE_HYD,01-12-2020,0,0,7,7,0,472,60
P040,slow_moving,24,A320,BASE_HYD,01-01-2021,0,0,7,7,0,430,60
P040,slow_moving,24,A320,BASE_HYD,01-02-2021,3,3,7,4,0,420,15
P040,slow_moving,24,A320,BASE_HYD,01-03-2021,3,3,4,1,0,421,30
P040,slow_moving,24,A320,BASE_HYD,01-04-2021,2,2,12,10,0,435,60
P040,slow_moving,24,A320,BASE_HYD,01-05-2021,4,4,10,6,0,420,15
P040,slow_moving,24,A320,BASE_HYD,01-06-2021,1,1,6,5,0,486,60
P040,slow_moving,24,A320,BASE_HYD,01-07-2021,0,0,5,5,0,488,15
P040,slow_moving,24,A320,BASE_HYD,01-08-2021,5,5,5,0,0,488,15
P040,slow_moving,24,A320,BASE_HYD,01-09-2021,5,5,7,2,0,421,45
P040,slow_moving,24,A320,BASE_HYD,01-10-2021,0,0,2,2,0,428,60
P040,slow_moving,24,A320,BASE_HYD,01-11-2021,2,2,12,10,0,424,45
P040,slow_moving,24,A320,BASE_HYD,01-12-2021,5,5,10,5,0,487,15
P040,slow_moving,24,A320,BASE_HYD,01-01-2022,3,3,5,2,0,419,30
P040,slow_moving,24,A320,BASE_HYD,01-02-2022,2,2,11,9,0,421,60
P040,slow_moving,24,A320,BASE_HYD,01-03-2022,2,2,9,7,0,426,45
P040,slow_moving,24,A320,BASE_HYD,01-04-2022,0,0,7,7,0,426,60
P040,slow_moving,24,A320,BASE_HYD,01-05-2022,2,2,7,5,0,420,60
P040,slow_moving,24,A320,BASE_HYD,01-06-2022,2,2,5,3,0,481,60
P040,slow_moving,24,A320,BASE_HYD,01-07-2022,0,0,3,3,0,489,45
P040,slow_moving,24,A320,BASE_HYD,01-08-2022,0,0,12,12,0,487,60
P040,slow_moving,24,A320,BASE_HYD,01-09-2022,0,0,12,12,0,426,45
P040,slow_moving,24,A320,BASE_HYD,01-10-2022,1,1,12,11,0,418,30
P040,slow_moving,24,A320,BASE_HYD,01-11-2022,2,2,11,9,0,422,30
P040,slow_moving,24,A320,BASE_HYD,01-12-2022,2,2,9,7,0,489,60
P040,slow_moving,24,A320,BASE_HYD,01-01-2023,2,2,7,5,0,418,30
P040,slow_moving,24,A320,BASE_HYD,01-02-2023,2,2,5,3,0,429,30
P040,slow_moving,24,A320,BASE_HYD,01-03-2023,1,1,10,9,0,427,45
P040,slow_moving,24,A320,BASE_HYD,01-04-2023,2,2,9,7,0,420,60
P040,slow_moving,24,A320,BASE_HYD,01-05-2023,2,2,7,5,0,420,60
P040,slow_moving,24,A320,BASE_HYD,01-06-2023,3,3,5,2,0,485,45
P040,slow_moving,24,A320,BASE_HYD,01-07-2023,0,0,2,2,0,485,30
P040,slow_moving,24,A320,BASE_HYD,01-08-2023,2,2,11,9,0,490,30
P040,slow_moving,24,A320,BASE_HYD,01-09-2023,0,0,9,9,0,417,15
P040,slow_moving,24,A320,BASE_HYD,01-10-2023,0,0,9,9,0,417,45
P040,slow_moving,24,A320,BASE_HYD,01-11-2023,7,7,9,2,0,422,30
P040,slow_moving,24,A320,BASE_HYD,01-12-2023,2,2,13,11,0,486,15
P040,slow_moving,24,A320,LINE_DEL,01-01-2018,4,4,29,25,0,431,15
P040,slow_moving,24,A320,LINE_DEL,01-02-2018,3,3,25,22,0,419,30
P040,slow_moving,24,A320,LINE_DEL,01-03-2018,0,0,22,22,0,433,45
P040,slow_moving,24,A320,LINE_DEL,01-04-2018,1,1,22,21,0,431,45
P040,slow_moving,24,A320,LINE_DEL,01-05-2018,3,3,21,18,0,433,30
P040,slow_moving,24,A320,LINE_DEL,01-06-2018,0,0,18,18,0,493,30
P040,slow_moving,24,A320,LINE_DEL,01-07-2018,0,0,18,18,0,499,60
P040,slow_moving,24,A320,LINE_DEL,01-08-2018,3,3,18,15,0,484,15
P040,slow_moving,24,A320,LINE_DEL,01-09-2018,0,0,15,15,0,433,45
P040,slow_moving,24,A320,LINE_DEL,01-10-2018,0,0,15,15,0,440,45
P040,slow_moving,24,A320,LINE_DEL,01-11-2018,0,0,15,15,0,426,30
P040,slow_moving,24,A320,LINE_DEL,01-12-2018,0,0,15,15,0,491,60
P040,slow_moving,24,A320,LINE_DEL,01-01-2019,0,0,15,15,0,422,45
P040,slow_moving,24,A320,LINE_DEL,01-02-2019,0,0,15,15,0,426,30
P040,slow_moving,24,A320,LINE_DEL,01-03-2019,0,0,15,15,0,427,60
P040,slow_moving,24,A320,LINE_DEL,01-04-2019,0,0,15,15,0,416,15
P040,slow_moving,24,A320,LINE_DEL,01-05-2019,4,4,15,11,0,428,15
P040,slow_moving,24,A320,LINE_DEL,01-06-2019,2,2,11,9,0,495,60
P040,slow_moving,24,A320,LINE_DEL,01-07-2019,0,0,9,9,0,485,15
P040,slow_moving,24,A320,LINE_DEL,01-08-2019,2,2,9,7,0,487,15
P040,slow_moving,24,A320,LINE_DEL,01-09-2019,1,1,7,6,0,429,60
P040,slow_moving,24,A320,LINE_DEL,01-10-2019,2,2,6,4,0,422,15
P040,slow_moving,24,A320,LINE_DEL,01-11-2019,3,3,4,1,0,429,60
P040,slow_moving,24,A320,LINE_DEL,01-12-2019,1,1,1,0,0,491,60
P040,slow_moving,24,A320,LINE_DEL,01-01-2020,3,3,11,8,0,434,15
P040,slow_moving,24,A320,LINE_DEL,01-02-2020,0,0,8,8,0,424,30
P040,slow_moving,24,A320,LINE_DEL,01-03-2020,3,3,8,5,0,422,15
P040,slow_moving,24,A320,LINE_DEL,01-04-2020,4,4,5,1,0,425,60
P040,slow_moving,24,A320,LINE_DEL,01-05-2020,4,1,1,0,1,425,30
P040,slow_moving,24,A320,LINE_DEL,01-06-2020,2,2,8,6,0,496,45
P040,slow_moving,24,A320,LINE_DEL,01-07-2020,2,2,6,4,0,496,45
P040,slow_moving,24,A320,LINE_DEL,01-08-2020,0,0,4,4,0,485,30
P040,slow_moving,24,A320,LINE_DEL,01-09-2020,1,1,4,3,0,424,15
P040,slow_moving,24,A320,LINE_DEL,01-10-2020,3,3,12,9,0,421,30
P040,slow_moving,24,A320,LINE_DEL,01-11-2020,0,0,9,9,0,421,45
P040,slow_moving,24,A320,LINE_DEL,01-12-2020,4,4,9,5,0,472,60
P040,slow_moving,24,A320,LINE_DEL,01-01-2021,0,0,5,5,0,430,30
P040,slow_moving,24,A320,LINE_DEL,01-02-2021,0,0,5,5,0,420,15
P040,slow_moving,24,A320,LINE_DEL,01-03-2021,0,0,5,5,0,421,15
P040,slow_moving,24,A320,LINE_DEL,01-04-2021,0,0,5,5,0,435,15
P040,slow_moving,24,A320,LINE_DEL,01-05-2021,0,0,5,5,0,420,60
P040,slow_moving,24,A320,LINE_DEL,01-06-2021,6,5,5,0,1,486,45
P040,slow_moving,24,A320,LINE_DEL,01-07-2021,3,0,0,0,1,488,60
P040,slow_moving,24,A320,LINE_DEL,01-08-2021,0,0,8,8,0,488,60
P040,slow_moving,24,A320,LINE_DEL,01-09-2021,7,7,8,1,0,421,30
P040,slow_moving,24,A320,LINE_DEL,01-10-2021,2,2,12,10,0,428,60
P040,slow_moving,24,A320,LINE_DEL,01-11-2021,3,3,10,7,0,424,30
P040,slow_moving,24,A320,LINE_DEL,01-12-2021,6,6,7,1,0,487,60
P040,slow_moving,24,A320,LINE_DEL,01-01-2022,2,1,1,0,1,419,45
P040,slow_moving,24,A320,LINE_DEL,01-02-2022,4,4,12,8,0,421,60
P040,slow_moving,24,A320,LINE_DEL,01-03-2022,0,0,8,8,0,426,30
P040,slow_moving,24,A320,LINE_DEL,01-04-2022,0,0,8,8,0,426,45
P040,slow_moving,24,A320,LINE_DEL,01-05-2022,3,3,8,5,0,420,45
P040,slow_moving,24,A320,LINE_DEL,01-06-2022,1,1,5,4,0,481,45
P040,slow_moving,24,A320,LINE_DEL,01-07-2022,0,0,4,4,0,489,30
P040,slow_moving,24,A320,LINE_DEL,01-08-2022,3,3,4,1,0,487,30
P040,slow_moving,24,A320,LINE_DEL,01-09-2022,2,2,8,6,0,426,30
P040,slow_moving,24,A320,LINE_DEL,01-10-2022,1,1,6,5,0,418,15
P040,slow_moving,24,A320,LINE_DEL,01-11-2022,0,0,5,5,0,422,45
P040,slow_moving,24,A320,LINE_DEL,01-12-2022,3,3,5,2,0,489,30
P040,slow_moving,24,A320,LINE_DEL,01-01-2023,0,0,9,9,0,418,30
P040,slow_moving,24,A320,LINE_DEL,01-02-2023,2,2,9,7,0,429,60
P040,slow_moving,24,A320,LINE_DEL,01-03-2023,2,2,7,5,0,427,15
P040,slow_moving,24,A320,LINE_DEL,01-04-2023,3,3,5,2,0,420,15
P040,slow_moving,24,A320,LINE_DEL,01-05-2023,0,0,11,11,0,420,45
P040,slow_moving,24,A320,LINE_DEL,01-06-2023,0,0,11,11,0,485,60
P040,slow_moving,24,A320,LINE_DEL,01-07-2023,0,0,11,11,0,485,60
P040,slow_moving,24,A320,LINE_DEL,01-08-2023,0,0,11,11,0,490,15
P040,slow_moving,24,A320,LINE_DEL,01-09-2023,4,4,11,7,0,417,30
P040,slow_moving,24,A320,LINE_DEL,01-10-2023,0,0,7,7,0,417,60
P040,slow_moving,24,A320,LINE_DEL,01-11-2023,2,2,7,5,0,422,45
P040,slow_moving,24,A320,LINE_DEL,01-12-2023,3,3,5,2,0,486,15
P040,slow_moving,24,A320,MRO_BLR,01-01-2018,1,1,21,20,0,431,45
P040,slow_moving,24,A320,MRO_BLR,01-02-2018,1,1,20,19,0,419,15
P040,slow_moving,24,A320,MRO_BLR,01-03-2018,1,1,19,18,0,433,15
P040,slow_moving,24,A320,MRO_BLR,01-04-2018,0,0,18,18,0,431,15
P040,slow_moving,24,A320,MRO_BLR,01-05-2018,4,4,18,14,0,433,45
P040,slow_moving,24,A320,MRO_BLR,01-06-2018,1,1,14,13,0,493,45
P040,slow_moving,24,A320,MRO_BLR,01-07-2018,0,0,13,13,0,499,30
P040,slow_moving,24,A320,MRO_BLR,01-08-2018,2,2,13,11,0,484,60
P040,slow_moving,24,A320,MRO_BLR,01-09-2018,0,0,11,11,0,433,15
P040,slow_moving,24,A320,MRO_BLR,01-10-2018,1,1,11,10,0,440,60
P040,slow_moving,24,A320,MRO_BLR,01-11-2018,0,0,10,10,0,426,60
P040,slow_moving,24,A320,MRO_BLR,01-12-2018,4,4,10,6,0,491,15
P040,slow_moving,24,A320,MRO_BLR,01-01-2019,0,0,6,6,0,422,30
P040,slow_moving,24,A320,MRO_BLR,01-02-2019,0,0,6,6,0,426,45
P040,slow_moving,24,A320,MRO_BLR,01-03-2019,0,0,6,6,0,427,45
P040,slow_moving,24,A320,MRO_BLR,01-04-2019,4,4,6,2,0,416,30
P040,slow_moving,24,A320,MRO_BLR,01-05-2019,2,2,10,8,0,428,30
P040,slow_moving,24,A320,MRO_BLR,01-06-2019,0,0,8,8,0,495,45
P040,slow_moving,24,A320,MRO_BLR,01-07-2019,3,3,8,5,0,485,45
P040,slow_moving,24,A320,MRO_BLR,01-08-2019,5,5,5,0,0,487,30
P040,slow_moving,24,A320,MRO_BLR,01-09-2019,2,2,8,6,0,429,45
P040,slow_moving,24,A320,MRO_BLR,01-10-2019,1,1,6,5,0,422,15
P040,slow_moving,24,A320,MRO_BLR,01-11-2019,2,2,5,3,0,429,30
P040,slow_moving,24,A320,MRO_BLR,01-12-2019,3,3,15,12,0,491,45
P040,slow_moving,24,A320,MRO_BLR,01-01-2020,2,2,12,10,0,434,45
P040,slow_moving,24,A320,MRO_BLR,01-02-2020,2,2,10,8,0,424,15
P040,slow_moving,24,A320,MRO_BLR,01-03-2020,0,0,8,8,0,422,60
P040,slow_moving,24,A320,MRO_BLR,01-04-2020,0,0,8,8,0,425,45
P040,slow_moving,24,A320,MRO_BLR,01-05-2020,0,0,8,8,0,425,45
P040,slow_moving,24,A320,MRO_BLR,01-06-2020,2,2,8,6,0,496,30
P040,slow_moving,24,A320,MRO_BLR,01-07-2020,0,0,6,6,0,496,30
P040,slow_moving,24,A320,MRO_BLR,01-08-2020,1,1,6,5,0,485,30
P040,slow_moving,24,A320,MRO_BLR,01-09-2020,3,3,5,2,0,424,30
P040,slow_moving,24,A320,MRO_BLR,01-10-2020,3,3,13,10,0,421,15
P040,slow_moving,24,A320,MRO_BLR,01-11-2020,0,0,10,10,0,421,45
P040,slow_moving,24,A320,MRO_BLR,01-12-2020,5,5,10,5,0,472,60
P040,slow_moving,24,A320,MRO_BLR,01-01-2021,0,0,5,5,0,430,15
P040,slow_moving,24,A320,MRO_BLR,01-02-2021,3,3,5,2,0,420,45
P040,slow_moving,24,A320,MRO_BLR,01-03-2021,0,0,2,2,0,421,45
P040,slow_moving,24,A320,MRO_BLR,01-04-2021,4,4,9,5,0,435,30
P040,slow_moving,24,A320,MRO_BLR,01-05-2021,5,5,5,0,0,420,45
P040,slow_moving,24,A320,MRO_BLR,01-06-2021,0,0,0,0,0,486,60
P040,slow_moving,24,A320,MRO_BLR,01-07-2021,4,4,11,7,0,488,15
P040,slow_moving,24,A320,MRO_BLR,01-08-2021,3,3,7,4,0,488,30
P040,slow_moving,24,A320,MRO_BLR,01-09-2021,0,0,4,4,0,421,45
P040,slow_moving,24,A320,MRO_BLR,01-10-2021,3,3,4,1,0,428,60
P040,slow_moving,24,A320,MRO_BLR,01-11-2021,0,0,1,1,0,424,15
P040,slow_moving,24,A320,MRO_BLR,01-12-2021,5,5,10,5,0,487,15
P040,slow_moving,24,A320,MRO_BLR,01-01-2022,2,2,5,3,0,419,15
P040,slow_moving,24,A320,MRO_BLR,01-02-2022,4,4,10,6,0,421,60
P040,slow_moving,24,A320,MRO_BLR,01-03-2022,5,5,6,1,0,426,60
P040,slow_moving,24,A320,MRO_BLR,01-04-2022,3,1,1,0,1,426,60
P040,slow_moving,24,A320,MRO_BLR,01-05-2022,0,0,7,7,0,420,45
P040,slow_moving,24,A320,MRO_BLR,01-06-2022,0,0,7,7,0,481,45
P040,slow_moving,24,A320,MRO_BLR,01-07-2022,0,0,7,7,0,489,30
P040,slow_moving,24,A320,MRO_BLR,01-08-2022,0,0,7,7,0,487,30
P040,slow_moving,24,A320,MRO_BLR,01-09-2022,4,4,7,3,0,426,30
P040,slow_moving,24,A320,MRO_BLR,01-10-2022,0,0,15,15,0,418,60
P040,slow_moving,24,A320,MRO_BLR,01-11-2022,5,5,15,10,0,422,45
P040,slow_moving,24,A320,MRO_BLR,01-12-2022,1,1,10,9,0,489,30
P040,slow_moving,24,A320,MRO_BLR,01-01-2023,4,4,9,5,0,418,30
P040,slow_moving,24,A320,MRO_BLR,01-02-2023,1,1,5,4,0,429,15
P040,slow_moving,24,A320,MRO_BLR,01-03-2023,0,0,4,4,0,427,30
P040,slow_moving,24,A320,MRO_BLR,01-04-2023,0,0,4,4,0,420,15
P040,slow_moving,24,A320,MRO_BLR,01-05-2023,6,4,4,0,1,420,60
P040,slow_moving,24,A320,MRO_BLR,01-06-2023,0,0,0,0,0,485,45
P040,slow_moving,24,A320,MRO_BLR,01-07-2023,0,0,12,12,0,485,60
P040,slow_moving,24,A320,MRO_BLR,01-08-2023,0,0,12,12,0,490,45
P040,slow_moving,24,A320,MRO_BLR,01-09-2023,3,3,12,9,0,417,30
P040,slow_moving,24,A320,MRO_BLR,01-10-2023,0,0,9,9,0,417,45
P040,slow_moving,24,A320,MRO_BLR,01-11-2023,1,1,9,8,0,422,45
P040,slow_moving,24,A320,MRO_BLR,01-12-2023,1,1,8,7,0,486,30
P041,intermittent,32,A321,BASE_HYD,01-01-2018,0,0,23,23,0,611,45
P041,intermittent,32,A321,BASE_HYD,01-02-2018,0,0,23,23,0,619,45
P041,intermittent,32,A321,BASE_HYD,01-03-2018,0,0,23,23,0,590,15
P041,intermittent,32,A321,BASE_HYD,01-04-2018,0,0,23,23,0,609,45
P041,intermittent,32,A321,BASE_HYD,01-05-2018,0,0,23,23,0,591,30
P041,intermittent,32,A321,BASE_HYD,01-06-2018,0,0,23,23,0,696,30
P041,intermittent,32,A321,BASE_HYD,01-07-2018,0,0,23,23,0,695,15
P041,intermittent,32,A321,BASE_HYD,01-08-2018,0,0,23,23,0,688,45
P041,intermittent,32,A321,BASE_HYD,01-09-2018,0,0,23,23,0,602,45
P041,intermittent,32,A321,BASE_HYD,01-10-2018,0,0,23,23,0,604,45
P041,intermittent,32,A321,BASE_HYD,01-11-2018,0,0,23,23,0,608,45
P041,intermittent,32,A321,BASE_HYD,01-12-2018,0,0,23,23,0,688,45
P041,intermittent,32,A321,BASE_HYD,01-01-2019,0,0,23,23,0,599,60
P041,intermittent,32,A321,BASE_HYD,01-02-2019,0,0,23,23,0,607,60
P041,intermittent,32,A321,BASE_HYD,01-03-2019,0,0,23,23,0,608,60
P041,intermittent,32,A321,BASE_HYD,01-04-2019,2,2,23,21,0,619,60
P041,intermittent,32,A321,BASE_HYD,01-05-2019,2,2,21,19,0,605,60
P041,intermittent,32,A321,BASE_HYD,01-06-2019,2,2,19,17,0,699,60
P041,intermittent,32,A321,BASE_HYD,01-07-2019,0,0,17,17,0,693,30
P041,intermittent,32,A321,BASE_HYD,01-08-2019,0,0,17,17,0,704,45
P041,intermittent,32,A321,BASE_HYD,01-09-2019,0,0,17,17,0,598,45
P041,intermittent,32,A321,BASE_HYD,01-10-2019,0,0,17,17,0,603,30
P041,intermittent,32,A321,BASE_HYD,01-11-2019,1,1,17,16,0,605,15
P041,intermittent,32,A321,BASE_HYD,01-12-2019,0,0,16,16,0,698,15
P041,intermittent,32,A321,BASE_HYD,01-01-2020,0,0,16,16,0,607,60
P041,intermittent,32,A321,BASE_HYD,01-02-2020,2,2,16,14,0,601,45
P041,intermittent,32,A321,BASE_HYD,01-03-2020,0,0,14,14,0,607,60
P041,intermittent,32,A321,BASE_HYD,01-04-2020,0,0,14,14,0,593,45
P041,intermittent,32,A321,BASE_HYD,01-05-2020,0,0,14,14,0,603,15
P041,intermittent,32,A321,BASE_HYD,01-06-2020,0,0,14,14,0,679,45
P041,intermittent,32,A321,BASE_HYD,01-07-2020,0,0,14,14,0,690,60
P041,intermittent,32,A321,BASE_HYD,01-08-2020,0,0,14,14,0,709,45
P041,intermittent,32,A321,BASE_HYD,01-09-2020,0,0,14,14,0,603,30
P041,intermittent,32,A321,BASE_HYD,01-10-2020,0,0,14,14,0,599,45
P041,intermittent,32,A321,BASE_HYD,01-11-2020,1,1,14,13,0,605,45
P041,intermittent,32,A321,BASE_HYD,01-12-2020,0,0,13,13,0,692,15
P041,intermittent,32,A321,BASE_HYD,01-01-2021,0,0,13,13,0,593,30
P041,intermittent,32,A321,BASE_HYD,01-02-2021,0,0,13,13,0,589,60
P041,intermittent,32,A321,BASE_HYD,01-03-2021,0,0,13,13,0,600,45
P041,intermittent,32,A321,BASE_HYD,01-04-2021,0,0,13,13,0,599,60
P041,intermittent,32,A321,BASE_HYD,01-05-2021,0,0,13,13,0,598,45
P041,intermittent,32,A321,BASE_HYD,01-06-2021,0,0,13,13,0,696,15
P041,intermittent,32,A321,BASE_HYD,01-07-2021,6,6,13,7,0,700,45
P041,intermittent,32,A321,BASE_HYD,01-08-2021,0,0,7,7,0,695,45
P041,intermittent,32,A321,BASE_HYD,01-09-2021,0,0,7,7,0,598,45
P041,intermittent,32,A321,BASE_HYD,01-10-2021,0,0,7,7,0,601,60
P041,intermittent,32,A321,BASE_HYD,01-11-2021,0,0,7,7,0,607,30
P041,intermittent,32,A321,BASE_HYD,01-12-2021,0,0,7,7,0,696,45
P041,intermittent,32,A321,BASE_HYD,01-01-2022,0,0,7,7,0,602,60
P041,intermittent,32,A321,BASE_HYD,01-02-2022,0,0,7,7,0,595,45
P041,intermittent,32,A321,BASE_HYD,01-03-2022,0,0,7,7,0,605,15
P041,intermittent,32,A321,BASE_HYD,01-04-2022,4,4,7,3,0,607,60
P041,intermittent,32,A321,BASE_HYD,01-05-2022,0,0,3,3,0,604,60
P041,intermittent,32,A321,BASE_HYD,01-06-2022,0,0,19,19,0,709,45
P041,intermittent,32,A321,BASE_HYD,01-07-2022,0,0,19,19,0,694,45
P041,intermittent,32,A321,BASE_HYD,01-08-2022,0,0,19,19,0,696,60
P041,intermittent,32,A321,BASE_HYD,01-09-2022,0,0,19,19,0,603,30
P041,intermittent,32,A321,BASE_HYD,01-10-2022,2,2,19,17,0,598,15
P041,intermittent,32,A321,BASE_HYD,01-11-2022,0,0,17,17,0,592,60
P041,intermittent,32,A321,BASE_HYD,01-12-2022,4,4,17,13,0,683,45
P041,intermittent,32,A321,BASE_HYD,01-01-2023,2,2,13,11,0,592,60
P041,intermittent,32,A321,BASE_HYD,01-02-2023,0,0,11,11,0,590,30
P041,intermittent,32,A321,BASE_HYD,01-03-2023,0,0,11,11,0,595,15
P041,intermittent,32,A321,BASE_HYD,01-04-2023,0,0,11,11,0,597,15
P041,intermittent,32,A321,BASE_HYD,01-05-2023,0,0,11,11,0,604,45
P041,intermittent,32,A321,BASE_HYD,01-06-2023,0,0,11,11,0,678,15
P041,intermittent,32,A321,BASE_HYD,01-07-2023,0,0,11,11,0,693,45
P041,intermittent,32,A321,BASE_HYD,01-08-2023,0,0,11,11,0,688,15
P041,intermittent,32,A321,BASE_HYD,01-09-2023,0,0,11,11,0,599,15
P041,intermittent,32,A321,BASE_HYD,01-10-2023,0,0,11,11,0,596,30
P041,intermittent,32,A321,BASE_HYD,01-11-2023,0,0,11,11,0,609,60
P041,intermittent,32,A321,BASE_HYD,01-12-2023,0,0,11,11,0,681,15
P041,intermittent,32,A321,LINE_DEL,01-01-2018,0,0,27,27,0,611,30
P041,intermittent,32,A321,LINE_DEL,01-02-2018,0,0,27,27,0,619,15
P041,intermittent,32,A321,LINE_DEL,01-03-2018,0,0,27,27,0,590,45
P041,intermittent,32,A321,LINE_DEL,01-04-2018,0,0,27,27,0,609,60
P041,intermittent,32,A321,LINE_DEL,01-05-2018,0,0,27,27,0,591,60
P041,intermittent,32,A321,LINE_DEL,01-06-2018,0,0,27,27,0,696,15
P041,intermittent,32,A321,LINE_DEL,01-07-2018,1,1,27,26,0,695,60
P041,intermittent,32,A321,LINE_DEL,01-08-2018,0,0,26,26,0,688,15
P041,intermittent,32,A321,LINE_DEL,01-09-2018,0,0,26,26,0,602,45
P041,intermittent,32,A321,LINE_DEL,01-10-2018,0,0,26,26,0,604,15
P041,intermittent,32,A321,LINE_DEL,01-11-2018,0,0,26,26,0,608,45
P041,intermittent,32,A321,LINE_DEL,01-12-2018,1,1,26,25,0,688,60
P041,intermittent,32,A321,LINE_DEL,01-01-2019,0,0,25,25,0,599,15
P041,intermittent,32,A321,LINE_DEL,01-02-2019,0,0,25,25,0,607,60
P041,intermittent,32,A321,LINE_DEL,01-03-2019,0,0,25,25,0,608,15
P041,intermittent,32,A321,LINE_DEL,01-04-2019,0,0,25,25,0,619,30
P041,intermittent,32,A321,LINE_DEL,01-05-2019,3,3,25,22,0,605,15
P041,intermittent,32,A321,LINE_DEL,01-06-2019,0,0,22,22,0,699,15
P041,intermittent,32,A321,LINE_DEL,01-07-2019,1,1,22,21,0,693,30
P041,intermittent,32,A321,LINE_DEL,01-08-2019,0,0,21,21,0,704,60
P041,intermittent,32,A321,LINE_DEL,01-09-2019,0,0,21,21,0,598,60
P041,intermittent,32,A321,LINE_DEL,01-10-2019,0,0,21,21,0,603,15
P041,intermittent,32,A321,LINE_DEL,01-11-2019,0,0,21,21,0,605,45
P041,intermittent,32,A321,LINE_DEL,01-12-2019,0,0,21,21,0,698,15
P041,intermittent,32,A321,LINE_DEL,01-01-2020,0,0,21,21,0,607,60
P041,intermittent,32,A321,LINE_DEL,01-02-2020,0,0,21,21,0,601,15
P041,intermittent,32,A321,LINE_DEL,01-03-2020,3,3,21,18,0,607,60
P041,intermittent,32,A321,LINE_DEL,01-04-2020,0,0,18,18,0,593,30
P041,intermittent,32,A321,LINE_DEL,01-05-2020,0,0,18,18,0,603,15
P041,intermittent,32,A321,LINE_DEL,01-06-2020,0,0,18,18,0,679,60
P041,intermittent,32,A321,LINE_DEL,01-07-2020,0,0,18,18,0,690,15
P041,intermittent,32,A321,LINE_DEL,01-08-2020,0,0,18,18,0,709,45
P041,intermittent,32,A321,LINE_DEL,01-09-2020,0,0,18,18,0,603,45
P041,intermittent,32,A321,LINE_DEL,01-10-2020,2,2,18,16,0,599,30
P041,intermittent,32,A321,LINE_DEL,01-11-2020,0,0,16,16,0,605,45
P041,intermittent,32,A321,LINE_DEL,01-12-2020,0,0,16,16,0,692,60
P041,intermittent,32,A321,LINE_DEL,01-01-2021,0,0,16,16,0,593,45
P041,intermittent,32,A321,LINE_DEL,01-02-2021,0,0,16,16,0,589,60
P041,intermittent,32,A321,LINE_DEL,01-03-2021,0,0,16,16,0,600,30
P041,intermittent,32,A321,LINE_DEL,01-04-2021,0,0,16,16,0,599,15
P041,intermittent,32,A321,LINE_DEL,01-05-2021,0,0,16,16,0,598,30
P041,intermittent,32,A321,LINE_DEL,01-06-2021,0,0,16,16,0,696,15
P041,intermittent,32,A321,LINE_DEL,01-07-2021,0,0,16,16,0,700,15
P041,intermittent,32,A321,LINE_DEL,01-08-2021,0,0,16,16,0,695,15
P041,intermittent,32,A321,LINE_DEL,01-09-2021,0,0,16,16,0,598,15
P041,intermittent,32,A321,LINE_DEL,01-10-2021,3,3,16,13,0,601,30
P041,intermittent,32,A321,LINE_DEL,01-11-2021,0,0,13,13,0,607,30
P041,intermittent,32,A321,LINE_DEL,01-12-2021,0,0,13,13,0,696,15
P041,intermittent,32,A321,LINE_DEL,01-01-2022,0,0,13,13,0,602,45
P041,intermittent,32,A321,LINE_DEL,01-02-2022,0,0,13,13,0,595,30
P041,intermittent,32,A321,LINE_DEL,01-03-2022,0,0,13,13,0,605,30
P041,intermittent,32,A321,LINE_DEL,01-04-2022,4,4,13,9,0,607,15
P041,intermittent,32,A321,LINE_DEL,01-05-2022,0,0,9,9,0,604,30
P041,intermittent,32,A321,LINE_DEL,01-06-2022,2,2,9,7,0,709,60
P041,intermittent,32,A321,LINE_DEL,01-07-2022,1,1,7,6,0,694,15
P041,intermittent,32,A321,LINE_DEL,01-08-2022,0,0,6,6,0,696,30
P041,intermittent,32,A321,LINE_DEL,01-09-2022,1,1,6,5,0,603,30
P041,intermittent,32,A321,LINE_DEL,01-10-2022,0,0,5,5,0,598,45
P041,intermittent,32,A321,LINE_DEL,01-11-2022,0,0,5,5,0,592,60
P041,intermittent,32,A321,LINE_DEL,01-12-2022,0,0,5,5,0,683,45
P041,intermittent,32,A321,LINE_DEL,01-01-2023,0,0,5,5,0,592,45
P041,intermittent,32,A321,LINE_DEL,01-02-2023,0,0,5,5,0,590,60
P041,intermittent,32,A321,LINE_DEL,01-03-2023,0,0,5,5,0,595,45
P041,intermittent,32,A321,LINE_DEL,01-04-2023,0,0,5,5,0,597,30
P041,intermittent,32,A321,LINE_DEL,01-05-2023,0,0,5,5,0,604,45
P041,intermittent,32,A321,LINE_DEL,01-06-2023,0,0,5,5,0,678,30
P041,intermittent,32,A321,LINE_DEL,01-07-2023,0,0,5,5,0,693,60
P041,intermittent,32,A321,LINE_DEL,01-08-2023,0,0,5,5,0,688,30
P041,intermittent,32,A321,LINE_DEL,01-09-2023,0,0,5,5,0,599,45
P041,intermittent,32,A321,LINE_DEL,01-10-2023,0,0,5,5,0,596,15
P041,intermittent,32,A321,LINE_DEL,01-11-2023,2,2,5,3,0,609,45
P041,intermittent,32,A321,LINE_DEL,01-12-2023,0,0,3,3,0,681,45
P041,intermittent,32,A321,MRO_BLR,01-01-2018,0,0,18,18,0,611,45
P041,intermittent,32,A321,MRO_BLR,01-02-2018,0,0,18,18,0,619,30
P041,intermittent,32,A321,MRO_BLR,01-03-2018,0,0,18,18,0,590,45
P041,intermittent,32,A321,MRO_BLR,01-04-2018,2,2,18,16,0,609,15
P041,intermittent,32,A321,MRO_BLR,01-05-2018,0,0,16,16,0,591,45
P041,intermittent,32,A321,MRO_BLR,01-06-2018,0,0,16,16,0,696,45
P041,intermittent,32,A321,MRO_BLR,01-07-2018,0,0,16,16,0,695,45
P041,intermittent,32,A321,MRO_BLR,01-08-2018,0,0,16,16,0,688,15
P041,intermittent,32,A321,MRO_BLR,01-09-2018,0,0,16,16,0,602,60
P041,intermittent,32,A321,MRO_BLR,01-10-2018,0,0,16,16,0,604,15
P041,intermittent,32,A321,MRO_BLR,01-11-2018,0,0,16,16,0,608,15
P041,intermittent,32,A321,MRO_BLR,01-12-2018,0,0,16,16,0,688,15
P041,intermittent,32,A321,MRO_BLR,01-01-2019,0,0,16,16,0,599,45
P041,intermittent,32,A321,MRO_BLR,01-02-2019,0,0,16,16,0,607,15
P041,intermittent,32,A321,MRO_BLR,01-03-2019,0,0,16,16,0,608,60
P041,intermittent,32,A321,MRO_BLR,01-04-2019,0,0,16,16,0,619,45
P041,intermittent,32,A321,MRO_BLR,01-05-2019,0,0,16,16,0,605,30
P041,intermittent,32,A321,MRO_BLR,01-06-2019,0,0,16,16,0,699,15
P041,intermittent,32,A321,MRO_BLR,01-07-2019,1,1,16,15,0,693,15
P041,intermittent,32,A321,MRO_BLR,01-08-2019,0,0,15,15,0,704,45
P041,intermittent,32,A321,MRO_BLR,01-09-2019,0,0,15,15,0,598,30
P041,intermittent,32,A321,MRO_BLR,01-10-2019,0,0,15,15,0,603,45
P041,intermittent,32,A321,MRO_BLR,01-11-2019,0,0,15,15,0,605,30
P041,intermittent,32,A321,MRO_BLR,01-12-2019,0,0,15,15,0,698,15
P041,intermittent,32,A321,MRO_BLR,01-01-2020,1,1,15,14,0,607,60
P041,intermittent,32,A321,MRO_BLR,01-02-2020,1,1,14,13,0,601,30
P041,intermittent,32,A321,MRO_BLR,01-03-2020,0,0,13,13,0,607,60
P041,intermittent,32,A321,MRO_BLR,01-04-2020,0,0,13,13,0,593,15
P041,intermittent,32,A321,MRO_BLR,01-05-2020,0,0,13,13,0,603,45
P041,intermittent,32,A321,MRO_BLR,01-06-2020,0,0,13,13,0,679,30
P041,intermittent,32,A321,MRO_BLR,01-07-2020,0,0,13,13,0,690,30
P041,intermittent,32,A321,MRO_BLR,01-08-2020,0,0,13,13,0,709,60
P041,intermittent,32,A321,MRO_BLR,01-09-2020,0,0,13,13,0,603,15
P041,intermittent,32,A321,MRO_BLR,01-10-2020,0,0,13,13,0,599,45
P041,intermittent,32,A321,MRO_BLR,01-11-2020,1,1,13,12,0,605,30
P041,intermittent,32,A321,MRO_BLR,01-12-2020,0,0,12,12,0,692,60
P041,intermittent,32,A321,MRO_BLR,01-01-2021,0,0,12,12,0,593,15
P041,intermittent,32,A321,MRO_BLR,01-02-2021,0,0,12,12,0,589,60
P041,intermittent,32,A321,MRO_BLR,01-03-2021,0,0,12,12,0,600,60
P041,intermittent,32,A321,MRO_BLR,01-04-2021,0,0,12,12,0,599,15
P041,intermittent,32,A321,MRO_BLR,01-05-2021,0,0,12,12,0,598,45
P041,intermittent,32,A321,MRO_BLR,01-06-2021,0,0,12,12,0,696,60
P041,intermittent,32,A321,MRO_BLR,01-07-2021,0,0,12,12,0,700,60
P041,intermittent,32,A321,MRO_BLR,01-08-2021,2,2,12,10,0,695,30
P041,intermittent,32,A321,MRO_BLR,01-09-2021,0,0,10,10,0,598,30
P041,intermittent,32,A321,MRO_BLR,01-10-2021,0,0,10,10,0,601,30
P041,intermittent,32,A321,MRO_BLR,01-11-2021,0,0,10,10,0,607,30
P041,intermittent,32,A321,MRO_BLR,01-12-2021,0,0,10,10,0,696,45
P041,intermittent,32,A321,MRO_BLR,01-01-2022,0,0,10,10,0,602,60
P041,intermittent,32,A321,MRO_BLR,01-02-2022,0,0,10,10,0,595,45
P041,intermittent,32,A321,MRO_BLR,01-03-2022,0,0,10,10,0,605,60
P041,intermittent,32,A321,MRO_BLR,01-04-2022,2,2,10,8,0,607,60
P041,intermittent,32,A321,MRO_BLR,01-05-2022,0,0,8,8,0,604,60
P041,intermittent,32,A321,MRO_BLR,01-06-2022,0,0,8,8,0,709,60
P041,intermittent,32,A321,MRO_BLR,01-07-2022,0,0,8,8,0,694,30
P041,intermittent,32,A321,MRO_BLR,01-08-2022,0,0,8,8,0,696,30
P041,intermittent,32,A321,MRO_BLR,01-09-2022,2,2,8,6,0,603,30
P041,intermittent,32,A321,MRO_BLR,01-10-2022,0,0,6,6,0,598,60
P041,intermittent,32,A321,MRO_BLR,01-11-2022,0,0,6,6,0,592,45
P041,intermittent,32,A321,MRO_BLR,01-12-2022,0,0,6,6,0,683,60
P041,intermittent,32,A321,MRO_BLR,01-01-2023,1,1,6,5,0,592,60
P041,intermittent,32,A321,MRO_BLR,01-02-2023,1,1,5,4,0,590,45
P041,intermittent,32,A321,MRO_BLR,01-03-2023,0,0,4,4,0,595,45
P041,intermittent,32,A321,MRO_BLR,01-04-2023,0,0,29,29,0,597,15
P041,intermittent,32,A321,MRO_BLR,01-05-2023,3,3,29,26,0,604,45
P041,intermittent,32,A321,MRO_BLR,01-06-2023,0,0,26,26,0,678,45
P041,intermittent,32,A321,MRO_BLR,01-07-2023,0,0,26,26,0,693,45
P041,intermittent,32,A321,MRO_BLR,01-08-2023,2,2,26,24,0,688,30
P041,intermittent,32,A321,MRO_BLR,01-09-2023,2,2,24,22,0,599,15
P041,intermittent,32,A321,MRO_BLR,01-10-2023,0,0,22,22,0,596,30
P041,intermittent,32,A321,MRO_BLR,01-11-2023,0,0,22,22,0,609,15
P041,intermittent,32,A321,MRO_BLR,01-12-2023,0,0,22,22,0,681,60
P042,intermittent,49,A321,BASE_HYD,01-01-2018,0,0,20,20,0,582,60
P042,intermittent,49,A321,BASE_HYD,01-02-2018,3,3,20,17,0,580,45
P042,intermittent,49,A321,BASE_HYD,01-03-2018,0,0,17,17,0,577,60
P042,intermittent,49,A321,BASE_HYD,01-04-2018,2,2,17,15,0,584,30
P042,intermittent,49,A321,BASE_HYD,01-05-2018,0,0,15,15,0,572,15
P042,intermittent,49,A321,BASE_HYD,01-06-2018,0,0,15,15,0,669,15
P042,intermittent,49,A321,BASE_HYD,01-07-2018,0,0,15,15,0,661,60
P042,intermittent,49,A321,BASE_HYD,01-08-2018,0,0,15,15,0,652,15
P042,intermittent,49,A321,BASE_HYD,01-09-2018,0,0,15,15,0,571,60
P042,intermittent,49,A321,BASE_HYD,01-10-2018,0,0,15,15,0,579,30
P042,intermittent,49,A321,BASE_HYD,01-11-2018,0,0,15,15,0,578,60
P042,intermittent,49,A321,BASE_HYD,01-12-2018,0,0,15,15,0,666,60
P042,intermittent,49,A321,BASE_HYD,01-01-2019,0,0,15,15,0,573,15
P042,intermittent,49,A321,BASE_HYD,01-02-2019,0,0,15,15,0,576,45
P042,intermittent,49,A321,BASE_HYD,01-03-2019,0,0,15,15,0,579,15
P042,intermittent,49,A321,BASE_HYD,01-04-2019,0,0,15,15,0,589,30
P042,intermittent,49,A321,BASE_HYD,01-05-2019,0,0,15,15,0,573,60
P042,intermittent,49,A321,BASE_HYD,01-06-2019,0,0,15,15,0,668,60
P042,intermittent,49,A321,BASE_HYD,01-07-2019,0,0,15,15,0,666,15
P042,intermittent,49,A321,BASE_HYD,01-08-2019,0,0,15,15,0,662,60
P042,intermittent,49,A321,BASE_HYD,01-09-2019,0,0,15,15,0,568,15
P042,intermittent,49,A321,BASE_HYD,01-10-2019,0,0,15,15,0,583,30
P042,intermittent,49,A321,BASE_HYD,01-11-2019,0,0,15,15,0,577,45
P042,intermittent,49,A321,BASE_HYD,01-12-2019,0,0,15,15,0,658,15
P042,intermittent,49,A321,BASE_HYD,01-01-2020,0,0,15,15,0,568,15
P042,intermittent,49,A321,BASE_HYD,01-02-2020,0,0,15,15,0,575,15
P042,intermittent,49,A321,BASE_HYD,01-03-2020,0,0,15,15,0,568,15
P042,intermittent,49,A321,BASE_HYD,01-04-2020,2,2,15,13,0,570,45
P042,intermittent,49,A321,BASE_HYD,01-05-2020,0,0,13,13,0,570,45
P042,intermittent,49,A321,BASE_HYD,01-06-2020,3,3,13,10,0,660,30
P042,intermittent,49,A321,BASE_HYD,01-07-2020,0,0,10,10,0,664,60
P042,intermittent,49,A321,BASE_HYD,01-08-2020,0,0,10,10,0,657,60
P042,intermittent,49,A321,BASE_HYD,01-09-2020,3,3,10,7,0,572,30
P042,intermittent,49,A321,BASE_HYD,01-10-2020,0,0,7,7,0,574,30
P042,intermittent,49,A321,BASE_HYD,01-11-2020,0,0,7,7,0,569,30
P042,intermittent,49,A321,BASE_HYD,01-12-2020,0,0,7,7,0,656,45
P042,intermittent,49,A321,BASE_HYD,01-01-2021,0,0,7,7,0,569,60
P042,intermittent,49,A321,BASE_HYD,01-02-2021,0,0,7,7,0,573,15
P042,intermittent,49,A321,BASE_HYD,01-03-2021,0,0,7,7,0,581,30
P042,intermittent,49,A321,BASE_HYD,01-04-2021,0,0,7,7,0,565,30
P042,intermittent,49,A321,BASE_HYD,01-05-2021,1,1,7,6,0,573,30
P042,intermittent,49,A321,BASE_HYD,01-06-2021,1,1,6,5,0,656,45
P042,intermittent,49,A321,BASE_HYD,01-07-2021,0,0,5,5,0,656,15
P042,intermittent,49,A321,BASE_HYD,01-08-2021,0,0,5,5,0,654,60
P042,intermittent,49,A321,BASE_HYD,01-09-2021,0,0,5,5,0,578,30
P042,intermittent,49,A321,BASE_HYD,01-10-2021,0,0,5,5,0,558,30
P042,intermittent,49,A321,BASE_HYD,01-11-2021,0,0,5,5,0,565,30
P042,intermittent,49,A321,BASE_HYD,01-12-2021,3,3,5,2,0,665,60
P042,intermittent,49,A321,BASE_HYD,01-01-2022,0,0,2,2,0,577,45
P042,intermittent,49,A321,BASE_HYD,01-02-2022,0,0,18,18,0,580,45
P042,intermittent,49,A321,BASE_HYD,01-03-2022,0,0,18,18,0,572,60
P042,intermittent,49,A321,BASE_HYD,01-04-2022,0,0,18,18,0,573,45
P042,intermittent,49,A321,BASE_HYD,01-05-2022,0,0,18,18,0,559,45
P042,intermittent,49,A321,BASE_HYD,01-06-2022,0,0,18,18,0,656,30
P042,intermittent,49,A321,BASE_HYD,01-07-2022,0,0,18,18,0,659,15
P042,intermittent,49,A321,BASE_HYD,01-08-2022,1,1,18,17,0,652,15
P042,intermittent,49,A321,BASE_HYD,01-09-2022,0,0,17,17,0,570,15
P042,intermittent,49,A321,BASE_HYD,01-10-2022,0,0,17,17,0,577,45
P042,intermittent,49,A321,BASE_HYD,01-11-2022,0,0,17,17,0,578,45
P042,intermittent,49,A321,BASE_HYD,01-12-2022,3,3,17,14,0,657,45
P042,intermittent,49,A321,BASE_HYD,01-01-2023,0,0,14,14,0,568,45
P042,intermittent,49,A321,BASE_HYD,01-02-2023,0,0,14,14,0,572,60
P042,intermittent,49,A321,BASE_HYD,01-03-2023,0,0,14,14,0,566,45
P042,intermittent,49,A321,BASE_HYD,01-04-2023,0,0,14,14,0,574,30
P042,intermittent,49,A321,BASE_HYD,01-05-2023,0,0,14,14,0,565,15
P042,intermittent,49,A321,BASE_HYD,01-06-2023,1,1,14,13,0,658,15
P042,intermittent,49,A321,BASE_HYD,01-07-2023,0,0,13,13,0,653,15
P042,intermittent,49,A321,BASE_HYD,01-08-2023,0,0,13,13,0,650,15
P042,intermittent,49,A321,BASE_HYD,01-09-2023,0,0,13,13,0,570,45
P042,intermittent,49,A321,BASE_HYD,01-10-2023,0,0,13,13,0,566,45
P042,intermittent,49,A321,BASE_HYD,01-11-2023,0,0,13,13,0,574,45
P042,intermittent,49,A321,BASE_HYD,01-12-2023,0,0,13,13,0,647,45
P042,intermittent,49,A321,LINE_DEL,01-01-2018,0,0,23,23,0,582,45
P042,intermittent,49,A321,LINE_DEL,01-02-2018,0,0,23,23,0,580,15
P042,intermittent,49,A321,LINE_DEL,01-03-2018,0,0,23,23,0,577,45
P042,intermittent,49,A321,LINE_DEL,01-04-2018,0,0,23,23,0,584,15
P042,intermittent,49,A321,LINE_DEL,01-05-2018,0,0,23,23,0,572,30
P042,intermittent,49,A321,LINE_DEL,01-06-2018,0,0,23,23,0,669,45
P042,intermittent,49,A321,LINE_DEL,01-07-2018,0,0,23,23,0,661,30
P042,intermittent,49,A321,LINE_DEL,01-08-2018,0,0,23,23,0,652,30
P042,intermittent,49,A321,LINE_DEL,01-09-2018,0,0,23,23,0,571,15
P042,intermittent,49,A321,LINE_DEL,01-10-2018,0,0,23,23,0,579,60
P042,intermittent,49,A321,LINE_DEL,01-11-2018,3,3,23,20,0,578,15
P042,intermittent,49,A321,LINE_DEL,01-12-2018,0,0,20,20,0,666,30
P042,intermittent,49,A321,LINE_DEL,01-01-2019,0,0,20,20,0,573,60
P042,intermittent,49,A321,LINE_DEL,01-02-2019,0,0,20,20,0,576,45
P042,intermittent,49,A321,LINE_DEL,01-03-2019,2,2,20,18,0,579,30
P042,intermittent,49,A321,LINE_DEL,01-04-2019,0,0,18,18,0,589,30
P042,intermittent,49,A321,LINE_DEL,01-05-2019,0,0,18,18,0,573,15
P042,intermittent,49,A321,LINE_DEL,01-06-2019,0,0,18,18,0,668,30
P042,intermittent,49,A321,LINE_DEL,01-07-2019,1,1,18,17,0,666,45
P042,intermittent,49,A321,LINE_DEL,01-08-2019,0,0,17,17,0,662,30
P042,intermittent,49,A321,LINE_DEL,01-09-2019,0,0,17,17,0,568,30
P042,intermittent,49,A321,LINE_DEL,01-10-2019,0,0,17,17,0,583,45
P042,intermittent,49,A321,LINE_DEL,01-11-2019,0,0,17,17,0,577,30
P042,intermittent,49,A321,LINE_DEL,01-12-2019,0,0,17,17,0,658,30
P042,intermittent,49,A321,LINE_DEL,01-01-2020,0,0,17,17,0,568,60
P042,intermittent,49,A321,LINE_DEL,01-02-2020,0,0,17,17,0,575,15
P042,intermittent,49,A321,LINE_DEL,01-03-2020,0,0,17,17,0,568,45
P042,intermittent,49,A321,LINE_DEL,01-04-2020,0,0,17,17,0,570,15
P042,intermittent,49,A321,LINE_DEL,01-05-2020,0,0,17,17,0,570,15
P042,intermittent,49,A321,LINE_DEL,01-06-2020,0,0,17,17,0,660,45
P042,intermittent,49,A321,LINE_DEL,01-07-2020,0,0,17,17,0,664,15
P042,intermittent,49,A321,LINE_DEL,01-08-2020,0,0,17,17,0,657,30
P042,intermittent,49,A321,LINE_DEL,01-09-2020,0,0,17,17,0,572,30
P042,intermittent,49,A321,LINE_DEL,01-10-2020,0,0,17,17,0,574,60
P042,intermittent,49,A321,LINE_DEL,01-11-2020,0,0,17,17,0,569,15
P042,intermittent,49,A321,LINE_DEL,01-12-2020,0,0,17,17,0,656,15
P042,intermittent,49,A321,LINE_DEL,01-01-2021,0,0,17,17,0,569,15
P042,intermittent,49,A321,LINE_DEL,01-02-2021,0,0,17,17,0,573,30
P042,intermittent,49,A321,LINE_DEL,01-03-2021,0,0,17,17,0,581,15
P042,intermittent,49,A321,LINE_DEL,01-04-2021,0,0,17,17,0,565,45
P042,intermittent,49,A321,LINE_DEL,01-05-2021,0,0,17,17,0,573,15
P042,intermittent,49,A321,LINE_DEL,01-06-2021,0,0,17,17,0,656,45
P042,intermittent,49,A321,LINE_DEL,01-07-2021,3,3,17,14,0,656,15
P042,intermittent,49,A321,LINE_DEL,01-08-2021,2,2,14,12,0,654,15
P042,intermittent,49,A321,LINE_DEL,01-09-2021,0,0,12,12,0,578,30
P042,intermittent,49,A321,LINE_DEL,01-10-2021,0,0,12,12,0,558,15
P042,intermittent,49,A321,LINE_DEL,01-11-2021,1,1,12,11,0,565,45
P042,intermittent,49,A321,LINE_DEL,01-12-2021,0,0,11,11,0,665,15
P042,intermittent,49,A321,LINE_DEL,01-01-2022,1,1,11,10,0,577,60
P042,intermittent,49,A321,LINE_DEL,01-02-2022,0,0,10,10,0,580,60
P042,intermittent,49,A321,LINE_DEL,01-03-2022,0,0,10,10,0,572,30
P042,intermittent,49,A321,LINE_DEL,01-04-2022,0,0,10,10,0,573,60
P042,intermittent,49,A321,LINE_DEL,01-05-2022,2,2,10,8,0,559,60
P042,intermittent,49,A321,LINE_DEL,01-06-2022,0,0,8,8,0,656,60
P042,intermittent,49,A321,LINE_DEL,01-07-2022,0,0,8,8,0,659,30
P042,intermittent,49,A321,LINE_DEL,01-08-2022,0,0,8,8,0,652,15
P042,intermittent,49,A321,LINE_DEL,01-09-2022,0,0,8,8,0,570,45
P042,intermittent,49,A321,LINE_DEL,01-10-2022,0,0,8,8,0,577,45
P042,intermittent,49,A321,LINE_DEL,01-11-2022,0,0,8,8,0,578,30
P042,intermittent,49,A321,LINE_DEL,01-12-2022,0,0,8,8,0,657,45
P042,intermittent,49,A321,LINE_DEL,01-01-2023,0,0,8,8,0,568,30
P042,intermittent,49,A321,LINE_DEL,01-02-2023,5,5,8,3,0,572,60
P042,intermittent,49,A321,LINE_DEL,01-03-2023,0,0,3,3,0,566,15
P042,intermittent,49,A321,LINE_DEL,01-04-2023,1,1,26,25,0,574,60
P042,intermittent,49,A321,LINE_DEL,01-05-2023,0,0,25,25,0,565,15
P042,intermittent,49,A321,LINE_DEL,01-06-2023,0,0,25,25,0,658,45
P042,intermittent,49,A321,LINE_DEL,01-07-2023,0,0,25,25,0,653,15
P042,intermittent,49,A321,LINE_DEL,01-08-2023,0,0,25,25,0,650,15
P042,intermittent,49,A321,LINE_DEL,01-09-2023,0,0,25,25,0,570,45
P042,intermittent,49,A321,LINE_DEL,01-10-2023,0,0,25,25,0,566,30
P042,intermittent,49,A321,LINE_DEL,01-11-2023,0,0,25,25,0,574,60
P042,intermittent,49,A321,LINE_DEL,01-12-2023,0,0,25,25,0,647,45
P042,intermittent,49,A321,MRO_BLR,01-01-2018,0,0,15,15,0,582,15
P042,intermittent,49,A321,MRO_BLR,01-02-2018,0,0,15,15,0,580,45
P042,intermittent,49,A321,MRO_BLR,01-03-2018,0,0,15,15,0,577,30
P042,intermittent,49,A321,MRO_BLR,01-04-2018,0,0,15,15,0,584,15
P042,intermittent,49,A321,MRO_BLR,01-05-2018,0,0,15,15,0,572,45
P042,intermittent,49,A321,MRO_BLR,01-06-2018,0,0,15,15,0,669,60
P042,intermittent,49,A321,MRO_BLR,01-07-2018,0,0,15,15,0,661,45
P042,intermittent,49,A321,MRO_BLR,01-08-2018,0,0,15,15,0,652,30
P042,intermittent,49,A321,MRO_BLR,01-09-2018,0,0,15,15,0,571,60
P042,intermittent,49,A321,MRO_BLR,01-10-2018,0,0,15,15,0,579,30
P042,intermittent,49,A321,MRO_BLR,01-11-2018,1,1,15,14,0,578,60
P042,intermittent,49,A321,MRO_BLR,01-12-2018,1,1,14,13,0,666,15
P042,intermittent,49,A321,MRO_BLR,01-01-2019,4,4,13,9,0,573,15
P042,intermittent,49,A321,MRO_BLR,01-02-2019,0,0,9,9,0,576,60
P042,intermittent,49,A321,MRO_BLR,01-03-2019,0,0,9,9,0,579,15
P042,intermittent,49,A321,MRO_BLR,01-04-2019,0,0,9,9,0,589,30
P042,intermittent,49,A321,MRO_BLR,01-05-2019,0,0,9,9,0,573,45
P042,intermittent,49,A321,MRO_BLR,01-06-2019,0,0,9,9,0,668,15
P042,intermittent,49,A321,MRO_BLR,01-07-2019,2,2,9,7,0,666,15
P042,intermittent,49,A321,MRO_BLR,01-08-2019,0,0,7,7,0,662,15
P042,intermittent,49,A321,MRO_BLR,01-09-2019,0,0,7,7,0,568,45
P042,intermittent,49,A321,MRO_BLR,01-10-2019,0,0,7,7,0,583,45
P042,intermittent,49,A321,MRO_BLR,01-11-2019,0,0,7,7,0,577,45
P042,intermittent,49,A321,MRO_BLR,01-12-2019,0,0,7,7,0,658,15
P042,intermittent,49,A321,MRO_BLR,01-01-2020,0,0,7,7,0,568,60
P042,intermittent,49,A321,MRO_BLR,01-02-2020,0,0,7,7,0,575,30
P042,intermittent,49,A321,MRO_BLR,01-03-2020,0,0,7,7,0,568,30
P042,intermittent,49,A321,MRO_BLR,01-04-2020,0,0,7,7,0,570,15
P042,intermittent,49,A321,MRO_BLR,01-05-2020,0,0,7,7,0,570,30
P042,intermittent,49,A321,MRO_BLR,01-06-2020,0,0,7,7,0,660,30
P042,intermittent,49,A321,MRO_BLR,01-07-2020,0,0,7,7,0,664,60
P042,intermittent,49,A321,MRO_BLR,01-08-2020,0,0,7,7,0,657,60
P042,intermittent,49,A321,MRO_BLR,01-09-2020,0,0,7,7,0,572,45
P042,intermittent,49,A321,MRO_BLR,01-10-2020,1,1,7,6,0,574,15
P042,intermittent,49,A321,MRO_BLR,01-11-2020,0,0,6,6,0,569,30
P042,intermittent,49,A321,MRO_BLR,01-12-2020,0,0,6,6,0,656,15
P042,intermittent,49,A321,MRO_BLR,01-01-2021,0,0,6,6,0,569,45
P042,intermittent,49,A321,MRO_BLR,01-02-2021,0,0,6,6,0,573,60
P042,intermittent,49,A321,MRO_BLR,01-03-2021,2,2,6,4,0,581,60
P042,intermittent,49,A321,MRO_BLR,01-04-2021,1,1,4,3,0,565,15
P042,intermittent,49,A321,MRO_BLR,01-05-2021,0,0,24,24,0,573,60
P042,intermittent,49,A321,MRO_BLR,01-06-2021,0,0,24,24,0,656,45
P042,intermittent,49,A321,MRO_BLR,01-07-2021,0,0,24,24,0,656,15
P042,intermittent,49,A321,MRO_BLR,01-08-2021,0,0,24,24,0,654,15
P042,intermittent,49,A321,MRO_BLR,01-09-2021,0,0,24,24,0,578,60
P042,intermittent,49,A321,MRO_BLR,01-10-2021,0,0,24,24,0,558,15
P042,intermittent,49,A321,MRO_BLR,01-11-2021,0,0,24,24,0,565,60
P042,intermittent,49,A321,MRO_BLR,01-12-2021,2,2,24,22,0,665,15
P042,intermittent,49,A321,MRO_BLR,01-01-2022,0,0,22,22,0,577,15
P042,intermittent,49,A321,MRO_BLR,01-02-2022,0,0,22,22,0,580,15
P042,intermittent,49,A321,MRO_BLR,01-03-2022,0,0,22,22,0,572,30
P042,intermittent,49,A321,MRO_BLR,01-04-2022,0,0,22,22,0,573,60
P042,intermittent,49,A321,MRO_BLR,01-05-2022,0,0,22,22,0,559,30
P042,intermittent,49,A321,MRO_BLR,01-06-2022,0,0,22,22,0,656,30
P042,intermittent,49,A321,MRO_BLR,01-07-2022,0,0,22,22,0,659,60
P042,intermittent,49,A321,MRO_BLR,01-08-2022,0,0,22,22,0,652,45
P042,intermittent,49,A321,MRO_BLR,01-09-2022,0,0,22,22,0,570,45
P042,intermittent,49,A321,MRO_BLR,01-10-2022,0,0,22,22,0,577,45
P042,intermittent,49,A321,MRO_BLR,01-11-2022,0,0,22,22,0,578,45
P042,intermittent,49,A321,MRO_BLR,01-12-2022,0,0,22,22,0,657,15
P042,intermittent,49,A321,MRO_BLR,01-01-2023,0,0,22,22,0,568,60
P042,intermittent,49,A321,MRO_BLR,01-02-2023,0,0,22,22,0,572,45
P042,intermittent,49,A321,MRO_BLR,01-03-2023,0,0,22,22,0,566,30
P042,intermittent,49,A321,MRO_BLR,01-04-2023,2,2,22,20,0,574,45
P042,intermittent,49,A321,MRO_BLR,01-05-2023,0,0,20,20,0,565,15
P042,intermittent,49,A321,MRO_BLR,01-06-2023,0,0,20,20,0,658,60
P042,intermittent,49,A321,MRO_BLR,01-07-2023,0,0,20,20,0,653,30
P042,intermittent,49,A321,MRO_BLR,01-08-2023,0,0,20,20,0,650,15
P042,intermittent,49,A321,MRO_BLR,01-09-2023,0,0,20,20,0,570,60
P042,intermittent,49,A321,MRO_BLR,01-10-2023,1,1,20,19,0,566,30
P042,intermittent,49,A321,MRO_BLR,01-11-2023,0,0,19,19,0,574,45
P042,intermittent,49,A321,MRO_BLR,01-12-2023,0,0,19,19,0,647,60
P043,intermittent,32,A320,BASE_HYD,01-01-2018,0,0,15,15,0,592,60
P043,intermittent,32,A320,BASE_HYD,01-02-2018,0,0,15,15,0,583,30
P043,intermittent,32,A320,BASE_HYD,01-03-2018,0,0,15,15,0,581,30
P043,intermittent,32,A320,BASE_HYD,01-04-2018,0,0,15,15,0,569,60
P043,intermittent,32,A320,BASE_HYD,01-05-2018,0,0,15,15,0,576,60
P043,intermittent,32,A320,BASE_HYD,01-06-2018,0,0,15,15,0,673,15
P043,intermittent,32,A320,BASE_HYD,01-07-2018,0,0,15,15,0,657,30
P043,intermittent,32,A320,BASE_HYD,01-08-2018,0,0,15,15,0,670,15
P043,intermittent,32,A320,BASE_HYD,01-09-2018,0,0,15,15,0,572,30
P043,intermittent,32,A320,BASE_HYD,01-10-2018,0,0,15,15,0,576,15
P043,intermittent,32,A320,BASE_HYD,01-11-2018,1,1,15,14,0,571,45
P043,intermittent,32,A320,BASE_HYD,01-12-2018,1,1,14,13,0,668,60
P043,intermittent,32,A320,BASE_HYD,01-01-2019,0,0,13,13,0,568,60
P043,intermittent,32,A320,BASE_HYD,01-02-2019,0,0,13,13,0,578,45
P043,intermittent,32,A320,BASE_HYD,01-03-2019,0,0,13,13,0,582,15
P043,intermittent,32,A320,BASE_HYD,01-04-2019,0,0,13,13,0,579,15
P043,intermittent,32,A320,BASE_HYD,01-05-2019,0,0,13,13,0,581,45
P043,intermittent,32,A320,BASE_HYD,01-06-2019,0,0,13,13,0,667,45
P043,intermittent,32,A320,BASE_HYD,01-07-2019,0,0,13,13,0,664,15
P043,intermittent,32,A320,BASE_HYD,01-08-2019,0,0,13,13,0,665,30
P043,intermittent,32,A320,BASE_HYD,01-09-2019,0,0,13,13,0,580,60
P043,intermittent,32,A320,BASE_HYD,01-10-2019,0,0,13,13,0,572,60
P043,intermittent,32,A320,BASE_HYD,01-11-2019,0,0,13,13,0,576,45
P043,intermittent,32,A320,BASE_HYD,01-12-2019,0,0,13,13,0,679,15
P043,intermittent,32,A320,BASE_HYD,01-01-2020,0,0,13,13,0,579,15
P043,intermittent,32,A320,BASE_HYD,01-02-2020,2,2,13,11,0,584,15
P043,intermittent,32,A320,BASE_HYD,01-03-2020,4,4,11,7,0,578,15
P043,intermittent,32,A320,BASE_HYD,01-04-2020,0,0,7,7,0,572,15
P043,intermittent,32,A320,BASE_HYD,01-05-2020,0,0,7,7,0,575,60
P043,intermittent,32,A320,BASE_HYD,01-06-2020,0,0,7,7,0,651,60
P043,intermittent,32,A320,BASE_HYD,01-07-2020,0,0,7,7,0,672,60
P043,intermittent,32,A320,BASE_HYD,01-08-2020,0,0,7,7,0,669,60
P043,intermittent,32,A320,BASE_HYD,01-09-2020,0,0,7,7,0,572,45
P043,intermittent,32,A320,BASE_HYD,01-10-2020,0,0,7,7,0,581,15
P043,intermittent,32,A320,BASE_HYD,01-11-2020,0,0,7,7,0,580,60
P043,intermittent,32,A320,BASE_HYD,01-12-2020,0,0,7,7,0,664,45
P043,intermittent,32,A320,BASE_HYD,01-01-2021,4,4,7,3,0,578,15
P043,intermittent,32,A320,BASE_HYD,01-02-2021,0,0,25,25,0,578,30
P043,intermittent,32,A320,BASE_HYD,01-03-2021,0,0,25,25,0,577,15
P043,intermittent,32,A320,BASE_HYD,01-04-2021,0,0,25,25,0,576,15
P043,intermittent,32,A320,BASE_HYD,01-05-2021,0,0,25,25,0,575,15
P043,intermittent,32,A320,BASE_HYD,01-06-2021,0,0,25,25,0,657,30
P043,intermittent,32,A320,BASE_HYD,01-07-2021,0,0,25,25,0,667,15
P043,intermittent,32,A320,BASE_HYD,01-08-2021,0,0,25,25,0,674,45
P043,intermittent,32,A320,BASE_HYD,01-09-2021,2,2,25,23,0,568,45
P043,intermittent,32,A320,BASE_HYD,01-10-2021,0,0,23,23,0,575,45
P043,intermittent,32,A320,BASE_HYD,01-11-2021,1,1,23,22,0,571,60
P043,intermittent,32,A320,BASE_HYD,01-12-2021,0,0,22,22,0,665,60
P043,intermittent,32,A320,BASE_HYD,01-01-2022,0,0,22,22,0,575,15
P043,intermittent,32,A320,BASE_HYD,01-02-2022,0,0,22,22,0,574,30
P043,intermittent,32,A320,BASE_HYD,01-03-2022,0,0,22,22,0,570,15
P043,intermittent,32,A320,BASE_HYD,01-04-2022,2,2,22,20,0,570,30
P043,intermittent,32,A320,BASE_HYD,01-05-2022,0,0,20,20,0,569,30
P043,intermittent,32,A320,BASE_HYD,01-06-2022,0,0,20,20,0,648,60
P043,intermittent,32,A320,BASE_HYD,01-07-2022,0,0,20,20,0,667,30
P043,intermittent,32,A320,BASE_HYD,01-08-2022,0,0,20,20,0,663,15
P043,intermittent,32,A320,BASE_HYD,01-09-2022,0,0,20,20,0,580,15
P043,intermittent,32,A320,BASE_HYD,01-10-2022,0,0,20,20,0,571,60
P043,intermittent,32,A320,BASE_HYD,01-11-2022,0,0,20,20,0,576,15
P043,intermittent,32,A320,BASE_HYD,01-12-2022,0,0,20,20,0,653,45
P043,intermittent,32,A320,BASE_HYD,01-01-2023,0,0,20,20,0,568,15
P043,intermittent,32,A320,BASE_HYD,01-02-2023,0,0,20,20,0,583,60
P043,intermittent,32,A320,BASE_HYD,01-03-2023,0,0,20,20,0,569,30
P043,intermittent,32,A320,BASE_HYD,01-04-2023,0,0,20,20,0,577,60
P043,intermittent,32,A320,BASE_HYD,01-05-2023,0,0,20,20,0,573,60
P043,intermittent,32,A320,BASE_HYD,01-06-2023,0,0,20,20,0,648,45
P043,intermittent,32,A320,BASE_HYD,01-07-2023,2,2,20,18,0,656,30
P043,intermittent,32,A320,BASE_HYD,01-08-2023,0,0,18,18,0,659,30
P043,intermittent,32,A320,BASE_HYD,01-09-2023,4,4,18,14,0,575,60
P043,intermittent,32,A320,BASE_HYD,01-10-2023,0,0,14,14,0,561,60
P043,intermittent,32,A320,BASE_HYD,01-11-2023,0,0,14,14,0,566,60
P043,intermittent,32,A320,BASE_HYD,01-12-2023,0,0,14,14,0,659,60
P043,intermittent,32,A320,LINE_DEL,01-01-2018,0,0,22,22,0,592,15
P043,intermittent,32,A320,LINE_DEL,01-02-2018,0,0,22,22,0,583,15
P043,intermittent,32,A320,LINE_DEL,01-03-2018,2,2,22,20,0,581,60
P043,intermittent,32,A320,LINE_DEL,01-04-2018,0,0,20,20,0,569,15
P043,intermittent,32,A320,LINE_DEL,01-05-2018,0,0,20,20,0,576,60
P043,intermittent,32,A320,LINE_DEL,01-06-2018,0,0,20,20,0,673,30
P043,intermittent,32,A320,LINE_DEL,01-07-2018,0,0,20,20,0,657,60
P043,intermittent,32,A320,LINE_DEL,01-08-2018,0,0,20,20,0,670,45
P043,intermittent,32,A320,LINE_DEL,01-09-2018,0,0,20,20,0,572,45
P043,intermittent,32,A320,LINE_DEL,01-10-2018,2,2,20,18,0,576,45
P043,intermittent,32,A320,LINE_DEL,01-11-2018,0,0,18,18,0,571,30
P043,intermittent,32,A320,LINE_DEL,01-12-2018,0,0,18,18,0,668,15
P043,intermittent,32,A320,LINE_DEL,01-01-2019,0,0,18,18,0,568,30
P043,intermittent,32,A320,LINE_DEL,01-02-2019,0,0,18,18,0,578,60
P043,intermittent,32,A320,LINE_DEL,01-03-2019,0,0,18,18,0,582,30
P043,intermittent,32,A320,LINE_DEL,01-04-2019,0,0,18,18,0,579,30
P043,intermittent,32,A320,LINE_DEL,01-05-2019,3,3,18,15,0,581,60
P043,intermittent,32,A320,LINE_DEL,01-06-2019,0,0,15,15,0,667,15
P043,intermittent,32,A320,LINE_DEL,01-07-2019,0,0,15,15,0,664,45
P043,intermittent,32,A320,LINE_DEL,01-08-2019,0,0,15,15,0,665,45
P043,intermittent,32,A320,LINE_DEL,01-09-2019,0,0,15,15,0,580,45
P043,intermittent,32,A320,LINE_DEL,01-10-2019,0,0,15,15,0,572,15
P043,intermittent,32,A320,LINE_DEL,01-11-2019,0,0,15,15,0,576,60
P043,intermittent,32,A320,LINE_DEL,01-12-2019,0,0,15,15,0,679,60
P043,intermittent,32,A320,LINE_DEL,01-01-2020,0,0,15,15,0,579,45
P043,intermittent,32,A320,LINE_DEL,01-02-2020,0,0,15,15,0,584,45
P043,intermittent,32,A320,LINE_DEL,01-03-2020,0,0,15,15,0,578,45
P043,intermittent,32,A320,LINE_DEL,01-04-2020,0,0,15,15,0,572,30
P043,intermittent,32,A320,LINE_DEL,01-05-2020,0,0,15,15,0,575,60
P043,intermittent,32,A320,LINE_DEL,01-06-2020,0,0,15,15,0,651,30
P043,intermittent,32,A320,LINE_DEL,01-07-2020,0,0,15,15,0,672,60
P043,intermittent,32,A320,LINE_DEL,01-08-2020,0,0,15,15,0,669,15
P043,intermittent,32,A320,LINE_DEL,01-09-2020,0,0,15,15,0,572,15
P043,intermittent,32,A320,LINE_DEL,01-10-2020,0,0,15,15,0,581,30
P043,intermittent,32,A320,LINE_DEL,01-11-2020,0,0,15,15,0,580,15
P043,intermittent,32,A320,LINE_DEL,01-12-2020,0,0,15,15,0,664,45
P043,intermittent,32,A320,LINE_DEL,01-01-2021,0,0,15,15,0,578,45
P043,intermittent,32,A320,LINE_DEL,01-02-2021,0,0,15,15,0,578,15
P043,intermittent,32,A320,LINE_DEL,01-03-2021,0,0,15,15,0,577,45
P043,intermittent,32,A320,LINE_DEL,01-04-2021,0,0,15,15,0,576,45
P043,intermittent,32,A320,LINE_DEL,01-05-2021,0,0,15,15,0,575,15
P043,intermittent,32,A320,LINE_DEL,01-06-2021,0,0,15,15,0,657,30
P043,intermittent,32,A320,LINE_DEL,01-07-2021,0,0,15,15,0,667,60
P043,intermittent,32,A320,LINE_DEL,01-08-2021,0,0,15,15,0,674,15
P043,intermittent,32,A320,LINE_DEL,01-09-2021,0,0,15,15,0,568,45
P043,intermittent,32,A320,LINE_DEL,01-10-2021,0,0,15,15,0,575,15
P043,intermittent,32,A320,LINE_DEL,01-11-2021,0,0,15,15,0,571,45
P043,intermittent,32,A320,LINE_DEL,01-12-2021,1,1,15,14,0,665,15
P043,intermittent,32,A320,LINE_DEL,01-01-2022,0,0,14,14,0,575,60
P043,intermittent,32,A320,LINE_DEL,01-02-2022,0,0,14,14,0,574,60
P043,intermittent,32,A320,LINE_DEL,01-03-2022,0,0,14,14,0,570,45
P043,intermittent,32,A320,LINE_DEL,01-04-2022,0,0,14,14,0,570,30
P043,intermittent,32,A320,LINE_DEL,01-05-2022,0,0,14,14,0,569,45
P043,intermittent,32,A320,LINE_DEL,01-06-2022,0,0,14,14,0,648,60
P043,intermittent,32,A320,LINE_DEL,01-07-2022,0,0,14,14,0,667,45
P043,intermittent,32,A320,LINE_DEL,01-08-2022,0,0,14,14,0,663,45
P043,intermittent,32,A320,LINE_DEL,01-09-2022,0,0,14,14,0,580,45
P043,intermittent,32,A320,LINE_DEL,01-10-2022,0,0,14,14,0,571,15
P043,intermittent,32,A320,LINE_DEL,01-11-2022,0,0,14,14,0,576,15
P043,intermittent,32,A320,LINE_DEL,01-12-2022,0,0,14,14,0,653,15
P043,intermittent,32,A320,LINE_DEL,01-01-2023,0,0,14,14,0,568,15
P043,intermittent,32,A320,LINE_DEL,01-02-2023,0,0,14,14,0,583,45
P043,intermittent,32,A320,LINE_DEL,01-03-2023,0,0,14,14,0,569,30
P043,intermittent,32,A320,LINE_DEL,01-04-2023,0,0,14,14,0,577,15
P043,intermittent,32,A320,LINE_DEL,01-05-2023,0,0,14,14,0,573,45
P043,intermittent,32,A320,LINE_DEL,01-06-2023,0,0,14,14,0,648,45
P043,intermittent,32,A320,LINE_DEL,01-07-2023,0,0,14,14,0,656,15
P043,intermittent,32,A320,LINE_DEL,01-08-2023,0,0,14,14,0,659,60
P043,intermittent,32,A320,LINE_DEL,01-09-2023,0,0,14,14,0,575,30
P043,intermittent,32,A320,LINE_DEL,01-10-2023,0,0,14,14,0,561,30
P043,intermittent,32,A320,LINE_DEL,01-11-2023,0,0,14,14,0,566,60
P043,intermittent,32,A320,LINE_DEL,01-12-2023,0,0,14,14,0,659,60
P043,intermittent,32,A320,MRO_BLR,01-01-2018,1,1,15,14,0,592,45
P043,intermittent,32,A320,MRO_BLR,01-02-2018,0,0,14,14,0,583,45
P043,intermittent,32,A320,MRO_BLR,01-03-2018,0,0,14,14,0,581,30
P043,intermittent,32,A320,MRO_BLR,01-04-2018,0,0,14,14,0,569,60
P043,intermittent,32,A320,MRO_BLR,01-05-2018,0,0,14,14,0,576,15
P043,intermittent,32,A320,MRO_BLR,01-06-2018,0,0,14,14,0,673,30
P043,intermittent,32,A320,MRO_BLR,01-07-2018,1,1,14,13,0,657,15
P043,intermittent,32,A320,MRO_BLR,01-08-2018,0,0,13,13,0,670,60
P043,intermittent,32,A320,MRO_BLR,01-09-2018,0,0,13,13,0,572,30
P043,intermittent,32,A320,MRO_BLR,01-10-2018,0,0,13,13,0,576,15
P043,intermittent,32,A320,MRO_BLR,01-11-2018,1,1,13,12,0,571,60
P043,intermittent,32,A320,MRO_BLR,01-12-2018,0,0,12,12,0,668,45
P043,intermittent,32,A320,MRO_BLR,01-01-2019,0,0,12,12,0,568,30
P043,intermittent,32,A320,MRO_BLR,01-02-2019,0,0,12,12,0,578,45
P043,intermittent,32,A320,MRO_BLR,01-03-2019,0,0,12,12,0,582,60
P043,intermittent,32,A320,MRO_BLR,01-04-2019,0,0,12,12,0,579,30
P043,intermittent,32,A320,MRO_BLR,01-05-2019,2,2,12,10,0,581,15
P043,intermittent,32,A320,MRO_BLR,01-06-2019,0,0,10,10,0,667,60
P043,intermittent,32,A320,MRO_BLR,01-07-2019,0,0,10,10,0,664,15
P043,intermittent,32,A320,MRO_BLR,01-08-2019,0,0,10,10,0,665,45
P043,intermittent,32,A320,MRO_BLR,01-09-2019,0,0,10,10,0,580,60
P043,intermittent,32,A320,MRO_BLR,01-10-2019,0,0,10,10,0,572,15
P043,intermittent,32,A320,MRO_BLR,01-11-2019,0,0,10,10,0,576,30
P043,intermittent,32,A320,MRO_BLR,01-12-2019,0,0,10,10,0,679,15
P043,intermittent,32,A320,MRO_BLR,01-01-2020,0,0,10,10,0,579,45
P043,intermittent,32,A320,MRO_BLR,01-02-2020,1,1,10,9,0,584,15
P043,intermittent,32,A320,MRO_BLR,01-03-2020,0,0,9,9,0,578,15
P043,intermittent,32,A320,MRO_BLR,01-04-2020,0,0,9,9,0,572,60
P043,intermittent,32,A320,MRO_BLR,01-05-2020,0,0,9,9,0,575,15
P043,intermittent,32,A320,MRO_BLR,01-06-2020,0,0,9,9,0,651,45
P043,intermittent,32,A320,MRO_BLR,01-07-2020,0,0,9,9,0,672,30
P043,intermittent,32,A320,MRO_BLR,01-08-2020,0,0,9,9,0,669,30
P043,intermittent,32,A320,MRO_BLR,01-09-2020,0,0,9,9,0,572,45
P043,intermittent,32,A320,MRO_BLR,01-10-2020,0,0,9,9,0,581,45
P043,intermittent,32,A320,MRO_BLR,01-11-2020,3,3,9,6,0,580,15
P043,intermittent,32,A320,MRO_BLR,01-12-2020,0,0,6,6,0,664,15
P043,intermittent,32,A320,MRO_BLR,01-01-2021,0,0,6,6,0,578,60
P043,intermittent,32,A320,MRO_BLR,01-02-2021,0,0,6,6,0,578,15
P043,intermittent,32,A320,MRO_BLR,01-03-2021,0,0,6,6,0,577,15
P043,intermittent,32,A320,MRO_BLR,01-04-2021,0,0,6,6,0,576,15
P043,intermittent,32,A320,MRO_BLR,01-05-2021,0,0,6,6,0,575,45
P043,intermittent,32,A320,MRO_BLR,01-06-2021,2,2,6,4,0,657,15
P043,intermittent,32,A320,MRO_BLR,01-07-2021,0,0,26,26,0,667,60
P043,intermittent,32,A320,MRO_BLR,01-08-2021,0,0,26,26,0,674,30
P043,intermittent,32,A320,MRO_BLR,01-09-2021,0,0,26,26,0,568,60
P043,intermittent,32,A320,MRO_BLR,01-10-2021,0,0,26,26,0,575,30
P043,intermittent,32,A320,MRO_BLR,01-11-2021,0,0,26,26,0,571,60
P043,intermittent,32,A320,MRO_BLR,01-12-2021,0,0,26,26,0,665,15
P043,intermittent,32,A320,MRO_BLR,01-01-2022,0,0,26,26,0,575,45
P043,intermittent,32,A320,MRO_BLR,01-02-2022,0,0,26,26,0,574,45
P043,intermittent,32,A320,MRO_BLR,01-03-2022,3,3,26,23,0,570,60
P043,intermittent,32,A320,MRO_BLR,01-04-2022,0,0,23,23,0,570,30
P043,intermittent,32,A320,MRO_BLR,01-05-2022,0,0,23,23,0,569,60
P043,intermittent,32,A320,MRO_BLR,01-06-2022,0,0,23,23,0,648,15
P043,intermittent,32,A320,MRO_BLR,01-07-2022,0,0,23,23,0,667,30
P043,intermittent,32,A320,MRO_BLR,01-08-2022,0,0,23,23,0,663,15
P043,intermittent,32,A320,MRO_BLR,01-09-2022,0,0,23,23,0,580,15
P043,intermittent,32,A320,MRO_BLR,01-10-2022,0,0,23,23,0,571,45
P043,intermittent,32,A320,MRO_BLR,01-11-2022,1,1,23,22,0,576,30
P043,intermittent,32,A320,MRO_BLR,01-12-2022,0,0,22,22,0,653,60
P043,intermittent,32,A320,MRO_BLR,01-01-2023,0,0,22,22,0,568,60
P043,intermittent,32,A320,MRO_BLR,01-02-2023,0,0,22,22,0,583,15
P043,intermittent,32,A320,MRO_BLR,01-03-2023,3,3,22,19,0,569,60
P043,intermittent,32,A320,MRO_BLR,01-04-2023,0,0,19,19,0,577,45
P043,intermittent,32,A320,MRO_BLR,01-05-2023,0,0,19,19,0,573,45
P043,intermittent,32,A320,MRO_BLR,01-06-2023,5,5,19,14,0,648,30
P043,intermittent,32,A320,MRO_BLR,01-07-2023,2,2,14,12,0,656,45
P043,intermittent,32,A320,MRO_BLR,01-08-2023,1,1,12,11,0,659,15
P043,intermittent,32,A320,MRO_BLR,01-09-2023,0,0,11,11,0,575,15
P043,intermittent,32,A320,MRO_BLR,01-10-2023,0,0,11,11,0,561,30
P043,intermittent,32,A320,MRO_BLR,01-11-2023,0,0,11,11,0,566,60
P043,intermittent,32,A320,MRO_BLR,01-12-2023,7,7,11,4,0,659,60
P044,intermittent,28,A321,BASE_HYD,01-01-2018,0,0,29,29,0,582,60
P044,intermittent,28,A321,BASE_HYD,01-02-2018,0,0,29,29,0,567,45
P044,intermittent,28,A321,BASE_HYD,01-03-2018,0,0,29,29,0,567,30
P044,intermittent,28,A321,BASE_HYD,01-04-2018,1,1,29,28,0,573,60
P044,intermittent,28,A321,BASE_HYD,01-05-2018,0,0,28,28,0,581,30
P044,intermittent,28,A321,BASE_HYD,01-06-2018,0,0,28,28,0,667,30
P044,intermittent,28,A321,BASE_HYD,01-07-2018,2,2,28,26,0,657,30
P044,intermittent,28,A321,BASE_HYD,01-08-2018,0,0,26,26,0,657,45
P044,intermittent,28,A321,BASE_HYD,01-09-2018,0,0,26,26,0,576,15
P044,intermittent,28,A321,BASE_HYD,01-10-2018,0,0,26,26,0,573,45
P044,intermittent,28,A321,BASE_HYD,01-11-2018,0,0,26,26,0,573,15
P044,intermittent,28,A321,BASE_HYD,01-12-2018,0,0,26,26,0,658,15
P044,intermittent,28,A321,BASE_HYD,01-01-2019,0,0,26,26,0,575,60
P044,intermittent,28,A321,BASE_HYD,01-02-2019,0,0,26,26,0,574,15
P044,intermittent,28,A321,BASE_HYD,01-03-2019,0,0,26,26,0,580,30
P044,intermittent,28,A321,BASE_HYD,01-04-2019,0,0,26,26,0,568,30
P044,intermittent,28,A321,BASE_HYD,01-05-2019,1,1,26,25,0,568,30
P044,intermittent,28,A321,BASE_HYD,01-06-2019,0,0,25,25,0,656,45
P044,intermittent,28,A321,BASE_HYD,01-07-2019,0,0,25,25,0,656,15
P044,intermittent,28,A321,BASE_HYD,01-08-2019,0,0,25,25,0,663,30
P044,intermittent,28,A321,BASE_HYD,01-09-2019,0,0,25,25,0,565,30
P044,intermittent,28,A321,BASE_HYD,01-10-2019,0,0,25,25,0,579,15
P044,intermittent,28,A321,BASE_HYD,01-11-2019,0,0,25,25,0,570,15
P044,intermittent,28,A321,BASE_HYD,01-12-2019,0,0,25,25,0,665,60
P044,intermittent,28,A321,BASE_HYD,01-01-2020,0,0,25,25,0,584,60
P044,intermittent,28,A321,BASE_HYD,01-02-2020,0,0,25,25,0,575,45
P044,intermittent,28,A321,BASE_HYD,01-03-2020,0,0,25,25,0,573,60
P044,intermittent,28,A321,BASE_HYD,01-04-2020,0,0,25,25,0,576,60
P044,intermittent,28,A321,BASE_HYD,01-05-2020,1,1,25,24,0,568,60
P044,intermittent,28,A321,BASE_HYD,01-06-2020,0,0,24,24,0,657,60
P044,intermittent,28,A321,BASE_HYD,01-07-2020,0,0,24,24,0,651,15
P044,intermittent,28,A321,BASE_HYD,01-08-2020,0,0,24,24,0,651,45
P044,intermittent,28,A321,BASE_HYD,01-09-2020,0,0,24,24,0,571,60
P044,intermittent,28,A321,BASE_HYD,01-10-2020,1,1,24,23,0,570,45
P044,intermittent,28,A321,BASE_HYD,01-11-2020,1,1,23,22,0,572,30
P044,intermittent,28,A321,BASE_HYD,01-12-2020,0,0,22,22,0,656,60
P044,intermittent,28,A321,BASE_HYD,01-01-2021,2,2,22,20,0,566,45
P044,intermittent,28,A321,BASE_HYD,01-02-2021,0,0,20,20,0,573,45
P044,intermittent,28,A321,BASE_HYD,01-03-2021,0,0,20,20,0,564,60
P044,intermittent,28,A321,BASE_HYD,01-04-2021,0,0,20,20,0,569,15
P044,intermittent,28,A321,BASE_HYD,01-05-2021,0,0,20,20,0,574,45
P044,intermittent,28,A321,BASE_HYD,01-06-2021,0,0,20,20,0,658,60
P044,intermittent,28,A321,BASE_HYD,01-07-2021,0,0,20,20,0,653,30
P044,intermittent,28,A321,BASE_HYD,01-08-2021,0,0,20,20,0,641,15
P044,intermittent,28,A321,BASE_HYD,01-09-2021,0,0,20,20,0,566,45
P044,intermittent,28,A321,BASE_HYD,01-10-2021,2,2,20,18,0,580,60
P044,intermittent,28,A321,BASE_HYD,01-11-2021,0,0,18,18,0,566,45
P044,intermittent,28,A321,BASE_HYD,01-12-2021,3,3,18,15,0,653,60
P044,intermittent,28,A321,BASE_HYD,01-01-2022,0,0,15,15,0,567,45
P044,intermittent,28,A321,BASE_HYD,01-02-2022,0,0,15,15,0,569,15
P044,intermittent,28,A321,BASE_HYD,01-03-2022,0,0,15,15,0,562,15
P044,intermittent,28,A321,BASE_HYD,01-04-2022,3,3,15,12,0,570,15
P044,intermittent,28,A321,BASE_HYD,01-05-2022,1,1,12,11,0,568,45
P044,intermittent,28,A321,BASE_HYD,01-06-2022,3,3,11,8,0,640,60
P044,intermittent,28,A321,BASE_HYD,01-07-2022,0,0,8,8,0,634,15
P044,intermittent,28,A321,BASE_HYD,01-08-2022,0,0,8,8,0,648,60
P044,intermittent,28,A321,BASE_HYD,01-09-2022,0,0,8,8,0,559,45
P044,intermittent,28,A321,BASE_HYD,01-10-2022,0,0,8,8,0,568,45
P044,intermittent,28,A321,BASE_HYD,01-11-2022,0,0,8,8,0,564,30
P044,intermittent,28,A321,BASE_HYD,01-12-2022,0,0,8,8,0,654,30
P044,intermittent,28,A321,BASE_HYD,01-01-2023,1,1,8,7,0,567,15
P044,intermittent,28,A321,BASE_HYD,01-02-2023,0,0,7,7,0,559,60
P044,intermittent,28,A321,BASE_HYD,01-03-2023,0,0,7,7,0,562,45
P044,intermittent,28,A321,BASE_HYD,01-04-2023,0,0,7,7,0,561,45
P044,intermittent,28,A321,BASE_HYD,01-05-2023,0,0,7,7,0,570,60
P044,intermittent,28,A321,BASE_HYD,01-06-2023,0,0,7,7,0,648,60
P044,intermittent,28,A321,BASE_HYD,01-07-2023,1,1,7,6,0,657,15
P044,intermittent,28,A321,BASE_HYD,01-08-2023,0,0,6,6,0,658,30
P044,intermittent,28,A321,BASE_HYD,01-09-2023,0,0,6,6,0,564,30
P044,intermittent,28,A321,BASE_HYD,01-10-2023,0,0,6,6,0,561,30
P044,intermittent,28,A321,BASE_HYD,01-11-2023,0,0,6,6,0,559,15
P044,intermittent,28,A321,BASE_HYD,01-12-2023,0,0,6,6,0,654,45
P044,intermittent,28,A321,LINE_DEL,01-01-2018,0,0,29,29,0,582,15
P044,intermittent,28,A321,LINE_DEL,01-02-2018,0,0,29,29,0,567,15
P044,intermittent,28,A321,LINE_DEL,01-03-2018,0,0,29,29,0,567,30
P044,intermittent,28,A321,LINE_DEL,01-04-2018,1,1,29,28,0,573,45
P044,intermittent,28,A321,LINE_DEL,01-05-2018,0,0,28,28,0,581,45
P044,intermittent,28,A321,LINE_DEL,01-06-2018,1,1,28,27,0,667,60
P044,intermittent,28,A321,LINE_DEL,01-07-2018,0,0,27,27,0,657,15
P044,intermittent,28,A321,LINE_DEL,01-08-2018,4,4,27,23,0,657,60
P044,intermittent,28,A321,LINE_DEL,01-09-2018,0,0,23,23,0,576,30
P044,intermittent,28,A321,LINE_DEL,01-10-2018,0,0,23,23,0,573,60
P044,intermittent,28,A321,LINE_DEL,01-11-2018,1,1,23,22,0,573,45
P044,intermittent,28,A321,LINE_DEL,01-12-2018,0,0,22,22,0,658,30
P044,intermittent,28,A321,LINE_DEL,01-01-2019,0,0,22,22,0,575,15
P044,intermittent,28,A321,LINE_DEL,01-02-2019,0,0,22,22,0,574,15
P044,intermittent,28,A321,LINE_DEL,01-03-2019,0,0,22,22,0,580,30
P044,intermittent,28,A321,LINE_DEL,01-04-2019,0,0,22,22,0,568,15
P044,intermittent,28,A321,LINE_DEL,01-05-2019,0,0,22,22,0,568,45
P044,intermittent,28,A321,LINE_DEL,01-06-2019,0,0,22,22,0,656,45
P044,intermittent,28,A321,LINE_DEL,01-07-2019,0,0,22,22,0,656,45
P044,intermittent,28,A321,LINE_DEL,01-08-2019,0,0,22,22,0,663,60
P044,intermittent,28,A321,LINE_DEL,01-09-2019,0,0,22,22,0,565,30
P044,intermittent,28,A321,LINE_DEL,01-10-2019,0,0,22,22,0,579,15
P044,intermittent,28,A321,LINE_DEL,01-11-2019,2,2,22,20,0,570,30
P044,intermittent,28,A321,LINE_DEL,01-12-2019,0,0,20,20,0,665,30
P044,intermittent,28,A321,LINE_DEL,01-01-2020,0,0,20,20,0,584,60
P044,intermittent,28,A321,LINE_DEL,01-02-2020,0,0,20,20,0,575,45
P044,intermittent,28,A321,LINE_DEL,01-03-2020,0,0,20,20,0,573,60
P044,intermittent,28,A321,LINE_DEL,01-04-2020,0,0,20,20,0,576,30
P044,intermittent,28,A321,LINE_DEL,01-05-2020,0,0,20,20,0,568,30
P044,intermittent,28,A321,LINE_DEL,01-06-2020,0,0,20,20,0,657,60
P044,intermittent,28,A321,LINE_DEL,01-07-2020,4,4,20,16,0,651,45
P044,intermittent,28,A321,LINE_DEL,01-08-2020,0,0,16,16,0,651,15
P044,intermittent,28,A321,LINE_DEL,01-09-2020,1,1,16,15,0,571,45
P044,intermittent,28,A321,LINE_DEL,01-10-2020,0,0,15,15,0,570,15
P044,intermittent,28,A321,LINE_DEL,01-11-2020,0,0,15,15,0,572,15
P044,intermittent,28,A321,LINE_DEL,01-12-2020,0,0,15,15,0,656,15
P044,intermittent,28,A321,LINE_DEL,01-01-2021,0,0,15,15,0,566,15
P044,intermittent,28,A321,LINE_DEL,01-02-2021,0,0,15,15,0,573,30
P044,intermittent,28,A321,LINE_DEL,01-03-2021,0,0,15,15,0,564,15
P044,intermittent,28,A321,LINE_DEL,01-04-2021,0,0,15,15,0,569,45
P044,intermittent,28,A321,LINE_DEL,01-05-2021,0,0,15,15,0,574,15
P044,intermittent,28,A321,LINE_DEL,01-06-2021,0,0,15,15,0,658,15
P044,intermittent,28,A321,LINE_DEL,01-07-2021,0,0,15,15,0,653,15
P044,intermittent,28,A321,LINE_DEL,01-08-2021,3,3,15,12,0,641,30
P044,intermittent,28,A321,LINE_DEL,01-09-2021,2,2,12,10,0,566,15
P044,intermittent,28,A321,LINE_DEL,01-10-2021,0,0,10,10,0,580,45
P044,intermittent,28,A321,LINE_DEL,01-11-2021,0,0,10,10,0,566,30
P044,intermittent,28,A321,LINE_DEL,01-12-2021,0,0,10,10,0,653,60
P044,intermittent,28,A321,LINE_DEL,01-01-2022,1,1,10,9,0,567,45
P044,intermittent,28,A321,LINE_DEL,01-02-2022,0,0,9,9,0,569,30
P044,intermittent,28,A321,LINE_DEL,01-03-2022,0,0,9,9,0,562,30
P044,intermittent,28,A321,LINE_DEL,01-04-2022,0,0,9,9,0,570,15
P044,intermittent,28,A321,LINE_DEL,01-05-2022,0,0,9,9,0,568,45
P044,intermittent,28,A321,LINE_DEL,01-06-2022,0,0,9,9,0,640,45
P044,intermittent,28,A321,LINE_DEL,01-07-2022,0,0,9,9,0,634,30
P044,intermittent,28,A321,LINE_DEL,01-08-2022,0,0,9,9,0,648,30
P044,intermittent,28,A321,LINE_DEL,01-09-2022,0,0,9,9,0,559,45
P044,intermittent,28,A321,LINE_DEL,01-10-2022,1,1,9,8,0,568,45
P044,intermittent,28,A321,LINE_DEL,01-11-2022,0,0,8,8,0,564,30
P044,intermittent,28,A321,LINE_DEL,01-12-2022,0,0,8,8,0,654,60
P044,intermittent,28,A321,LINE_DEL,01-01-2023,0,0,8,8,0,567,30
P044,intermittent,28,A321,LINE_DEL,01-02-2023,0,0,8,8,0,559,30
P044,intermittent,28,A321,LINE_DEL,01-03-2023,0,0,8,8,0,562,60
P044,intermittent,28,A321,LINE_DEL,01-04-2023,2,2,8,6,0,561,45
P044,intermittent,28,A321,LINE_DEL,01-05-2023,1,1,6,5,0,570,30
P044,intermittent,28,A321,LINE_DEL,01-06-2023,0,0,5,5,0,648,45
P044,intermittent,28,A321,LINE_DEL,01-07-2023,1,1,5,4,0,657,30
P044,intermittent,28,A321,LINE_DEL,01-08-2023,0,0,20,20,0,658,15
P044,intermittent,28,A321,LINE_DEL,01-09-2023,0,0,20,20,0,564,60
P044,intermittent,28,A321,LINE_DEL,01-10-2023,0,0,20,20,0,561,60
P044,intermittent,28,A321,LINE_DEL,01-11-2023,0,0,20,20,0,559,60
P044,intermittent,28,A321,LINE_DEL,01-12-2023,0,0,20,20,0,654,30
P044,intermittent,28,A321,MRO_BLR,01-01-2018,0,0,22,22,0,582,15
P044,intermittent,28,A321,MRO_BLR,01-02-2018,0,0,22,22,0,567,15
P044,intermittent,28,A321,MRO_BLR,01-03-2018,1,1,22,21,0,567,30
P044,intermittent,28,A321,MRO_BLR,01-04-2018,0,0,21,21,0,573,60
P044,intermittent,28,A321,MRO_BLR,01-05-2018,2,2,21,19,0,581,15
P044,intermittent,28,A321,MRO_BLR,01-06-2018,0,0,19,19,0,667,30
P044,intermittent,28,A321,MRO_BLR,01-07-2018,0,0,19,19,0,657,15
P044,intermittent,28,A321,MRO_BLR,01-08-2018,0,0,19,19,0,657,45
P044,intermittent,28,A321,MRO_BLR,01-09-2018,0,0,19,19,0,576,15
P044,intermittent,28,A321,MRO_BLR,01-10-2018,0,0,19,19,0,573,15
P044,intermittent,28,A321,MRO_BLR,01-11-2018,0,0,19,19,0,573,30
P044,intermittent,28,A321,MRO_BLR,01-12-2018,0,0,19,19,0,658,45
P044,intermittent,28,A321,MRO_BLR,01-01-2019,0,0,19,19,0,575,60
P044,intermittent,28,A321,MRO_BLR,01-02-2019,0,0,19,19,0,574,45
P044,intermittent,28,A321,MRO_BLR,01-03-2019,1,1,19,18,0,580,15
P044,intermittent,28,A321,MRO_BLR,01-04-2019,0,0,18,18,0,568,45
P044,intermittent,28,A321,MRO_BLR,01-05-2019,0,0,18,18,0,568,15
P044,intermittent,28,A321,MRO_BLR,01-06-2019,0,0,18,18,0,656,45
P044,intermittent,28,A321,MRO_BLR,01-07-2019,0,0,18,18,0,656,60
P044,intermittent,28,A321,MRO_BLR,01-08-2019,0,0,18,18,0,663,15
P044,intermittent,28,A321,MRO_BLR,01-09-2019,0,0,18,18,0,565,60
P044,intermittent,28,A321,MRO_BLR,01-10-2019,1,1,18,17,0,579,60
P044,intermittent,28,A321,MRO_BLR,01-11-2019,2,2,17,15,0,570,60
P044,intermittent,28,A321,MRO_BLR,01-12-2019,2,2,15,13,0,665,15
P044,intermittent,28,A321,MRO_BLR,01-01-2020,0,0,13,13,0,584,45
P044,intermittent,28,A321,MRO_BLR,01-02-2020,0,0,13,13,0,575,30
P044,intermittent,28,A321,MRO_BLR,01-03-2020,1,1,13,12,0,573,15
P044,intermittent,28,A321,MRO_BLR,01-04-2020,0,0,12,12,0,576,15
P044,intermittent,28,A321,MRO_BLR,01-05-2020,0,0,12,12,0,568,15
P044,intermittent,28,A321,MRO_BLR,01-06-2020,0,0,12,12,0,657,30
P044,intermittent,28,A321,MRO_BLR,01-07-2020,0,0,12,12,0,651,15
P044,intermittent,28,A321,MRO_BLR,01-08-2020,0,0,12,12,0,651,15
P044,intermittent,28,A321,MRO_BLR,01-09-2020,0,0,12,12,0,571,30
P044,intermittent,28,A321,MRO_BLR,01-10-2020,0,0,12,12,0,570,30
P044,intermittent,28,A321,MRO_BLR,01-11-2020,0,0,12,12,0,572,30
P044,intermittent,28,A321,MRO_BLR,01-12-2020,0,0,12,12,0,656,45
P044,intermittent,28,A321,MRO_BLR,01-01-2021,0,0,12,12,0,566,15
P044,intermittent,28,A321,MRO_BLR,01-02-2021,0,0,12,12,0,573,30
P044,intermittent,28,A321,MRO_BLR,01-03-2021,2,2,12,10,0,564,15
P044,intermittent,28,A321,MRO_BLR,01-04-2021,0,0,10,10,0,569,15
P044,intermittent,28,A321,MRO_BLR,01-05-2021,0,0,10,10,0,574,60
P044,intermittent,28,A321,MRO_BLR,01-06-2021,0,0,10,10,0,658,45
P044,intermittent,28,A321,MRO_BLR,01-07-2021,0,0,10,10,0,653,15
P044,intermittent,28,A321,MRO_BLR,01-08-2021,0,0,10,10,0,641,15
P044,intermittent,28,A321,MRO_BLR,01-09-2021,0,0,10,10,0,566,15
P044,intermittent,28,A321,MRO_BLR,01-10-2021,1,1,10,9,0,580,60
P044,intermittent,28,A321,MRO_BLR,01-11-2021,0,0,9,9,0,566,15
P044,intermittent,28,A321,MRO_BLR,01-12-2021,0,0,9,9,0,653,15
P044,intermittent,28,A321,MRO_BLR,01-01-2022,0,0,9,9,0,567,45
P044,intermittent,28,A321,MRO_BLR,01-02-2022,0,0,9,9,0,569,30
P044,intermittent,28,A321,MRO_BLR,01-03-2022,2,2,9,7,0,562,15
P044,intermittent,28,A321,MRO_BLR,01-04-2022,0,0,7,7,0,570,30
P044,intermittent,28,A321,MRO_BLR,01-05-2022,0,0,7,7,0,568,30
P044,intermittent,28,A321,MRO_BLR,01-06-2022,0,0,7,7,0,640,15
P044,intermittent,28,A321,MRO_BLR,01-07-2022,2,2,7,5,0,634,30
P044,intermittent,28,A321,MRO_BLR,01-08-2022,0,0,5,5,0,648,60
P044,intermittent,28,A321,MRO_BLR,01-09-2022,0,0,5,5,0,559,60
P044,intermittent,28,A321,MRO_BLR,01-10-2022,0,0,5,5,0,568,45
P044,intermittent,28,A321,MRO_BLR,01-11-2022,0,0,5,5,0,564,15
P044,intermittent,28,A321,MRO_BLR,01-12-2022,0,0,5,5,0,654,60
P044,intermittent,28,A321,MRO_BLR,01-01-2023,1,1,5,4,0,567,30
P044,intermittent,28,A321,MRO_BLR,01-02-2023,0,0,19,19,0,559,45
P044,intermittent,28,A321,MRO_BLR,01-03-2023,0,0,19,19,0,562,15
P044,intermittent,28,A321,MRO_BLR,01-04-2023,0,0,19,19,0,561,45
P044,intermittent,28,A321,MRO_BLR,01-05-2023,0,0,19,19,0,570,45
P044,intermittent,28,A321,MRO_BLR,01-06-2023,0,0,19,19,0,648,45
P044,intermittent,28,A321,MRO_BLR,01-07-2023,0,0,19,19,0,657,30
P044,intermittent,28,A321,MRO_BLR,01-08-2023,0,0,19,19,0,658,30
P044,intermittent,28,A321,MRO_BLR,01-09-2023,0,0,19,19,0,564,15
P044,intermittent,28,A321,MRO_BLR,01-10-2023,0,0,19,19,0,561,60
P044,intermittent,28,A321,MRO_BLR,01-11-2023,0,0,19,19,0,559,45
P044,intermittent,28,A321,MRO_BLR,01-12-2023,0,0,19,19,0,654,15
P045,intermittent,28,A320,BASE_HYD,01-01-2018,0,0,17,17,0,659,30
P045,intermittent,28,A320,BASE_HYD,01-02-2018,2,2,17,15,0,649,45
P045,intermittent,28,A320,BASE_HYD,01-03-2018,0,0,15,15,0,650,15
P045,intermittent,28,A320,BASE_HYD,01-04-2018,0,0,15,15,0,639,30
P045,intermittent,28,A320,BASE_HYD,01-05-2018,2,2,15,13,0,648,45
P045,intermittent,28,A320,BASE_HYD,01-06-2018,0,0,13,13,0,741,30
P045,intermittent,28,A320,BASE_HYD,01-07-2018,0,0,13,13,0,755,30
P045,intermittent,28,A320,BASE_HYD,01-08-2018,0,0,13,13,0,758,30
P045,intermittent,28,A320,BASE_HYD,01-09-2018,0,0,13,13,0,668,30
P045,intermittent,28,A320,BASE_HYD,01-10-2018,1,1,13,12,0,673,45
P045,intermittent,28,A320,BASE_HYD,01-11-2018,3,3,12,9,0,655,45
P045,intermittent,28,A320,BASE_HYD,01-12-2018,0,0,9,9,0,747,60
P045,intermittent,28,A320,BASE_HYD,01-01-2019,0,0,9,9,0,648,30
P045,intermittent,28,A320,BASE_HYD,01-02-2019,0,0,9,9,0,647,45
P045,intermittent,28,A320,BASE_HYD,01-03-2019,0,0,9,9,0,666,30
P045,intermittent,28,A320,BASE_HYD,01-04-2019,0,0,9,9,0,633,45
P045,intermittent,28,A320,BASE_HYD,01-05-2019,0,0,9,9,0,662,30
P045,intermittent,28,A320,BASE_HYD,01-06-2019,0,0,9,9,0,742,60
P045,intermittent,28,A320,BASE_HYD,01-07-2019,0,0,9,9,0,746,60
P045,intermittent,28,A320,BASE_HYD,01-08-2019,2,2,9,7,0,729,15
P045,intermittent,28,A320,BASE_HYD,01-09-2019,0,0,7,7,0,658,30
P045,intermittent,28,A320,BASE_HYD,01-10-2019,0,0,7,7,0,656,60
P045,intermittent,28,A320,BASE_HYD,01-11-2019,0,0,7,7,0,644,45
P045,intermittent,28,A320,BASE_HYD,01-12-2019,0,0,7,7,0,757,45
P045,intermittent,28,A320,BASE_HYD,01-01-2020,2,2,7,5,0,655,15
P045,intermittent,28,A320,BASE_HYD,01-02-2020,0,0,5,5,0,646,60
P045,intermittent,28,A320,BASE_HYD,01-03-2020,0,0,5,5,0,636,45
P045,intermittent,28,A320,BASE_HYD,01-04-2020,0,0,5,5,0,648,15
P045,intermittent,28,A320,BASE_HYD,01-05-2020,0,0,5,5,0,656,15
P045,intermittent,28,A320,BASE_HYD,01-06-2020,0,0,5,5,0,740,15
P045,intermittent,28,A320,BASE_HYD,01-07-2020,0,0,5,5,0,755,60
P045,intermittent,28,A320,BASE_HYD,01-08-2020,1,1,5,4,0,740,45
P045,intermittent,28,A320,BASE_HYD,01-09-2020,0,0,4,4,0,648,30
P045,intermittent,28,A320,BASE_HYD,01-10-2020,0,0,18,18,0,644,45
P045,intermittent,28,A320,BASE_HYD,01-11-2020,0,0,18,18,0,650,15
P045,intermittent,28,A320,BASE_HYD,01-12-2020,2,2,18,16,0,753,45
P045,intermittent,28,A320,BASE_HYD,01-01-2021,0,0,16,16,0,658,60
P045,intermittent,28,A320,BASE_HYD,01-02-2021,0,0,16,16,0,648,45
P045,intermittent,28,A320,BASE_HYD,01-03-2021,0,0,16,16,0,637,60
P045,intermittent,28,A320,BASE_HYD,01-04-2021,0,0,16,16,0,651,15
P045,intermittent,28,A320,BASE_HYD,01-05-2021,0,0,16,16,0,645,45
P045,intermittent,28,A320,BASE_HYD,01-06-2021,0,0,16,16,0,742,45
P045,intermittent,28,A320,BASE_HYD,01-07-2021,0,0,16,16,0,745,30
P045,intermittent,28,A320,BASE_HYD,01-08-2021,0,0,16,16,0,748,60
P045,intermittent,28,A320,BASE_HYD,01-09-2021,0,0,16,16,0,644,30
P045,intermittent,28,A320,BASE_HYD,01-10-2021,0,0,16,16,0,651,15
P045,intermittent,28,A320,BASE_HYD,01-11-2021,0,0,16,16,0,650,15
P045,intermittent,28,A320,BASE_HYD,01-12-2021,0,0,16,16,0,749,15
P045,intermittent,28,A320,BASE_HYD,01-01-2022,0,0,16,16,0,651,15
P045,intermittent,28,A320,BASE_HYD,01-02-2022,0,0,16,16,0,631,60
P045,intermittent,28,A320,BASE_HYD,01-03-2022,0,0,16,16,0,643,45
P045,intermittent,28,A320,BASE_HYD,01-04-2022,0,0,16,16,0,644,45
P045,intermittent,28,A320,BASE_HYD,01-05-2022,0,0,16,16,0,644,15
P045,intermittent,28,A320,BASE_HYD,01-06-2022,0,0,16,16,0,736,15
P045,intermittent,28,A320,BASE_HYD,01-07-2022,0,0,16,16,0,737,60
P045,intermittent,28,A320,BASE_HYD,01-08-2022,0,0,16,16,0,746,30
P045,intermittent,28,A320,BASE_HYD,01-09-2022,0,0,16,16,0,648,60
P045,intermittent,28,A320,BASE_HYD,01-10-2022,0,0,16,16,0,645,30
P045,intermittent,28,A320,BASE_HYD,01-11-2022,0,0,16,16,0,639,15
P045,intermittent,28,A320,BASE_HYD,01-12-2022,0,0,16,16,0,748,15
P045,intermittent,28,A320,BASE_HYD,01-01-2023,0,0,16,16,0,648,15
P045,intermittent,28,A320,BASE_HYD,01-02-2023,0,0,16,16,0,650,30
P045,intermittent,28,A320,BASE_HYD,01-03-2023,0,0,16,16,0,638,30
P045,intermittent,28,A320,BASE_HYD,01-04-2023,0,0,16,16,0,667,15
P045,intermittent,28,A320,BASE_HYD,01-05-2023,0,0,16,16,0,645,15
P045,intermittent,28,A320,BASE_HYD,01-06-2023,0,0,16,16,0,734,60
P045,intermittent,28,A320,BASE_HYD,01-07-2023,0,0,16,16,0,757,45
P045,intermittent,28,A320,BASE_HYD,01-08-2023,0,0,16,16,0,745,60
P045,intermittent,28,A320,BASE_HYD,01-09-2023,0,0,16,16,0,645,45
P045,intermittent,28,A320,BASE_HYD,01-10-2023,0,0,16,16,0,645,45
P045,intermittent,28,A320,BASE_HYD,01-11-2023,0,0,16,16,0,651,30
P045,intermittent,28,A320,BASE_HYD,01-12-2023,0,0,16,16,0,742,30
P045,intermittent,28,A320,LINE_DEL,01-01-2018,1,1,23,22,0,659,15
P045,intermittent,28,A320,LINE_DEL,01-02-2018,0,0,22,22,0,649,15
P045,intermittent,28,A320,LINE_DEL,01-03-2018,0,0,22,22,0,650,30
P045,intermittent,28,A320,LINE_DEL,01-04-2018,1,1,22,21,0,639,60
P045,intermittent,28,A320,LINE_DEL,01-05-2018,0,0,21,21,0,648,60
P045,intermittent,28,A320,LINE_DEL,01-06-2018,0,0,21,21,0,741,45
P045,intermittent,28,A320,LINE_DEL,01-07-2018,0,0,21,21,0,755,60
P045,intermittent,28,A320,LINE_DEL,01-08-2018,0,0,21,21,0,758,60
P045,intermittent,28,A320,LINE_DEL,01-09-2018,0,0,21,21,0,668,60
P045,intermittent,28,A320,LINE_DEL,01-10-2018,0,0,21,21,0,673,60
P045,intermittent,28,A320,LINE_DEL,01-11-2018,0,0,21,21,0,655,60
P045,intermittent,28,A320,LINE_DEL,01-12-2018,0,0,21,21,0,747,15
P045,intermittent,28,A320,LINE_DEL,01-01-2019,0,0,21,21,0,648,30
P045,intermittent,28,A320,LINE_DEL,01-02-2019,0,0,21,21,0,647,30
P045,intermittent,28,A320,LINE_DEL,01-03-2019,2,2,21,19,0,666,45
P045,intermittent,28,A320,LINE_DEL,01-04-2019,0,0,19,19,0,633,30
P045,intermittent,28,A320,LINE_DEL,01-05-2019,0,0,19,19,0,662,30
P045,intermittent,28,A320,LINE_DEL,01-06-2019,0,0,19,19,0,742,30
P045,intermittent,28,A320,LINE_DEL,01-07-2019,0,0,19,19,0,746,45
P045,intermittent,28,A320,LINE_DEL,01-08-2019,0,0,19,19,0,729,45
P045,intermittent,28,A320,LINE_DEL,01-09-2019,0,0,19,19,0,658,60
P045,intermittent,28,A320,LINE_DEL,01-10-2019,0,0,19,19,0,656,60
P045,intermittent,28,A320,LINE_DEL,01-11-2019,0,0,19,19,0,644,15
P045,intermittent,28,A320,LINE_DEL,01-12-2019,0,0,19,19,0,757,15
P045,intermittent,28,A320,LINE_DEL,01-01-2020,0,0,19,19,0,655,30
P045,intermittent,28,A320,LINE_DEL,01-02-2020,0,0,19,19,0,646,60
P045,intermittent,28,A320,LINE_DEL,01-03-2020,0,0,19,19,0,636,30
P045,intermittent,28,A320,LINE_DEL,01-04-2020,0,0,19,19,0,648,15
P045,intermittent,28,A320,LINE_DEL,01-05-2020,0,0,19,19,0,656,60
P045,intermittent,28,A320,LINE_DEL,01-06-2020,0,0,19,19,0,740,45
P045,intermittent,28,A320,LINE_DEL,01-07-2020,0,0,19,19,0,755,60
P045,intermittent,28,A320,LINE_DEL,01-08-2020,0,0,19,19,0,740,30
P045,intermittent,28,A320,LINE_DEL,01-09-2020,0,0,19,19,0,648,60
P045,intermittent,28,A320,LINE_DEL,01-10-2020,0,0,19,19,0,644,15
P045,intermittent,28,A320,LINE_DEL,01-11-2020,0,0,19,19,0,650,45
P045,intermittent,28,A320,LINE_DEL,01-12-2020,0,0,19,19,0,753,60
P045,intermittent,28,A320,LINE_DEL,01-01-2021,0,0,19,19,0,658,60
P045,intermittent,28,A320,LINE_DEL,01-02-2021,1,1,19,18,0,648,30
P045,intermittent,28,A320,LINE_DEL,01-03-2021,0,0,18,18,0,637,60
P045,intermittent,28,A320,LINE_DEL,01-04-2021,0,0,18,18,0,651,60
P045,intermittent,28,A320,LINE_DEL,01-05-2021,1,1,18,17,0,645,15
P045,intermittent,28,A320,LINE_DEL,01-06-2021,0,0,17,17,0,742,30
P045,intermittent,28,A320,LINE_DEL,01-07-2021,0,0,17,17,0,745,60
P045,intermittent,28,A320,LINE_DEL,01-08-2021,0,0,17,17,0,748,60
P045,intermittent,28,A320,LINE_DEL,01-09-2021,0,0,17,17,0,644,45
P045,intermittent,28,A320,LINE_DEL,01-10-2021,2,2,17,15,0,651,15
P045,intermittent,28,A320,LINE_DEL,01-11-2021,0,0,15,15,0,650,30
P045,intermittent,28,A320,LINE_DEL,01-12-2021,0,0,15,15,0,749,15
P045,intermittent,28,A320,LINE_DEL,01-01-2022,0,0,15,15,0,651,45
P045,intermittent,28,A320,LINE_DEL,01-02-2022,0,0,15,15,0,631,15
P045,intermittent,28,A320,LINE_DEL,01-03-2022,0,0,15,15,0,643,30
P045,intermittent,28,A320,LINE_DEL,01-04-2022,0,0,15,15,0,644,15
P045,intermittent,28,A320,LINE_DEL,01-05-2022,0,0,15,15,0,644,45
P045,intermittent,28,A320,LINE_DEL,01-06-2022,0,0,15,15,0,736,15
P045,intermittent,28,A320,LINE_DEL,01-07-2022,1,1,15,14,0,737,30
P045,intermittent,28,A320,LINE_DEL,01-08-2022,0,0,14,14,0,746,30
P045,intermittent,28,A320,LINE_DEL,01-09-2022,0,0,14,14,0,648,45
P045,intermittent,28,A320,LINE_DEL,01-10-2022,0,0,14,14,0,645,45
P045,intermittent,28,A320,LINE_DEL,01-11-2022,0,0,14,14,0,639,45
P045,intermittent,28,A320,LINE_DEL,01-12-2022,0,0,14,14,0,748,30
P045,intermittent,28,A320,LINE_DEL,01-01-2023,0,0,14,14,0,648,15
P045,intermittent,28,A320,LINE_DEL,01-02-2023,0,0,14,14,0,650,60
P045,intermittent,28,A320,LINE_DEL,01-03-2023,0,0,14,14,0,638,60
P045,intermittent,28,A320,LINE_DEL,01-04-2023,0,0,14,14,0,667,45
P045,intermittent,28,A320,LINE_DEL,01-05-2023,2,2,14,12,0,645,45
P045,intermittent,28,A320,LINE_DEL,01-06-2023,0,0,12,12,0,734,45
P045,intermittent,28,A320,LINE_DEL,01-07-2023,0,0,12,12,0,757,60
P045,intermittent,28,A320,LINE_DEL,01-08-2023,1,1,12,11,0,745,30
P045,intermittent,28,A320,LINE_DEL,01-09-2023,0,0,11,11,0,645,45
P045,intermittent,28,A320,LINE_DEL,01-10-2023,0,0,11,11,0,645,60
P045,intermittent,28,A320,LINE_DEL,01-11-2023,0,0,11,11,0,651,60
P045,intermittent,28,A320,LINE_DEL,01-12-2023,0,0,11,11,0,742,60
P045,intermittent,28,A320,MRO_BLR,01-01-2018,0,0,26,26,0,659,15
P045,intermittent,28,A320,MRO_BLR,01-02-2018,0,0,26,26,0,649,60
P045,intermittent,28,A320,MRO_BLR,01-03-2018,0,0,26,26,0,650,15
P045,intermittent,28,A320,MRO_BLR,01-04-2018,0,0,26,26,0,639,30
P045,intermittent,28,A320,MRO_BLR,01-05-2018,0,0,26,26,0,648,60
P045,intermittent,28,A320,MRO_BLR,01-06-2018,2,2,26,24,0,741,30
P045,intermittent,28,A320,MRO_BLR,01-07-2018,0,0,24,24,0,755,60
P045,intermittent,28,A320,MRO_BLR,01-08-2018,0,0,24,24,0,758,15
P045,intermittent,28,A320,MRO_BLR,01-09-2018,0,0,24,24,0,668,45
P045,intermittent,28,A320,MRO_BLR,01-10-2018,0,0,24,24,0,673,60
P045,intermittent,28,A320,MRO_BLR,01-11-2018,0,0,24,24,0,655,30
P045,intermittent,28,A320,MRO_BLR,01-12-2018,3,3,24,21,0,747,30
P045,intermittent,28,A320,MRO_BLR,01-01-2019,0,0,21,21,0,648,45
P045,intermittent,28,A320,MRO_BLR,01-02-2019,0,0,21,21,0,647,15
P045,intermittent,28,A320,MRO_BLR,01-03-2019,0,0,21,21,0,666,45
P045,intermittent,28,A320,MRO_BLR,01-04-2019,0,0,21,21,0,633,45
P045,intermittent,28,A320,MRO_BLR,01-05-2019,0,0,21,21,0,662,60
P045,intermittent,28,A320,MRO_BLR,01-06-2019,6,6,21,15,0,742,60
P045,intermittent,28,A320,MRO_BLR,01-07-2019,0,0,15,15,0,746,15
P045,intermittent,28,A320,MRO_BLR,01-08-2019,0,0,15,15,0,729,60
P045,intermittent,28,A320,MRO_BLR,01-09-2019,2,2,15,13,0,658,60
P045,intermittent,28,A320,MRO_BLR,01-10-2019,0,0,13,13,0,656,30
P045,intermittent,28,A320,MRO_BLR,01-11-2019,0,0,13,13,0,644,60
P045,intermittent,28,A320,MRO_BLR,01-12-2019,0,0,13,13,0,757,45
P045,intermittent,28,A320,MRO_BLR,01-01-2020,0,0,13,13,0,655,30
P045,intermittent,28,A320,MRO_BLR,01-02-2020,0,0,13,13,0,646,30
P045,intermittent,28,A320,MRO_BLR,01-03-2020,0,0,13,13,0,636,15
P045,intermittent,28,A320,MRO_BLR,01-04-2020,0,0,13,13,0,648,30
P045,intermittent,28,A320,MRO_BLR,01-05-2020,0,0,13,13,0,656,15
P045,intermittent,28,A320,MRO_BLR,01-06-2020,1,1,13,12,0,740,15
P045,intermittent,28,A320,MRO_BLR,01-07-2020,0,0,12,12,0,755,45
P045,intermittent,28,A320,MRO_BLR,01-08-2020,0,0,12,12,0,740,30
P045,intermittent,28,A320,MRO_BLR,01-09-2020,0,0,12,12,0,648,45
P045,intermittent,28,A320,MRO_BLR,01-10-2020,2,2,12,10,0,644,45
P045,intermittent,28,A320,MRO_BLR,01-11-2020,0,0,10,10,0,650,45
P045,intermittent,28,A320,MRO_BLR,01-12-2020,3,3,10,7,0,753,15
P045,intermittent,28,A320,MRO_BLR,01-01-2021,0,0,7,7,0,658,45
P045,intermittent,28,A320,MRO_BLR,01-02-2021,0,0,7,7,0,648,45
P045,intermittent,28,A320,MRO_BLR,01-03-2021,1,1,7,6,0,637,60
P045,intermittent,28,A320,MRO_BLR,01-04-2021,0,0,6,6,0,651,30
P045,intermittent,28,A320,MRO_BLR,01-05-2021,0,0,6,6,0,645,30
P045,intermittent,28,A320,MRO_BLR,01-06-2021,0,0,6,6,0,742,45
P045,intermittent,28,A320,MRO_BLR,01-07-2021,2,2,6,4,0,745,45
P045,intermittent,28,A320,MRO_BLR,01-08-2021,0,0,4,4,0,748,45
P045,intermittent,28,A320,MRO_BLR,01-09-2021,0,0,23,23,0,644,45
P045,intermittent,28,A320,MRO_BLR,01-10-2021,0,0,23,23,0,651,45
P045,intermittent,28,A320,MRO_BLR,01-11-2021,0,0,23,23,0,650,45
P045,intermittent,28,A320,MRO_BLR,01-12-2021,0,0,23,23,0,749,60
P045,intermittent,28,A320,MRO_BLR,01-01-2022,0,0,23,23,0,651,45
P045,intermittent,28,A320,MRO_BLR,01-02-2022,0,0,23,23,0,631,60
P045,intermittent,28,A320,MRO_BLR,01-03-2022,6,6,23,17,0,643,15
P045,intermittent,28,A320,MRO_BLR,01-04-2022,0,0,17,17,0,644,45
P045,intermittent,28,A320,MRO_BLR,01-05-2022,0,0,17,17,0,644,45
P045,intermittent,28,A320,MRO_BLR,01-06-2022,0,0,17,17,0,736,30
P045,intermittent,28,A320,MRO_BLR,01-07-2022,0,0,17,17,0,737,45
P045,intermittent,28,A320,MRO_BLR,01-08-2022,1,1,17,16,0,746,30
P045,intermittent,28,A320,MRO_BLR,01-09-2022,0,0,16,16,0,648,15
P045,intermittent,28,A320,MRO_BLR,01-10-2022,1,1,16,15,0,645,30
P045,intermittent,28,A320,MRO_BLR,01-11-2022,0,0,15,15,0,639,15
P045,intermittent,28,A320,MRO_BLR,01-12-2022,0,0,15,15,0,748,60
P045,intermittent,28,A320,MRO_BLR,01-01-2023,0,0,15,15,0,648,45
P045,intermittent,28,A320,MRO_BLR,01-02-2023,0,0,15,15,0,650,45
P045,intermittent,28,A320,MRO_BLR,01-03-2023,0,0,15,15,0,638,45
P045,intermittent,28,A320,MRO_BLR,01-04-2023,0,0,15,15,0,667,30
P045,intermittent,28,A320,MRO_BLR,01-05-2023,0,0,15,15,0,645,60
P045,intermittent,28,A320,MRO_BLR,01-06-2023,0,0,15,15,0,734,30
P045,intermittent,28,A320,MRO_BLR,01-07-2023,0,0,15,15,0,757,60
P045,intermittent,28,A320,MRO_BLR,01-08-2023,0,0,15,15,0,745,30
P045,intermittent,28,A320,MRO_BLR,01-09-2023,0,0,15,15,0,645,30
P045,intermittent,28,A320,MRO_BLR,01-10-2023,0,0,15,15,0,645,30
P045,intermittent,28,A320,MRO_BLR,01-11-2023,2,2,15,13,0,651,30
P045,intermittent,28,A320,MRO_BLR,01-12-2023,0,0,13,13,0,742,15
P046,intermittent,28,A320,BASE_HYD,01-01-2018,2,2,20,18,0,397,30
P046,intermittent,28,A320,BASE_HYD,01-02-2018,0,0,18,18,0,398,45
P046,intermittent,28,A320,BASE_HYD,01-03-2018,1,1,18,17,0,395,15
P046,intermittent,28,A320,BASE_HYD,01-04-2018,0,0,17,17,0,397,30
P046,intermittent,28,A320,BASE_HYD,01-05-2018,0,0,17,17,0,403,30
P046,intermittent,28,A320,BASE_HYD,01-06-2018,0,0,17,17,0,457,30
P046,intermittent,28,A320,BASE_HYD,01-07-2018,2,2,17,15,0,459,60
P046,intermittent,28,A320,BASE_HYD,01-08-2018,0,0,15,15,0,465,60
P046,intermittent,28,A320,BASE_HYD,01-09-2018,0,0,15,15,0,402,45
P046,intermittent,28,A320,BASE_HYD,01-10-2018,1,1,15,14,0,400,30
P046,intermittent,28,A320,BASE_HYD,01-11-2018,3,3,14,11,0,400,30
P046,intermittent,28,A320,BASE_HYD,01-12-2018,0,0,11,11,0,459,30
P046,intermittent,28,A320,BASE_HYD,01-01-2019,2,2,11,9,0,403,45
P046,intermittent,28,A320,BASE_HYD,01-02-2019,0,0,9,9,0,400,45
P046,intermittent,28,A320,BASE_HYD,01-03-2019,0,0,9,9,0,398,15
P046,intermittent,28,A320,BASE_HYD,01-04-2019,0,0,9,9,0,394,30
P046,intermittent,28,A320,BASE_HYD,01-05-2019,0,0,9,9,0,401,45
P046,intermittent,28,A320,BASE_HYD,01-06-2019,1,1,9,8,0,460,30
P046,intermittent,28,A320,BASE_HYD,01-07-2019,0,0,8,8,0,451,15
P046,intermittent,28,A320,BASE_HYD,01-08-2019,1,1,8,7,0,458,15
P046,intermittent,28,A320,BASE_HYD,01-09-2019,0,0,7,7,0,400,60
P046,intermittent,28,A320,BASE_HYD,01-10-2019,0,0,7,7,0,398,45
P046,intermittent,28,A320,BASE_HYD,01-11-2019,0,0,7,7,0,406,15
P046,intermittent,28,A320,BASE_HYD,01-12-2019,0,0,7,7,0,466,60
P046,intermittent,28,A320,BASE_HYD,01-01-2020,0,0,7,7,0,393,60
P046,intermittent,28,A320,BASE_HYD,01-02-2020,0,0,7,7,0,397,60
P046,intermittent,28,A320,BASE_HYD,01-03-2020,0,0,7,7,0,401,45
P046,intermittent,28,A320,BASE_HYD,01-04-2020,0,0,7,7,0,397,60
P046,intermittent,28,A320,BASE_HYD,01-05-2020,0,0,7,7,0,401,60
P046,intermittent,28,A320,BASE_HYD,01-06-2020,0,0,7,7,0,454,30
P046,intermittent,28,A320,BASE_HYD,01-07-2020,1,1,7,6,0,450,60
P046,intermittent,28,A320,BASE_HYD,01-08-2020,0,0,6,6,0,460,60
P046,intermittent,28,A320,BASE_HYD,01-09-2020,0,0,6,6,0,396,45
P046,intermittent,28,A320,BASE_HYD,01-10-2020,2,2,6,4,0,408,60
P046,intermittent,28,A320,BASE_HYD,01-11-2020,0,0,4,4,0,401,15
P046,intermittent,28,A320,BASE_HYD,01-12-2020,0,0,22,22,0,452,60
P046,intermittent,28,A320,BASE_HYD,01-01-2021,0,0,22,22,0,399,30
P046,intermittent,28,A320,BASE_HYD,01-02-2021,0,0,22,22,0,396,45
P046,intermittent,28,A320,BASE_HYD,01-03-2021,0,0,22,22,0,398,60
P046,intermittent,28,A320,BASE_HYD,01-04-2021,0,0,22,22,0,394,15
P046,intermittent,28,A320,BASE_HYD,01-05-2021,0,0,22,22,0,398,60
P046,intermittent,28,A320,BASE_HYD,01-06-2021,0,0,22,22,0,461,45
P046,intermittent,28,A320,BASE_HYD,01-07-2021,0,0,22,22,0,460,60
P046,intermittent,28,A320,BASE_HYD,01-08-2021,0,0,22,22,0,461,15
P046,intermittent,28,A320,BASE_HYD,01-09-2021,0,0,22,22,0,409,60
P046,intermittent,28,A320,BASE_HYD,01-10-2021,0,0,22,22,0,395,15
P046,intermittent,28,A320,BASE_HYD,01-11-2021,2,2,22,20,0,404,30
P046,intermittent,28,A320,BASE_HYD,01-12-2021,0,0,20,20,0,457,45
P046,intermittent,28,A320,BASE_HYD,01-01-2022,0,0,20,20,0,394,45
P046,intermittent,28,A320,BASE_HYD,01-02-2022,0,0,20,20,0,395,60
P046,intermittent,28,A320,BASE_HYD,01-03-2022,0,0,20,20,0,399,15
P046,intermittent,28,A320,BASE_HYD,01-04-2022,0,0,20,20,0,394,60
P046,intermittent,28,A320,BASE_HYD,01-05-2022,0,0,20,20,0,387,45
P046,intermittent,28,A320,BASE_HYD,01-06-2022,0,0,20,20,0,458,45
P046,intermittent,28,A320,BASE_HYD,01-07-2022,0,0,20,20,0,456,15
P046,intermittent,28,A320,BASE_HYD,01-08-2022,0,0,20,20,0,452,15
P046,intermittent,28,A320,BASE_HYD,01-09-2022,0,0,20,20,0,390,30
P046,intermittent,28,A320,BASE_HYD,01-10-2022,0,0,20,20,0,397,45
P046,intermittent,28,A320,BASE_HYD,01-11-2022,0,0,20,20,0,400,45
P046,intermittent,28,A320,BASE_HYD,01-12-2022,0,0,20,20,0,450,15
P046,intermittent,28,A320,BASE_HYD,01-01-2023,1,1,20,19,0,395,45
P046,intermittent,28,A320,BASE_HYD,01-02-2023,0,0,19,19,0,403,15
P046,intermittent,28,A320,BASE_HYD,01-03-2023,0,0,19,19,0,398,15
P046,intermittent,28,A320,BASE_HYD,01-04-2023,0,0,19,19,0,394,15
P046,intermittent,28,A320,BASE_HYD,01-05-2023,0,0,19,19,0,394,60
P046,intermittent,28,A320,BASE_HYD,01-06-2023,1,1,19,18,0,451,45
P046,intermittent,28,A320,BASE_HYD,01-07-2023,0,0,18,18,0,453,15
P046,intermittent,28,A320,BASE_HYD,01-08-2023,0,0,18,18,0,451,15
P046,intermittent,28,A320,BASE_HYD,01-09-2023,0,0,18,18,0,393,45
P046,intermittent,28,A320,BASE_HYD,01-10-2023,0,0,18,18,0,394,45
P046,intermittent,28,A320,BASE_HYD,01-11-2023,0,0,18,18,0,388,60
P046,intermittent,28,A320,BASE_HYD,01-12-2023,0,0,18,18,0,453,60
P046,intermittent,28,A320,LINE_DEL,01-01-2018,0,0,27,27,0,397,60
P046,intermittent,28,A320,LINE_DEL,01-02-2018,0,0,27,27,0,398,45
P046,intermittent,28,A320,LINE_DEL,01-03-2018,0,0,27,27,0,395,60
P046,intermittent,28,A320,LINE_DEL,01-04-2018,0,0,27,27,0,397,45
P046,intermittent,28,A320,LINE_DEL,01-05-2018,0,0,27,27,0,403,60
P046,intermittent,28,A320,LINE_DEL,01-06-2018,0,0,27,27,0,457,60
P046,intermittent,28,A320,LINE_DEL,01-07-2018,0,0,27,27,0,459,45
P046,intermittent,28,A320,LINE_DEL,01-08-2018,0,0,27,27,0,465,60
P046,intermittent,28,A320,LINE_DEL,01-09-2018,2,2,27,25,0,402,15
P046,intermittent,28,A320,LINE_DEL,01-10-2018,2,2,25,23,0,400,15
P046,intermittent,28,A320,LINE_DEL,01-11-2018,0,0,23,23,0,400,30
P046,intermittent,28,A320,LINE_DEL,01-12-2018,1,1,23,22,0,459,45
P046,intermittent,28,A320,LINE_DEL,01-01-2019,0,0,22,22,0,403,30
P046,intermittent,28,A320,LINE_DEL,01-02-2019,1,1,22,21,0,400,30
P046,intermittent,28,A320,LINE_DEL,01-03-2019,0,0,21,21,0,398,30
P046,intermittent,28,A320,LINE_DEL,01-04-2019,4,4,21,17,0,394,30
P046,intermittent,28,A320,LINE_DEL,01-05-2019,0,0,17,17,0,401,60
P046,intermittent,28,A320,LINE_DEL,01-06-2019,1,1,17,16,0,460,15
P046,intermittent,28,A320,LINE_DEL,01-07-2019,0,0,16,16,0,451,15
P046,intermittent,28,A320,LINE_DEL,01-08-2019,0,0,16,16,0,458,60
P046,intermittent,28,A320,LINE_DEL,01-09-2019,1,1,16,15,0,400,60
P046,intermittent,28,A320,LINE_DEL,01-10-2019,0,0,15,15,0,398,30
P046,intermittent,28,A320,LINE_DEL,01-11-2019,1,1,15,14,0,406,30
P046,intermittent,28,A320,LINE_DEL,01-12-2019,0,0,14,14,0,466,60
P046,intermittent,28,A320,LINE_DEL,01-01-2020,0,0,14,14,0,393,30
P046,intermittent,28,A320,LINE_DEL,01-02-2020,0,0,14,14,0,397,60
P046,intermittent,28,A320,LINE_DEL,01-03-2020,0,0,14,14,0,401,15
P046,intermittent,28,A320,LINE_DEL,01-04-2020,0,0,14,14,0,397,60
P046,intermittent,28,A320,LINE_DEL,01-05-2020,0,0,14,14,0,401,45
P046,intermittent,28,A320,LINE_DEL,01-06-2020,0,0,14,14,0,454,45
P046,intermittent,28,A320,LINE_DEL,01-07-2020,0,0,14,14,0,450,30
P046,intermittent,28,A320,LINE_DEL,01-08-2020,0,0,14,14,0,460,60
P046,intermittent,28,A320,LINE_DEL,01-09-2020,0,0,14,14,0,396,30
P046,intermittent,28,A320,LINE_DEL,01-10-2020,0,0,14,14,0,408,30
P046,intermittent,28,A320,LINE_DEL,01-11-2020,0,0,14,14,0,401,30
P046,intermittent,28,A320,LINE_DEL,01-12-2020,0,0,14,14,0,452,45
P046,intermittent,28,A320,LINE_DEL,01-01-2021,0,0,14,14,0,399,15
P046,intermittent,28,A320,LINE_DEL,01-02-2021,0,0,14,14,0,396,45
P046,intermittent,28,A320,LINE_DEL,01-03-2021,0,0,14,14,0,398,30
P046,intermittent,28,A320,LINE_DEL,01-04-2021,0,0,14,14,0,394,30
P046,intermittent,28,A320,LINE_DEL,01-05-2021,0,0,14,14,0,398,15
P046,intermittent,28,A320,LINE_DEL,01-06-2021,0,0,14,14,0,461,45
P046,intermittent,28,A320,LINE_DEL,01-07-2021,0,0,14,14,0,460,15
P046,intermittent,28,A320,LINE_DEL,01-08-2021,0,0,14,14,0,461,60
P046,intermittent,28,A320,LINE_DEL,01-09-2021,1,1,14,13,0,409,15
P046,intermittent,28,A320,LINE_DEL,01-10-2021,0,0,13,13,0,395,15
P046,intermittent,28,A320,LINE_DEL,01-11-2021,3,3,13,10,0,404,15
P046,intermittent,28,A320,LINE_DEL,01-12-2021,0,0,10,10,0,457,60
P046,intermittent,28,A320,LINE_DEL,01-01-2022,0,0,10,10,0,394,45
P046,intermittent,28,A320,LINE_DEL,01-02-2022,0,0,10,10,0,395,30
P046,intermittent,28,A320,LINE_DEL,01-03-2022,0,0,10,10,0,399,30
P046,intermittent,28,A320,LINE_DEL,01-04-2022,0,0,10,10,0,394,45
P046,intermittent,28,A320,LINE_DEL,01-05-2022,0,0,10,10,0,387,30
P046,intermittent,28,A320,LINE_DEL,01-06-2022,0,0,10,10,0,458,60
P046,intermittent,28,A320,LINE_DEL,01-07-2022,0,0,10,10,0,456,45
P046,intermittent,28,A320,LINE_DEL,01-08-2022,0,0,10,10,0,452,60
P046,intermittent,28,A320,LINE_DEL,01-09-2022,1,1,10,9,0,390,60
P046,intermittent,28,A320,LINE_DEL,01-10-2022,0,0,9,9,0,397,45
P046,intermittent,28,A320,LINE_DEL,01-11-2022,4,4,9,5,0,400,15
P046,intermittent,28,A320,LINE_DEL,01-12-2022,0,0,5,5,0,450,60
P046,intermittent,28,A320,LINE_DEL,01-01-2023,0,0,5,5,0,395,15
P046,intermittent,28,A320,LINE_DEL,01-02-2023,0,0,5,5,0,403,45
P046,intermittent,28,A320,LINE_DEL,01-03-2023,0,0,5,5,0,398,60
P046,intermittent,28,A320,LINE_DEL,01-04-2023,0,0,5,5,0,394,30
P046,intermittent,28,A320,LINE_DEL,01-05-2023,0,0,5,5,0,394,60
P046,intermittent,28,A320,LINE_DEL,01-06-2023,0,0,5,5,0,451,45
P046,intermittent,28,A320,LINE_DEL,01-07-2023,0,0,5,5,0,453,60
P046,intermittent,28,A320,LINE_DEL,01-08-2023,0,0,5,5,0,451,15
P046,intermittent,28,A320,LINE_DEL,01-09-2023,0,0,5,5,0,393,30
P046,intermittent,28,A320,LINE_DEL,01-10-2023,0,0,5,5,0,394,45
P046,intermittent,28,A320,LINE_DEL,01-11-2023,0,0,5,5,0,388,60
P046,intermittent,28,A320,LINE_DEL,01-12-2023,0,0,5,5,0,453,15
P046,intermittent,28,A320,MRO_BLR,01-01-2018,0,0,28,28,0,397,60
P046,intermittent,28,A320,MRO_BLR,01-02-2018,0,0,28,28,0,398,60
P046,intermittent,28,A320,MRO_BLR,01-03-2018,0,0,28,28,0,395,15
P046,intermittent,28,A320,MRO_BLR,01-04-2018,0,0,28,28,0,397,30
P046,intermittent,28,A320,MRO_BLR,01-05-2018,0,0,28,28,0,403,15
P046,intermittent,28,A320,MRO_BLR,01-06-2018,0,0,28,28,0,457,45
P046,intermittent,28,A320,MRO_BLR,01-07-2018,0,0,28,28,0,459,15
P046,intermittent,28,A320,MRO_BLR,01-08-2018,0,0,28,28,0,465,60
P046,intermittent,28,A320,MRO_BLR,01-09-2018,0,0,28,28,0,402,60
P046,intermittent,28,A320,MRO_BLR,01-10-2018,0,0,28,28,0,400,60
P046,intermittent,28,A320,MRO_BLR,01-11-2018,0,0,28,28,0,400,15
P046,intermittent,28,A320,MRO_BLR,01-12-2018,0,0,28,28,0,459,45
P046,intermittent,28,A320,MRO_BLR,01-01-2019,0,0,28,28,0,403,60
P046,intermittent,28,A320,MRO_BLR,01-02-2019,0,0,28,28,0,400,30
P046,intermittent,28,A320,MRO_BLR,01-03-2019,0,0,28,28,0,398,15
P046,intermittent,28,A320,MRO_BLR,01-04-2019,0,0,28,28,0,394,60
P046,intermittent,28,A320,MRO_BLR,01-05-2019,0,0,28,28,0,401,30
P046,intermittent,28,A320,MRO_BLR,01-06-2019,0,0,28,28,0,460,60
P046,intermittent,28,A320,MRO_BLR,01-07-2019,0,0,28,28,0,451,45
P046,intermittent,28,A320,MRO_BLR,01-08-2019,0,0,28,28,0,458,30
P046,intermittent,28,A320,MRO_BLR,01-09-2019,1,1,28,27,0,400,60
P046,intermittent,28,A320,MRO_BLR,01-10-2019,0,0,27,27,0,398,60
P046,intermittent,28,A320,MRO_BLR,01-11-2019,0,0,27,27,0,406,15
P046,intermittent,28,A320,MRO_BLR,01-12-2019,0,0,27,27,0,466,30
P046,intermittent,28,A320,MRO_BLR,01-01-2020,0,0,27,27,0,393,45
P046,intermittent,28,A320,MRO_BLR,01-02-2020,0,0,27,27,0,397,60
P046,intermittent,28,A320,MRO_BLR,01-03-2020,0,0,27,27,0,401,60
P046,intermittent,28,A320,MRO_BLR,01-04-2020,0,0,27,27,0,397,15
P046,intermittent,28,A320,MRO_BLR,01-05-2020,0,0,27,27,0,401,60
P046,intermittent,28,A320,MRO_BLR,01-06-2020,0,0,27,27,0,454,30
P046,intermittent,28,A320,MRO_BLR,01-07-2020,0,0,27,27,0,450,60
P046,intermittent,28,A320,MRO_BLR,01-08-2020,1,1,27,26,0,460,15
P046,intermittent,28,A320,MRO_BLR,01-09-2020,0,0,26,26,0,396,60
P046,intermittent,28,A320,MRO_BLR,01-10-2020,0,0,26,26,0,408,45
P046,intermittent,28,A320,MRO_BLR,01-11-2020,1,1,26,25,0,401,30
P046,intermittent,28,A320,MRO_BLR,01-12-2020,0,0,25,25,0,452,30
P046,intermittent,28,A320,MRO_BLR,01-01-2021,0,0,25,25,0,399,15
P046,intermittent,28,A320,MRO_BLR,01-02-2021,0,0,25,25,0,396,60
P046,intermittent,28,A320,MRO_BLR,01-03-2021,0,0,25,25,0,398,30
P046,intermittent,28,A320,MRO_BLR,01-04-2021,0,0,25,25,0,394,45
P046,intermittent,28,A320,MRO_BLR,01-05-2021,0,0,25,25,0,398,15
P046,intermittent,28,A320,MRO_BLR,01-06-2021,0,0,25,25,0,461,30
P046,intermittent,28,A320,MRO_BLR,01-07-2021,0,0,25,25,0,460,60
P046,intermittent,28,A320,MRO_BLR,01-08-2021,0,0,25,25,0,461,15
P046,intermittent,28,A320,MRO_BLR,01-09-2021,0,0,25,25,0,409,30
P046,intermittent,28,A320,MRO_BLR,01-10-2021,0,0,25,25,0,395,45
P046,intermittent,28,A320,MRO_BLR,01-11-2021,0,0,25,25,0,404,30
P046,intermittent,28,A320,MRO_BLR,01-12-2021,0,0,25,25,0,457,45
P046,intermittent,28,A320,MRO_BLR,01-01-2022,1,1,25,24,0,394,60
P046,intermittent,28,A320,MRO_BLR,01-02-2022,0,0,24,24,0,395,30
P046,intermittent,28,A320,MRO_BLR,01-03-2022,0,0,24,24,0,399,30
P046,intermittent,28,A320,MRO_BLR,01-04-2022,0,0,24,24,0,394,15
P046,intermittent,28,A320,MRO_BLR,01-05-2022,0,0,24,24,0,387,30
P046,intermittent,28,A320,MRO_BLR,01-06-2022,0,0,24,24,0,458,60
P046,intermittent,28,A320,MRO_BLR,01-07-2022,0,0,24,24,0,456,30
P046,intermittent,28,A320,MRO_BLR,01-08-2022,0,0,24,24,0,452,45
P046,intermittent,28,A320,MRO_BLR,01-09-2022,0,0,24,24,0,390,60
P046,intermittent,28,A320,MRO_BLR,01-10-2022,0,0,24,24,0,397,15
P046,intermittent,28,A320,MRO_BLR,01-11-2022,0,0,24,24,0,400,30
P046,intermittent,28,A320,MRO_BLR,01-12-2022,1,1,24,23,0,450,60
P046,intermittent,28,A320,MRO_BLR,01-01-2023,0,0,23,23,0,395,30
P046,intermittent,28,A320,MRO_BLR,01-02-2023,0,0,23,23,0,403,30
P046,intermittent,28,A320,MRO_BLR,01-03-2023,0,0,23,23,0,398,15
P046,intermittent,28,A320,MRO_BLR,01-04-2023,0,0,23,23,0,394,15
P046,intermittent,28,A320,MRO_BLR,01-05-2023,0,0,23,23,0,394,45
P046,intermittent,28,A320,MRO_BLR,01-06-2023,0,0,23,23,0,451,60
P046,intermittent,28,A320,MRO_BLR,01-07-2023,0,0,23,23,0,453,45
P046,intermittent,28,A320,MRO_BLR,01-08-2023,0,0,23,23,0,451,45
P046,intermittent,28,A320,MRO_BLR,01-09-2023,0,0,23,23,0,393,30
P046,intermittent,28,A320,MRO_BLR,01-10-2023,1,1,23,22,0,394,45
P046,intermittent,28,A320,MRO_BLR,01-11-2023,0,0,22,22,0,388,45
P046,intermittent,28,A320,MRO_BLR,01-12-2023,0,0,22,22,0,453,15
P047,intermittent,27,A321,BASE_HYD,01-01-2018,0,0,21,21,0,718,60
P047,intermittent,27,A321,BASE_HYD,01-02-2018,0,0,21,21,0,709,30
P047,intermittent,27,A321,BASE_HYD,01-03-2018,0,0,21,21,0,706,30
P047,intermittent,27,A321,BASE_HYD,01-04-2018,0,0,21,21,0,707,30
P047,intermittent,27,A321,BASE_HYD,01-05-2018,2,2,21,19,0,724,30
P047,intermittent,27,A321,BASE_HYD,01-06-2018,0,0,19,19,0,829,45
P047,intermittent,27,A321,BASE_HYD,01-07-2018,0,0,19,19,0,823,45
P047,intermittent,27,A321,BASE_HYD,01-08-2018,0,0,19,19,0,811,60
P047,intermittent,27,A321,BASE_HYD,01-09-2018,0,0,19,19,0,721,45
P047,intermittent,27,A321,BASE_HYD,01-10-2018,1,1,19,18,0,716,45
P047,intermittent,27,A321,BASE_HYD,01-11-2018,0,0,18,18,0,710,45
P047,intermittent,27,A321,BASE_HYD,01-12-2018,0,0,18,18,0,822,60
P047,intermittent,27,A321,BASE_HYD,01-01-2019,0,0,18,18,0,716,15
P047,intermittent,27,A321,BASE_HYD,01-02-2019,0,0,18,18,0,710,60
P047,intermittent,27,A321,BASE_HYD,01-03-2019,0,0,18,18,0,705,15
P047,intermittent,27,A321,BASE_HYD,01-04-2019,0,0,18,18,0,714,60
P047,intermittent,27,A321,BASE_HYD,01-05-2019,0,0,18,18,0,715,45
P047,intermittent,27,A321,BASE_HYD,01-06-2019,0,0,18,18,0,804,60
P047,intermittent,27,A321,BASE_HYD,01-07-2019,1,1,18,17,0,819,60
P047,intermittent,27,A321,BASE_HYD,01-08-2019,0,0,17,17,0,813,15
P047,intermittent,27,A321,BASE_HYD,01-09-2019,0,0,17,17,0,716,45
P047,intermittent,27,A321,BASE_HYD,01-10-2019,0,0,17,17,0,701,30
P047,intermittent,27,A321,BASE_HYD,01-11-2019,0,0,17,17,0,704,15
P047,intermittent,27,A321,BASE_HYD,01-12-2019,0,0,17,17,0,801,30
P047,intermittent,27,A321,BASE_HYD,01-01-2020,0,0,17,17,0,714,45
P047,intermittent,27,A321,BASE_HYD,01-02-2020,0,0,17,17,0,700,45
P047,intermittent,27,A321,BASE_HYD,01-03-2020,0,0,17,17,0,701,15
P047,intermittent,27,A321,BASE_HYD,01-04-2020,0,0,17,17,0,710,45
P047,intermittent,27,A321,BASE_HYD,01-05-2020,0,0,17,17,0,710,45
P047,intermittent,27,A321,BASE_HYD,01-06-2020,0,0,17,17,0,823,60
P047,intermittent,27,A321,BASE_HYD,01-07-2020,0,0,17,17,0,823,15
P047,intermittent,27,A321,BASE_HYD,01-08-2020,1,1,17,16,0,827,45
P047,intermittent,27,A321,BASE_HYD,01-09-2020,0,0,16,16,0,722,60
P047,intermittent,27,A321,BASE_HYD,01-10-2020,0,0,16,16,0,718,45
P047,intermittent,27,A321,BASE_HYD,01-11-2020,0,0,16,16,0,713,15
P047,intermittent,27,A321,BASE_HYD,01-12-2020,0,0,16,16,0,819,60
P047,intermittent,27,A321,BASE_HYD,01-01-2021,0,0,16,16,0,713,15
P047,intermittent,27,A321,BASE_HYD,01-02-2021,0,0,16,16,0,694,60
P047,intermittent,27,A321,BASE_HYD,01-03-2021,0,0,16,16,0,707,60
P047,intermittent,27,A321,BASE_HYD,01-04-2021,0,0,16,16,0,696,15
P047,intermittent,27,A321,BASE_HYD,01-05-2021,0,0,16,16,0,703,45
P047,intermittent,27,A321,BASE_HYD,01-06-2021,0,0,16,16,0,803,30
P047,intermittent,27,A321,BASE_HYD,01-07-2021,0,0,16,16,0,818,45
P047,intermittent,27,A321,BASE_HYD,01-08-2021,0,0,16,16,0,820,60
P047,intermittent,27,A321,BASE_HYD,01-09-2021,1,1,16,15,0,717,15
P047,intermittent,27,A321,BASE_HYD,01-10-2021,0,0,15,15,0,702,45
P047,intermittent,27,A321,BASE_HYD,01-11-2021,0,0,15,15,0,704,60
P047,intermittent,27,A321,BASE_HYD,01-12-2021,0,0,15,15,0,824,15
P047,intermittent,27,A321,BASE_HYD,01-01-2022,0,0,15,15,0,703,60
P047,intermittent,27,A321,BASE_HYD,01-02-2022,0,0,15,15,0,701,15
P047,intermittent,27,A321,BASE_HYD,01-03-2022,0,0,15,15,0,711,15
P047,intermittent,27,A321,BASE_HYD,01-04-2022,0,0,15,15,0,710,45
P047,intermittent,27,A321,BASE_HYD,01-05-2022,0,0,15,15,0,713,60
P047,intermittent,27,A321,BASE_HYD,01-06-2022,0,0,15,15,0,816,60
P047,intermittent,27,A321,BASE_HYD,01-07-2022,0,0,15,15,0,809,15
P047,intermittent,27,A321,BASE_HYD,01-08-2022,0,0,15,15,0,824,60
P047,intermittent,27,A321,BASE_HYD,01-09-2022,0,0,15,15,0,713,30
P047,intermittent,27,A321,BASE_HYD,01-10-2022,0,0,15,15,0,706,30
P047,intermittent,27,A321,BASE_HYD,01-11-2022,0,0,15,15,0,713,60
P047,intermittent,27,A321,BASE_HYD,01-12-2022,0,0,15,15,0,812,60
P047,intermittent,27,A321,BASE_HYD,01-01-2023,0,0,15,15,0,698,60
P047,intermittent,27,A321,BASE_HYD,01-02-2023,0,0,15,15,0,705,60
P047,intermittent,27,A321,BASE_HYD,01-03-2023,0,0,15,15,0,718,15
P047,intermittent,27,A321,BASE_HYD,01-04-2023,1,1,15,14,0,712,45
P047,intermittent,27,A321,BASE_HYD,01-05-2023,0,0,14,14,0,707,45
P047,intermittent,27,A321,BASE_HYD,01-06-2023,0,0,14,14,0,803,45
P047,intermittent,27,A321,BASE_HYD,01-07-2023,0,0,14,14,0,800,60
P047,intermittent,27,A321,BASE_HYD,01-08-2023,0,0,14,14,0,808,15
P047,intermittent,27,A321,BASE_HYD,01-09-2023,0,0,14,14,0,700,15
P047,intermittent,27,A321,BASE_HYD,01-10-2023,1,1,14,13,0,704,15
P047,intermittent,27,A321,BASE_HYD,01-11-2023,0,0,13,13,0,705,15
P047,intermittent,27,A321,BASE_HYD,01-12-2023,0,0,13,13,0,798,15
P047,intermittent,27,A321,LINE_DEL,01-01-2018,0,0,27,27,0,718,15
P047,intermittent,27,A321,LINE_DEL,01-02-2018,0,0,27,27,0,709,60
P047,intermittent,27,A321,LINE_DEL,01-03-2018,0,0,27,27,0,706,15
P047,intermittent,27,A321,LINE_DEL,01-04-2018,0,0,27,27,0,707,45
P047,intermittent,27,A321,LINE_DEL,01-05-2018,3,3,27,24,0,724,60
P047,intermittent,27,A321,LINE_DEL,01-06-2018,1,1,24,23,0,829,15
P047,intermittent,27,A321,LINE_DEL,01-07-2018,0,0,23,23,0,823,60
P047,intermittent,27,A321,LINE_DEL,01-08-2018,0,0,23,23,0,811,45
P047,intermittent,27,A321,LINE_DEL,01-09-2018,5,5,23,18,0,721,30
P047,intermittent,27,A321,LINE_DEL,01-10-2018,0,0,18,18,0,716,60
P047,intermittent,27,A321,LINE_DEL,01-11-2018,4,4,18,14,0,710,60
P047,intermittent,27,A321,LINE_DEL,01-12-2018,4,4,14,10,0,822,30
P047,intermittent,27,A321,LINE_DEL,01-01-2019,0,0,10,10,0,716,60
P047,intermittent,27,A321,LINE_DEL,01-02-2019,0,0,10,10,0,710,60
P047,intermittent,27,A321,LINE_DEL,01-03-2019,0,0,10,10,0,705,15
P047,intermittent,27,A321,LINE_DEL,01-04-2019,0,0,10,10,0,714,45
P047,intermittent,27,A321,LINE_DEL,01-05-2019,0,0,10,10,0,715,60
P047,intermittent,27,A321,LINE_DEL,01-06-2019,2,2,10,8,0,804,15
P047,intermittent,27,A321,LINE_DEL,01-07-2019,0,0,8,8,0,819,15
P047,intermittent,27,A321,LINE_DEL,01-08-2019,0,0,8,8,0,813,60
P047,intermittent,27,A321,LINE_DEL,01-09-2019,0,0,8,8,0,716,15
P047,intermittent,27,A321,LINE_DEL,01-10-2019,0,0,8,8,0,701,30
P047,intermittent,27,A321,LINE_DEL,01-11-2019,0,0,8,8,0,704,30
P047,intermittent,27,A321,LINE_DEL,01-12-2019,0,0,8,8,0,801,60
P047,intermittent,27,A321,LINE_DEL,01-01-2020,1,1,8,7,0,714,45
P047,intermittent,27,A321,LINE_DEL,01-02-2020,0,0,7,7,0,700,30
P047,intermittent,27,A321,LINE_DEL,01-03-2020,0,0,7,7,0,701,30
P047,intermittent,27,A321,LINE_DEL,01-04-2020,0,0,7,7,0,710,30
P047,intermittent,27,A321,LINE_DEL,01-05-2020,0,0,7,7,0,710,15
P047,intermittent,27,A321,LINE_DEL,01-06-2020,0,0,7,7,0,823,30
P047,intermittent,27,A321,LINE_DEL,01-07-2020,0,0,7,7,0,823,45
P047,intermittent,27,A321,LINE_DEL,01-08-2020,0,0,7,7,0,827,15
P047,intermittent,27,A321,LINE_DEL,01-09-2020,0,0,7,7,0,722,60
P047,intermittent,27,A321,LINE_DEL,01-10-2020,0,0,7,7,0,718,45
P047,intermittent,27,A321,LINE_DEL,01-11-2020,0,0,7,7,0,713,60
P047,intermittent,27,A321,LINE_DEL,01-12-2020,0,0,7,7,0,819,45
P047,intermittent,27,A321,LINE_DEL,01-01-2021,0,0,7,7,0,713,30
P047,intermittent,27,A321,LINE_DEL,01-02-2021,0,0,7,7,0,694,45
P047,intermittent,27,A321,LINE_DEL,01-03-2021,0,0,7,7,0,707,60
P047,intermittent,27,A321,LINE_DEL,01-04-2021,0,0,7,7,0,696,15
P047,intermittent,27,A321,LINE_DEL,01-05-2021,0,0,7,7,0,703,30
P047,intermittent,27,A321,LINE_DEL,01-06-2021,1,1,7,6,0,803,60
P047,intermittent,27,A321,LINE_DEL,01-07-2021,4,4,6,2,0,818,60
P047,intermittent,27,A321,LINE_DEL,01-08-2021,0,0,2,2,0,820,15
P047,intermittent,27,A321,LINE_DEL,01-09-2021,0,0,26,26,0,717,15
P047,intermittent,27,A321,LINE_DEL,01-10-2021,0,0,26,26,0,702,60
P047,intermittent,27,A321,LINE_DEL,01-11-2021,0,0,26,26,0,704,60
P047,intermittent,27,A321,LINE_DEL,01-12-2021,0,0,26,26,0,824,30
P047,intermittent,27,A321,LINE_DEL,01-01-2022,0,0,26,26,0,703,30
P047,intermittent,27,A321,LINE_DEL,01-02-2022,0,0,26,26,0,701,30
P047,intermittent,27,A321,LINE_DEL,01-03-2022,0,0,26,26,0,711,15
P047,intermittent,27,A321,LINE_DEL,01-04-2022,0,0,26,26,0,710,60
P047,intermittent,27,A321,LINE_DEL,01-05-2022,1,1,26,25,0,713,60
P047,intermittent,27,A321,LINE_DEL,01-06-2022,0,0,25,25,0,816,45
P047,intermittent,27,A321,LINE_DEL,01-07-2022,0,0,25,25,0,809,15
P047,intermittent,27,A321,LINE_DEL,01-08-2022,0,0,25,25,0,824,45
P047,intermittent,27,A321,LINE_DEL,01-09-2022,0,0,25,25,0,713,30
P047,intermittent,27,A321,LINE_DEL,01-10-2022,0,0,25,25,0,706,45
P047,intermittent,27,A321,LINE_DEL,01-11-2022,0,0,25,25,0,713,15
P047,intermittent,27,A321,LINE_DEL,01-12-2022,0,0,25,25,0,812,45
P047,intermittent,27,A321,LINE_DEL,01-01-2023,0,0,25,25,0,698,60
P047,intermittent,27,A321,LINE_DEL,01-02-2023,0,0,25,25,0,705,15
P047,intermittent,27,A321,LINE_DEL,01-03-2023,0,0,25,25,0,718,60
P047,intermittent,27,A321,LINE_DEL,01-04-2023,0,0,25,25,0,712,30
P047,intermittent,27,A321,LINE_DEL,01-05-2023,0,0,25,25,0,707,15
P047,intermittent,27,A321,LINE_DEL,01-06-2023,0,0,25,25,0,803,45
P047,intermittent,27,A321,LINE_DEL,01-07-2023,3,3,25,22,0,800,45
P047,intermittent,27,A321,LINE_DEL,01-08-2023,3,3,22,19,0,808,15
P047,intermittent,27,A321,LINE_DEL,01-09-2023,0,0,19,19,0,700,30
P047,intermittent,27,A321,LINE_DEL,01-10-2023,0,0,19,19,0,704,15
P047,intermittent,27,A321,LINE_DEL,01-11-2023,0,0,19,19,0,705,60
P047,intermittent,27,A321,LINE_DEL,01-12-2023,0,0,19,19,0,798,15
P047,intermittent,27,A321,MRO_BLR,01-01-2018,0,0,24,24,0,718,30
P047,intermittent,27,A321,MRO_BLR,01-02-2018,0,0,24,24,0,709,60
P047,intermittent,27,A321,MRO_BLR,01-03-2018,0,0,24,24,0,706,30
P047,intermittent,27,A321,MRO_BLR,01-04-2018,0,0,24,24,0,707,30
P047,intermittent,27,A321,MRO_BLR,01-05-2018,0,0,24,24,0,724,45
P047,intermittent,27,A321,MRO_BLR,01-06-2018,0,0,24,24,0,829,60
P047,intermittent,27,A321,MRO_BLR,01-07-2018,0,0,24,24,0,823,30
P047,intermittent,27,A321,MRO_BLR,01-08-2018,0,0,24,24,0,811,15
P047,intermittent,27,A321,MRO_BLR,01-09-2018,0,0,24,24,0,721,45
P047,intermittent,27,A321,MRO_BLR,01-10-2018,2,2,24,22,0,716,30
P047,intermittent,27,A321,MRO_BLR,01-11-2018,0,0,22,22,0,710,30
P047,intermittent,27,A321,MRO_BLR,01-12-2018,0,0,22,22,0,822,45
P047,intermittent,27,A321,MRO_BLR,01-01-2019,0,0,22,22,0,716,15
P047,intermittent,27,A321,MRO_BLR,01-02-2019,0,0,22,22,0,710,60
P047,intermittent,27,A321,MRO_BLR,01-03-2019,0,0,22,22,0,705,15
P047,intermittent,27,A321,MRO_BLR,01-04-2019,0,0,22,22,0,714,45
P047,intermittent,27,A321,MRO_BLR,01-05-2019,0,0,22,22,0,715,30
P047,intermittent,27,A321,MRO_BLR,01-06-2019,0,0,22,22,0,804,30
P047,intermittent,27,A321,MRO_BLR,01-07-2019,0,0,22,22,0,819,15
P047,intermittent,27,A321,MRO_BLR,01-08-2019,0,0,22,22,0,813,30
P047,intermittent,27,A321,MRO_BLR,01-09-2019,0,0,22,22,0,716,30
P047,intermittent,27,A321,MRO_BLR,01-10-2019,1,1,22,21,0,701,15
P047,intermittent,27,A321,MRO_BLR,01-11-2019,0,0,21,21,0,704,45
P047,intermittent,27,A321,MRO_BLR,01-12-2019,0,0,21,21,0,801,45
P047,intermittent,27,A321,MRO_BLR,01-01-2020,0,0,21,21,0,714,45
P047,intermittent,27,A321,MRO_BLR,01-02-2020,0,0,21,21,0,700,15
P047,intermittent,27,A321,MRO_BLR,01-03-2020,0,0,21,21,0,701,45
P047,intermittent,27,A321,MRO_BLR,01-04-2020,2,2,21,19,0,710,60
P047,intermittent,27,A321,MRO_BLR,01-05-2020,0,0,19,19,0,710,45
P047,intermittent,27,A321,MRO_BLR,01-06-2020,0,0,19,19,0,823,30
P047,intermittent,27,A321,MRO_BLR,01-07-2020,0,0,19,19,0,823,15
P047,intermittent,27,A321,MRO_BLR,01-08-2020,0,0,19,19,0,827,30
P047,intermittent,27,A321,MRO_BLR,01-09-2020,0,0,19,19,0,722,30
P047,intermittent,27,A321,MRO_BLR,01-10-2020,0,0,19,19,0,718,60
P047,intermittent,27,A321,MRO_BLR,01-11-2020,0,0,19,19,0,713,30
P047,intermittent,27,A321,MRO_BLR,01-12-2020,0,0,19,19,0,819,45
P047,intermittent,27,A321,MRO_BLR,01-01-2021,0,0,19,19,0,713,30
P047,intermittent,27,A321,MRO_BLR,01-02-2021,3,3,19,16,0,694,15
P047,intermittent,27,A321,MRO_BLR,01-03-2021,0,0,16,16,0,707,30
P047,intermittent,27,A321,MRO_BLR,01-04-2021,0,0,16,16,0,696,45
P047,intermittent,27,A321,MRO_BLR,01-05-2021,0,0,16,16,0,703,60
P047,intermittent,27,A321,MRO_BLR,01-06-2021,3,3,16,13,0,803,60
P047,intermittent,27,A321,MRO_BLR,01-07-2021,2,2,13,11,0,818,15
P047,intermittent,27,A321,MRO_BLR,01-08-2021,0,0,11,11,0,820,45
P047,intermittent,27,A321,MRO_BLR,01-09-2021,0,0,11,11,0,717,30
P047,intermittent,27,A321,MRO_BLR,01-10-2021,0,0,11,11,0,702,15
P047,intermittent,27,A321,MRO_BLR,01-11-2021,2,2,11,9,0,704,60
P047,intermittent,27,A321,MRO_BLR,01-12-2021,0,0,9,9,0,824,15
P047,intermittent,27,A321,MRO_BLR,01-01-2022,2,2,9,7,0,703,45
P047,intermittent,27,A321,MRO_BLR,01-02-2022,0,0,7,7,0,701,60
P047,intermittent,27,A321,MRO_BLR,01-03-2022,0,0,7,7,0,711,60
P047,intermittent,27,A321,MRO_BLR,01-04-2022,0,0,7,7,0,710,30
P047,intermittent,27,A321,MRO_BLR,01-05-2022,3,3,7,4,0,713,15
P047,intermittent,27,A321,MRO_BLR,01-06-2022,0,0,23,23,0,816,60
P047,intermittent,27,A321,MRO_BLR,01-07-2022,0,0,23,23,0,809,45
P047,intermittent,27,A321,MRO_BLR,01-08-2022,0,0,23,23,0,824,60
P047,intermittent,27,A321,MRO_BLR,01-09-2022,0,0,23,23,0,713,45
P047,intermittent,27,A321,MRO_BLR,01-10-2022,0,0,23,23,0,706,60
P047,intermittent,27,A321,MRO_BLR,01-11-2022,0,0,23,23,0,713,45
P047,intermittent,27,A321,MRO_BLR,01-12-2022,2,2,23,21,0,812,15
P047,intermittent,27,A321,MRO_BLR,01-01-2023,0,0,21,21,0,698,15
P047,intermittent,27,A321,MRO_BLR,01-02-2023,0,0,21,21,0,705,45
P047,intermittent,27,A321,MRO_BLR,01-03-2023,0,0,21,21,0,718,60
P047,intermittent,27,A321,MRO_BLR,01-04-2023,3,3,21,18,0,712,30
P047,intermittent,27,A321,MRO_BLR,01-05-2023,0,0,18,18,0,707,15
P047,intermittent,27,A321,MRO_BLR,01-06-2023,0,0,18,18,0,803,45
P047,intermittent,27,A321,MRO_BLR,01-07-2023,0,0,18,18,0,800,45
P047,intermittent,27,A321,MRO_BLR,01-08-2023,0,0,18,18,0,808,15
P047,intermittent,27,A321,MRO_BLR,01-09-2023,2,2,18,16,0,700,45
P047,intermittent,27,A321,MRO_BLR,01-10-2023,0,0,16,16,0,704,30
P047,intermittent,27,A321,MRO_BLR,01-11-2023,0,0,16,16,0,705,15
P047,intermittent,27,A321,MRO_BLR,01-12-2023,0,0,16,16,0,798,15
P048,intermittent,24,A320,BASE_HYD,01-01-2018,0,0,16,16,0,523,45
P048,intermittent,24,A320,BASE_HYD,01-02-2018,0,0,16,16,0,519,15
P048,intermittent,24,A320,BASE_HYD,01-03-2018,0,0,16,16,0,528,15
P048,intermittent,24,A320,BASE_HYD,01-04-2018,0,0,16,16,0,515,30
P048,intermittent,24,A320,BASE_HYD,01-05-2018,5,5,16,11,0,521,45
P048,intermittent,24,A320,BASE_HYD,01-06-2018,0,0,11,11,0,608,30
P048,intermittent,24,A320,BASE_HYD,01-07-2018,3,3,11,8,0,607,60
P048,intermittent,24,A320,BASE_HYD,01-08-2018,0,0,8,8,0,602,30
P048,intermittent,24,A320,BASE_HYD,01-09-2018,0,0,8,8,0,530,45
P048,intermittent,24,A320,BASE_HYD,01-10-2018,2,2,8,6,0,526,30
P048,intermittent,24,A320,BASE_HYD,01-11-2018,2,2,6,4,0,525,30
P048,intermittent,24,A320,BASE_HYD,01-12-2018,1,1,25,24,0,607,60
P048,intermittent,24,A320,BASE_HYD,01-01-2019,3,3,24,21,0,526,15
P048,intermittent,24,A320,BASE_HYD,01-02-2019,2,2,21,19,0,530,60
P048,intermittent,24,A320,BASE_HYD,01-03-2019,0,0,19,19,0,522,60
P048,intermittent,24,A320,BASE_HYD,01-04-2019,0,0,19,19,0,522,45
P048,intermittent,24,A320,BASE_HYD,01-05-2019,0,0,19,19,0,524,45
P048,intermittent,24,A320,BASE_HYD,01-06-2019,0,0,19,19,0,602,60
P048,intermittent,24,A320,BASE_HYD,01-07-2019,0,0,19,19,0,613,30
P048,intermittent,24,A320,BASE_HYD,01-08-2019,0,0,19,19,0,605,60
P048,intermittent,24,A320,BASE_HYD,01-09-2019,3,3,19,16,0,520,30
P048,intermittent,24,A320,BASE_HYD,01-10-2019,1,1,16,15,0,516,30
P048,intermittent,24,A320,BASE_HYD,01-11-2019,0,0,15,15,0,532,60
P048,intermittent,24,A320,BASE_HYD,01-12-2019,3,3,15,12,0,600,30
P048,intermittent,24,A320,BASE_HYD,01-01-2020,0,0,12,12,0,524,15
P048,intermittent,24,A320,BASE_HYD,01-02-2020,0,0,12,12,0,522,15
P048,intermittent,24,A320,BASE_HYD,01-03-2020,0,0,12,12,0,526,30
P048,intermittent,24,A320,BASE_HYD,01-04-2020,0,0,12,12,0,519,15
P048,intermittent,24,A320,BASE_HYD,01-05-2020,0,0,12,12,0,522,60
P048,intermittent,24,A320,BASE_HYD,01-06-2020,0,0,12,12,0,597,15
P048,intermittent,24,A320,BASE_HYD,01-07-2020,0,0,12,12,0,617,60
P048,intermittent,24,A320,BASE_HYD,01-08-2020,0,0,12,12,0,596,15
P048,intermittent,24,A320,BASE_HYD,01-09-2020,0,0,12,12,0,525,45
P048,intermittent,24,A320,BASE_HYD,01-10-2020,0,0,12,12,0,537,15
P048,intermittent,24,A320,BASE_HYD,01-11-2020,0,0,12,12,0,528,60
P048,intermittent,24,A320,BASE_HYD,01-12-2020,0,0,12,12,0,600,15
P048,intermittent,24,A320,BASE_HYD,01-01-2021,0,0,12,12,0,521,30
P048,intermittent,24,A320,BASE_HYD,01-02-2021,1,1,12,11,0,516,45
P048,intermittent,24,A320,BASE_HYD,01-03-2021,0,0,11,11,0,529,45
P048,intermittent,24,A320,BASE_HYD,01-04-2021,0,0,11,11,0,519,30
P048,intermittent,24,A320,BASE_HYD,01-05-2021,3,3,11,8,0,520,15
P048,intermittent,24,A320,BASE_HYD,01-06-2021,0,0,8,8,0,593,60
P048,intermittent,24,A320,BASE_HYD,01-07-2021,0,0,8,8,0,596,60
P048,intermittent,24,A320,BASE_HYD,01-08-2021,0,0,8,8,0,599,45
P048,intermittent,24,A320,BASE_HYD,01-09-2021,0,0,8,8,0,526,30
P048,intermittent,24,A320,BASE_HYD,01-10-2021,0,0,8,8,0,522,60
P048,intermittent,24,A320,BASE_HYD,01-11-2021,0,0,8,8,0,526,15
P048,intermittent,24,A320,BASE_HYD,01-12-2021,0,0,8,8,0,585,15
P048,intermittent,24,A320,BASE_HYD,01-01-2022,0,0,8,8,0,526,60
P048,intermittent,24,A320,BASE_HYD,01-02-2022,0,0,8,8,0,512,30
P048,intermittent,24,A320,BASE_HYD,01-03-2022,0,0,8,8,0,523,60
P048,intermittent,24,A320,BASE_HYD,01-04-2022,0,0,8,8,0,503,60
P048,intermittent,24,A320,BASE_HYD,01-05-2022,0,0,8,8,0,519,15
P048,intermittent,24,A320,BASE_HYD,01-06-2022,0,0,8,8,0,602,45
P048,intermittent,24,A320,BASE_HYD,01-07-2022,0,0,8,8,0,591,30
P048,intermittent,24,A320,BASE_HYD,01-08-2022,0,0,8,8,0,597,30
P048,intermittent,24,A320,BASE_HYD,01-09-2022,0,0,8,8,0,524,30
P048,intermittent,24,A320,BASE_HYD,01-10-2022,0,0,8,8,0,523,60
P048,intermittent,24,A320,BASE_HYD,01-11-2022,0,0,8,8,0,511,15
P048,intermittent,24,A320,BASE_HYD,01-12-2022,0,0,8,8,0,602,45
P048,intermittent,24,A320,BASE_HYD,01-01-2023,0,0,8,8,0,526,45
P048,intermittent,24,A320,BASE_HYD,01-02-2023,0,0,8,8,0,523,60
P048,intermittent,24,A320,BASE_HYD,01-03-2023,0,0,8,8,0,511,45
P048,intermittent,24,A320,BASE_HYD,01-04-2023,0,0,8,8,0,512,45
P048,intermittent,24,A320,BASE_HYD,01-05-2023,0,0,8,8,0,518,15
P048,intermittent,24,A320,BASE_HYD,01-06-2023,0,0,8,8,0,598,45
P048,intermittent,24,A320,BASE_HYD,01-07-2023,0,0,8,8,0,600,60
P048,intermittent,24,A320,BASE_HYD,01-08-2023,0,0,8,8,0,590,30
P048,intermittent,24,A320,BASE_HYD,01-09-2023,0,0,8,8,0,517,30
P048,intermittent,24,A320,BASE_HYD,01-10-2023,2,2,8,6,0,513,15
P048,intermittent,24,A320,BASE_HYD,01-11-2023,0,0,6,6,0,512,30
P048,intermittent,24,A320,BASE_HYD,01-12-2023,1,1,6,5,0,597,15
P048,intermittent,24,A320,LINE_DEL,01-01-2018,0,0,15,15,0,523,15
P048,intermittent,24,A320,LINE_DEL,01-02-2018,3,3,15,12,0,519,15
P048,intermittent,24,A320,LINE_DEL,01-03-2018,0,0,12,12,0,528,60
P048,intermittent,24,A320,LINE_DEL,01-04-2018,3,3,12,9,0,515,60
P048,intermittent,24,A320,LINE_DEL,01-05-2018,0,0,9,9,0,521,30
P048,intermittent,24,A320,LINE_DEL,01-06-2018,0,0,9,9,0,608,15
P048,intermittent,24,A320,LINE_DEL,01-07-2018,0,0,9,9,0,607,45
P048,intermittent,24,A320,LINE_DEL,01-08-2018,0,0,9,9,0,602,45
P048,intermittent,24,A320,LINE_DEL,01-09-2018,0,0,9,9,0,530,45
P048,intermittent,24,A320,LINE_DEL,01-10-2018,0,0,9,9,0,526,30
P048,intermittent,24,A320,LINE_DEL,01-11-2018,0,0,9,9,0,525,30
P048,intermittent,24,A320,LINE_DEL,01-12-2018,0,0,9,9,0,607,15
P048,intermittent,24,A320,LINE_DEL,01-01-2019,0,0,9,9,0,526,30
P048,intermittent,24,A320,LINE_DEL,01-02-2019,0,0,9,9,0,530,15
P048,intermittent,24,A320,LINE_DEL,01-03-2019,0,0,9,9,0,522,30
P048,intermittent,24,A320,LINE_DEL,01-04-2019,0,0,9,9,0,522,15
P048,intermittent,24,A320,LINE_DEL,01-05-2019,0,0,9,9,0,524,30
P048,intermittent,24,A320,LINE_DEL,01-06-2019,0,0,9,9,0,602,15
P048,intermittent,24,A320,LINE_DEL,01-07-2019,1,1,9,8,0,613,15
P048,intermittent,24,A320,LINE_DEL,01-08-2019,0,0,8,8,0,605,15
P048,intermittent,24,A320,LINE_DEL,01-09-2019,0,0,8,8,0,520,45
P048,intermittent,24,A320,LINE_DEL,01-10-2019,0,0,8,8,0,516,30
P048,intermittent,24,A320,LINE_DEL,01-11-2019,0,0,8,8,0,532,45
P048,intermittent,24,A320,LINE_DEL,01-12-2019,0,0,8,8,0,600,45
P048,intermittent,24,A320,LINE_DEL,01-01-2020,0,0,8,8,0,524,15
P048,intermittent,24,A320,LINE_DEL,01-02-2020,0,0,8,8,0,522,15
P048,intermittent,24,A320,LINE_DEL,01-03-2020,0,0,8,8,0,526,15
P048,intermittent,24,A320,LINE_DEL,01-04-2020,0,0,8,8,0,519,60
P048,intermittent,24,A320,LINE_DEL,01-05-2020,1,1,8,7,0,522,60
P048,intermittent,24,A320,LINE_DEL,01-06-2020,0,0,7,7,0,597,45
P048,intermittent,24,A320,LINE_DEL,01-07-2020,0,0,7,7,0,617,15
P048,intermittent,24,A320,LINE_DEL,01-08-2020,0,0,7,7,0,596,45
P048,intermittent,24,A320,LINE_DEL,01-09-2020,0,0,7,7,0,525,45
P048,intermittent,24,A320,LINE_DEL,01-10-2020,0,0,7,7,0,537,60
P048,intermittent,24,A320,LINE_DEL,01-11-2020,0,0,7,7,0,528,30
P048,intermittent,24,A320,LINE_DEL,01-12-2020,0,0,7,7,0,600,15
P048,intermittent,24,A320,LINE_DEL,01-01-2021,0,0,7,7,0,521,45
P048,intermittent,24,A320,LINE_DEL,01-02-2021,3,3,7,4,0,516,30
P048,intermittent,24,A320,LINE_DEL,01-03-2021,1,1,27,26,0,529,60
P048,intermittent,24,A320,LINE_DEL,01-04-2021,0,0,26,26,0,519,60
P048,intermittent,24,A320,LINE_DEL,01-05-2021,0,0,26,26,0,520,45
P048,intermittent,24,A320,LINE_DEL,01-06-2021,0,0,26,26,0,593,30
P048,intermittent,24,A320,LINE_DEL,01-07-2021,0,0,26,26,0,596,45
P048,intermittent,24,A320,LINE_DEL,01-08-2021,0,0,26,26,0,599,15
P048,intermittent,24,A320,LINE_DEL,01-09-2021,0,0,26,26,0,526,45
P048,intermittent,24,A320,LINE_DEL,01-10-2021,4,4,26,22,0,522,45
P048,intermittent,24,A320,LINE_DEL,01-11-2021,2,2,22,20,0,526,60
P048,intermittent,24,A320,LINE_DEL,01-12-2021,0,0,20,20,0,585,30
P048,intermittent,24,A320,LINE_DEL,01-01-2022,1,1,20,19,0,526,60
P048,intermittent,24,A320,LINE_DEL,01-02-2022,0,0,19,19,0,512,30
P048,intermittent,24,A320,LINE_DEL,01-03-2022,0,0,19,19,0,523,45
P048,intermittent,24,A320,LINE_DEL,01-04-2022,0,0,19,19,0,503,60
P048,intermittent,24,A320,LINE_DEL,01-05-2022,1,1,19,18,0,519,30
P048,intermittent,24,A320,LINE_DEL,01-06-2022,0,0,18,18,0,602,30
P048,intermittent,24,A320,LINE_DEL,01-07-2022,0,0,18,18,0,591,30
P048,intermittent,24,A320,LINE_DEL,01-08-2022,3,3,18,15,0,597,45
P048,intermittent,24,A320,LINE_DEL,01-09-2022,0,0,15,15,0,524,15
P048,intermittent,24,A320,LINE_DEL,01-10-2022,0,0,15,15,0,523,15
P048,intermittent,24,A320,LINE_DEL,01-11-2022,0,0,15,15,0,511,45
P048,intermittent,24,A320,LINE_DEL,01-12-2022,0,0,15,15,0,602,60
P048,intermittent,24,A320,LINE_DEL,01-01-2023,0,0,15,15,0,526,15
P048,intermittent,24,A320,LINE_DEL,01-02-2023,0,0,15,15,0,523,30
P048,intermittent,24,A320,LINE_DEL,01-03-2023,0,0,15,15,0,511,60
P048,intermittent,24,A320,LINE_DEL,01-04-2023,0,0,15,15,0,512,30
P048,intermittent,24,A320,LINE_DEL,01-05-2023,0,0,15,15,0,518,60
P048,intermittent,24,A320,LINE_DEL,01-06-2023,0,0,15,15,0,598,30
P048,intermittent,24,A320,LINE_DEL,01-07-2023,0,0,15,15,0,600,45
P048,intermittent,24,A320,LINE_DEL,01-08-2023,0,0,15,15,0,590,15
P048,intermittent,24,A320,LINE_DEL,01-09-2023,0,0,15,15,0,517,60
P048,intermittent,24,A320,LINE_DEL,01-10-2023,0,0,15,15,0,513,45
P048,intermittent,24,A320,LINE_DEL,01-11-2023,0,0,15,15,0,512,30
P048,intermittent,24,A320,LINE_DEL,01-12-2023,0,0,15,15,0,597,15
P048,intermittent,24,A320,MRO_BLR,01-01-2018,0,0,18,18,0,523,15
P048,intermittent,24,A320,MRO_BLR,01-02-2018,0,0,18,18,0,519,15
P048,intermittent,24,A320,MRO_BLR,01-03-2018,0,0,18,18,0,528,30
P048,intermittent,24,A320,MRO_BLR,01-04-2018,0,0,18,18,0,515,60
P048,intermittent,24,A320,MRO_BLR,01-05-2018,0,0,18,18,0,521,45
P048,intermittent,24,A320,MRO_BLR,01-06-2018,0,0,18,18,0,608,30
P048,intermittent,24,A320,MRO_BLR,01-07-2018,0,0,18,18,0,607,45
P048,intermittent,24,A320,MRO_BLR,01-08-2018,0,0,18,18,0,602,15
P048,intermittent,24,A320,MRO_BLR,01-09-2018,0,0,18,18,0,530,15
P048,intermittent,24,A320,MRO_BLR,01-10-2018,0,0,18,18,0,526,30
P048,intermittent,24,A320,MRO_BLR,01-11-2018,0,0,18,18,0,525,15
P048,intermittent,24,A320,MRO_BLR,01-12-2018,0,0,18,18,0,607,60
P048,intermittent,24,A320,MRO_BLR,01-01-2019,0,0,18,18,0,526,30
P048,intermittent,24,A320,MRO_BLR,01-02-2019,0,0,18,18,0,530,45
P048,intermittent,24,A320,MRO_BLR,01-03-2019,0,0,18,18,0,522,60
P048,intermittent,24,A320,MRO_BLR,01-04-2019,0,0,18,18,0,522,45
P048,intermittent,24,A320,MRO_BLR,01-05-2019,0,0,18,18,0,524,15
P048,intermittent,24,A320,MRO_BLR,01-06-2019,0,0,18,18,0,602,30
P048,intermittent,24,A320,MRO_BLR,01-07-2019,0,0,18,18,0,613,60
P048,intermittent,24,A320,MRO_BLR,01-08-2019,0,0,18,18,0,605,30
P048,intermittent,24,A320,MRO_BLR,01-09-2019,0,0,18,18,0,520,60
P048,intermittent,24,A320,MRO_BLR,01-10-2019,0,0,18,18,0,516,45
P048,intermittent,24,A320,MRO_BLR,01-11-2019,0,0,18,18,0,532,45
P048,intermittent,24,A320,MRO_BLR,01-12-2019,0,0,18,18,0,600,45
P048,intermittent,24,A320,MRO_BLR,01-01-2020,0,0,18,18,0,524,60
P048,intermittent,24,A320,MRO_BLR,01-02-2020,1,1,18,17,0,522,45
P048,intermittent,24,A320,MRO_BLR,01-03-2020,2,2,17,15,0,526,30
P048,intermittent,24,A320,MRO_BLR,01-04-2020,0,0,15,15,0,519,30
P048,intermittent,24,A320,MRO_BLR,01-05-2020,4,4,15,11,0,522,45
P048,intermittent,24,A320,MRO_BLR,01-06-2020,0,0,11,11,0,597,15
P048,intermittent,24,A320,MRO_BLR,01-07-2020,0,0,11,11,0,617,45
P048,intermittent,24,A320,MRO_BLR,01-08-2020,0,0,11,11,0,596,30
P048,intermittent,24,A320,MRO_BLR,01-09-2020,2,2,11,9,0,525,15
P048,intermittent,24,A320,MRO_BLR,01-10-2020,0,0,9,9,0,537,30
P048,intermittent,24,A320,MRO_BLR,01-11-2020,0,0,9,9,0,528,60
P048,intermittent,24,A320,MRO_BLR,01-12-2020,0,0,9,9,0,600,60
P048,intermittent,24,A320,MRO_BLR,01-01-2021,0,0,9,9,0,521,60
P048,intermittent,24,A320,MRO_BLR,01-02-2021,0,0,9,9,0,516,60
P048,intermittent,24,A320,MRO_BLR,01-03-2021,0,0,9,9,0,529,45
P048,intermittent,24,A320,MRO_BLR,01-04-2021,0,0,9,9,0,519,45
P048,intermittent,24,A320,MRO_BLR,01-05-2021,0,0,9,9,0,520,15
P048,intermittent,24,A320,MRO_BLR,01-06-2021,0,0,9,9,0,593,60
P048,intermittent,24,A320,MRO_BLR,01-07-2021,0,0,9,9,0,596,15
P048,intermittent,24,A320,MRO_BLR,01-08-2021,0,0,9,9,0,599,60
P048,intermittent,24,A320,MRO_BLR,01-09-2021,0,0,9,9,0,526,15
P048,intermittent,24,A320,MRO_BLR,01-10-2021,0,0,9,9,0,522,60
P048,intermittent,24,A320,MRO_BLR,01-11-2021,1,1,9,8,0,526,15
P048,intermittent,24,A320,MRO_BLR,01-12-2021,0,0,8,8,0,585,45
P048,intermittent,24,A320,MRO_BLR,01-01-2022,0,0,8,8,0,526,60
P048,intermittent,24,A320,MRO_BLR,01-02-2022,0,0,8,8,0,512,45
P048,intermittent,24,A320,MRO_BLR,01-03-2022,0,0,8,8,0,523,15
P048,intermittent,24,A320,MRO_BLR,01-04-2022,0,0,8,8,0,503,60
P048,intermittent,24,A320,MRO_BLR,01-05-2022,0,0,8,8,0,519,60
P048,intermittent,24,A320,MRO_BLR,01-06-2022,0,0,8,8,0,602,45
P048,intermittent,24,A320,MRO_BLR,01-07-2022,0,0,8,8,0,591,60
P048,intermittent,24,A320,MRO_BLR,01-08-2022,0,0,8,8,0,597,30
P048,intermittent,24,A320,MRO_BLR,01-09-2022,0,0,8,8,0,524,45
P048,intermittent,24,A320,MRO_BLR,01-10-2022,0,0,8,8,0,523,60
P048,intermittent,24,A320,MRO_BLR,01-11-2022,0,0,8,8,0,511,45
P048,intermittent,24,A320,MRO_BLR,01-12-2022,0,0,8,8,0,602,30
P048,intermittent,24,A320,MRO_BLR,01-01-2023,0,0,8,8,0,526,15
P048,intermittent,24,A320,MRO_BLR,01-02-2023,1,1,8,7,0,523,45
P048,intermittent,24,A320,MRO_BLR,01-03-2023,2,2,7,5,0,511,45
P048,intermittent,24,A320,MRO_BLR,01-04-2023,0,0,5,5,0,512,60
P048,intermittent,24,A320,MRO_BLR,01-05-2023,1,1,5,4,0,518,30
P048,intermittent,24,A320,MRO_BLR,01-06-2023,0,0,26,26,0,598,15
P048,intermittent,24,A320,MRO_BLR,01-07-2023,0,0,26,26,0,600,60
P048,intermittent,24,A320,MRO_BLR,01-08-2023,0,0,26,26,0,590,60
P048,intermittent,24,A320,MRO_BLR,01-09-2023,0,0,26,26,0,517,30
P048,intermittent,24,A320,MRO_BLR,01-10-2023,0,0,26,26,0,513,30
P048,intermittent,24,A320,MRO_BLR,01-11-2023,0,0,26,26,0,512,60
P048,intermittent,24,A320,MRO_BLR,01-12-2023,0,0,26,26,0,597,45
P049,intermittent,49,B737,BASE_HYD,01-01-2018,0,0,25,25,0,402,15
P049,intermittent,49,B737,BASE_HYD,01-02-2018,0,0,25,25,0,401,45
P049,intermittent,49,B737,BASE_HYD,01-03-2018,0,0,25,25,0,398,15
P049,intermittent,49,B737,BASE_HYD,01-04-2018,3,3,25,22,0,398,60
P049,intermittent,49,B737,BASE_HYD,01-05-2018,0,0,22,22,0,397,30
P049,intermittent,49,B737,BASE_HYD,01-06-2018,0,0,22,22,0,468,45
P049,intermittent,49,B737,BASE_HYD,01-07-2018,0,0,22,22,0,459,45
P049,intermittent,49,B737,BASE_HYD,01-08-2018,0,0,22,22,0,471,60
P049,intermittent,49,B737,BASE_HYD,01-09-2018,3,3,22,19,0,397,30
P049,intermittent,49,B737,BASE_HYD,01-10-2018,0,0,19,19,0,400,60
P049,intermittent,49,B737,BASE_HYD,01-11-2018,0,0,19,19,0,396,15
P049,intermittent,49,B737,BASE_HYD,01-12-2018,0,0,19,19,0,464,15
P049,intermittent,49,B737,BASE_HYD,01-01-2019,0,0,19,19,0,399,15
P049,intermittent,49,B737,BASE_HYD,01-02-2019,0,0,19,19,0,400,15
P049,intermittent,49,B737,BASE_HYD,01-03-2019,2,2,19,17,0,399,60
P049,intermittent,49,B737,BASE_HYD,01-04-2019,0,0,17,17,0,402,15
P049,intermittent,49,B737,BASE_HYD,01-05-2019,0,0,17,17,0,402,45
P049,intermittent,49,B737,BASE_HYD,01-06-2019,0,0,17,17,0,464,45
P049,intermittent,49,B737,BASE_HYD,01-07-2019,0,0,17,17,0,455,30
P049,intermittent,49,B737,BASE_HYD,01-08-2019,0,0,17,17,0,461,15
P049,intermittent,49,B737,BASE_HYD,01-09-2019,3,3,17,14,0,398,15
P049,intermittent,49,B737,BASE_HYD,01-10-2019,0,0,14,14,0,405,30
P049,intermittent,49,B737,BASE_HYD,01-11-2019,2,2,14,12,0,401,45
P049,intermittent,49,B737,BASE_HYD,01-12-2019,3,3,12,9,0,461,45
P049,intermittent,49,B737,BASE_HYD,01-01-2020,0,0,9,9,0,397,45
P049,intermittent,49,B737,BASE_HYD,01-02-2020,0,0,9,9,0,395,30
P049,intermittent,49,B737,BASE_HYD,01-03-2020,2,2,9,7,0,399,15
P049,intermittent,49,B737,BASE_HYD,01-04-2020,0,0,7,7,0,403,60
P049,intermittent,49,B737,BASE_HYD,01-05-2020,0,0,7,7,0,396,30
P049,intermittent,49,B737,BASE_HYD,01-06-2020,0,0,7,7,0,464,45
P049,intermittent,49,B737,BASE_HYD,01-07-2020,0,0,7,7,0,461,60
P049,intermittent,49,B737,BASE_HYD,01-08-2020,0,0,7,7,0,449,60
P049,intermittent,49,B737,BASE_HYD,01-09-2020,3,3,7,4,0,395,60
P049,intermittent,49,B737,BASE_HYD,01-10-2020,0,0,4,4,0,408,30
P049,intermittent,49,B737,BASE_HYD,01-11-2020,0,0,28,28,0,398,45
P049,intermittent,49,B737,BASE_HYD,01-12-2020,0,0,28,28,0,454,30
P049,intermittent,49,B737,BASE_HYD,01-01-2021,0,0,28,28,0,394,30
P049,intermittent,49,B737,BASE_HYD,01-02-2021,0,0,28,28,0,397,60
P049,intermittent,49,B737,BASE_HYD,01-03-2021,0,0,28,28,0,401,60
P049,intermittent,49,B737,BASE_HYD,01-04-2021,0,0,28,28,0,396,45
P049,intermittent,49,B737,BASE_HYD,01-05-2021,0,0,28,28,0,394,15
P049,intermittent,49,B737,BASE_HYD,01-06-2021,0,0,28,28,0,447,30
P049,intermittent,49,B737,BASE_HYD,01-07-2021,0,0,28,28,0,453,15
P049,intermittent,49,B737,BASE_HYD,01-08-2021,0,0,28,28,0,454,60
P049,intermittent,49,B737,BASE_HYD,01-09-2021,0,0,28,28,0,399,60
P049,intermittent,49,B737,BASE_HYD,01-10-2021,0,0,28,28,0,399,45
P049,intermittent,49,B737,BASE_HYD,01-11-2021,0,0,28,28,0,403,15
P049,intermittent,49,B737,BASE_HYD,01-12-2021,0,0,28,28,0,452,45
P049,intermittent,49,B737,BASE_HYD,01-01-2022,0,0,28,28,0,397,60
P049,intermittent,49,B737,BASE_HYD,01-02-2022,0,0,28,28,0,397,45
P049,intermittent,49,B737,BASE_HYD,01-03-2022,0,0,28,28,0,392,15
P049,intermittent,49,B737,BASE_HYD,01-04-2022,0,0,28,28,0,400,15
P049,intermittent,49,B737,BASE_HYD,01-05-2022,0,0,28,28,0,403,45
P049,intermittent,49,B737,BASE_HYD,01-06-2022,0,0,28,28,0,456,45
P049,intermittent,49,B737,BASE_HYD,01-07-2022,0,0,28,28,0,453,30
P049,intermittent,49,B737,BASE_HYD,01-08-2022,0,0,28,28,0,462,30
P049,intermittent,49,B737,BASE_HYD,01-09-2022,2,2,28,26,0,398,60
P049,intermittent,49,B737,BASE_HYD,01-10-2022,0,0,26,26,0,391,15
P049,intermittent,49,B737,BASE_HYD,01-11-2022,0,0,26,26,0,395,45
P049,intermittent,49,B737,BASE_HYD,01-12-2022,0,0,26,26,0,454,15
P049,intermittent,49,B737,BASE_HYD,01-01-2023,0,0,26,26,0,392,60
P049,intermittent,49,B737,BASE_HYD,01-02-2023,0,0,26,26,0,392,60
P049,intermittent,49,B737,BASE_HYD,01-03-2023,0,0,26,26,0,392,15
P049,intermittent,49,B737,BASE_HYD,01-04-2023,0,0,26,26,0,398,60
P049,intermittent,49,B737,BASE_HYD,01-05-2023,0,0,26,26,0,394,45
P049,intermittent,49,B737,BASE_HYD,01-06-2023,0,0,26,26,0,455,15
P049,intermittent,49,B737,BASE_HYD,01-07-2023,0,0,26,26,0,459,30
P049,intermittent,49,B737,BASE_HYD,01-08-2023,0,0,26,26,0,453,45
P049,intermittent,49,B737,BASE_HYD,01-09-2023,0,0,26,26,0,390,15
P049,intermittent,49,B737,BASE_HYD,01-10-2023,0,0,26,26,0,399,45
P049,intermittent,49,B737,BASE_HYD,01-11-2023,4,4,26,22,0,393,30
P049,intermittent,49,B737,BASE_HYD,01-12-2023,0,0,22,22,0,462,30
P049,intermittent,49,B737,LINE_DEL,01-01-2018,0,0,19,19,0,402,30
P049,intermittent,49,B737,LINE_DEL,01-02-2018,4,4,19,15,0,401,15
P049,intermittent,49,B737,LINE_DEL,01-03-2018,0,0,15,15,0,398,45
P049,intermittent,49,B737,LINE_DEL,01-04-2018,0,0,15,15,0,398,15
P049,intermittent,49,B737,LINE_DEL,01-05-2018,0,0,15,15,0,397,45
P049,intermittent,49,B737,LINE_DEL,01-06-2018,2,2,15,13,0,468,30
P049,intermittent,49,B737,LINE_DEL,01-07-2018,0,0,13,13,0,459,45
P049,intermittent,49,B737,LINE_DEL,01-08-2018,0,0,13,13,0,471,60
P049,intermittent,49,B737,LINE_DEL,01-09-2018,0,0,13,13,0,397,60
P049,intermittent,49,B737,LINE_DEL,01-10-2018,0,0,13,13,0,400,15
P049,intermittent,49,B737,LINE_DEL,01-11-2018,0,0,13,13,0,396,45
P049,intermittent,49,B737,LINE_DEL,01-12-2018,0,0,13,13,0,464,45
P049,intermittent,49,B737,LINE_DEL,01-01-2019,0,0,13,13,0,399,45
P049,intermittent,49,B737,LINE_DEL,01-02-2019,0,0,13,13,0,400,15
P049,intermittent,49,B737,LINE_DEL,01-03-2019,0,0,13,13,0,399,15
P049,intermittent,49,B737,LINE_DEL,01-04-2019,0,0,13,13,0,402,15
P049,intermittent,49,B737,LINE_DEL,01-05-2019,0,0,13,13,0,402,15
P049,intermittent,49,B737,LINE_DEL,01-06-2019,0,0,13,13,0,464,15
P049,intermittent,49,B737,LINE_DEL,01-07-2019,0,0,13,13,0,455,45
P049,intermittent,49,B737,LINE_DEL,01-08-2019,0,0,13,13,0,461,30
P049,intermittent,49,B737,LINE_DEL,01-09-2019,0,0,13,13,0,398,60
P049,intermittent,49,B737,LINE_DEL,01-10-2019,0,0,13,13,0,405,60
P049,intermittent,49,B737,LINE_DEL,01-11-2019,0,0,13,13,0,401,45
P049,intermittent,49,B737,LINE_DEL,01-12-2019,0,0,13,13,0,461,30
P049,intermittent,49,B737,LINE_DEL,01-01-2020,0,0,13,13,0,397,60
P049,intermittent,49,B737,LINE_DEL,01-02-2020,0,0,13,13,0,395,45
P049,intermittent,49,B737,LINE_DEL,01-03-2020,0,0,13,13,0,399,60
P049,intermittent,49,B737,LINE_DEL,01-04-2020,0,0,13,13,0,403,30
P049,intermittent,49,B737,LINE_DEL,01-05-2020,0,0,13,13,0,396,60
P049,intermittent,49,B737,LINE_DEL,01-06-2020,0,0,13,13,0,464,30
P049,intermittent,49,B737,LINE_DEL,01-07-2020,0,0,13,13,0,461,45
P049,intermittent,49,B737,LINE_DEL,01-08-2020,1,1,13,12,0,449,60
P049,intermittent,49,B737,LINE_DEL,01-09-2020,0,0,12,12,0,395,60
P049,intermittent,49,B737,LINE_DEL,01-10-2020,0,0,12,12,0,408,30
P049,intermittent,49,B737,LINE_DEL,01-11-2020,0,0,12,12,0,398,45
P049,intermittent,49,B737,LINE_DEL,01-12-2020,2,2,12,10,0,454,45
P049,intermittent,49,B737,LINE_DEL,01-01-2021,0,0,10,10,0,394,30
P049,intermittent,49,B737,LINE_DEL,01-02-2021,0,0,10,10,0,397,45
P049,intermittent,49,B737,LINE_DEL,01-03-2021,0,0,10,10,0,401,15
P049,intermittent,49,B737,LINE_DEL,01-04-2021,0,0,10,10,0,396,15
P049,intermittent,49,B737,LINE_DEL,01-05-2021,0,0,10,10,0,394,60
P049,intermittent,49,B737,LINE_DEL,01-06-2021,0,0,10,10,0,447,15
P049,intermittent,49,B737,LINE_DEL,01-07-2021,0,0,10,10,0,453,30
P049,intermittent,49,B737,LINE_DEL,01-08-2021,1,1,10,9,0,454,60
P049,intermittent,49,B737,LINE_DEL,01-09-2021,3,3,9,6,0,399,15
P049,intermittent,49,B737,LINE_DEL,01-10-2021,0,0,6,6,0,399,60
P049,intermittent,49,B737,LINE_DEL,01-11-2021,0,0,6,6,0,403,45
P049,intermittent,49,B737,LINE_DEL,01-12-2021,1,1,6,5,0,452,30
P049,intermittent,49,B737,LINE_DEL,01-01-2022,0,0,5,5,0,397,30
P049,intermittent,49,B737,LINE_DEL,01-02-2022,0,0,5,5,0,397,15
P049,intermittent,49,B737,LINE_DEL,01-03-2022,0,0,5,5,0,392,45
P049,intermittent,49,B737,LINE_DEL,01-04-2022,0,0,5,5,0,400,60
P049,intermittent,49,B737,LINE_DEL,01-05-2022,0,0,5,5,0,403,60
P049,intermittent,49,B737,LINE_DEL,01-06-2022,0,0,5,5,0,456,30
P049,intermittent,49,B737,LINE_DEL,01-07-2022,0,0,5,5,0,453,45
P049,intermittent,49,B737,LINE_DEL,01-08-2022,0,0,5,5,0,462,15
P049,intermittent,49,B737,LINE_DEL,01-09-2022,0,0,5,5,0,398,15
P049,intermittent,49,B737,LINE_DEL,01-10-2022,0,0,5,5,0,391,15
P049,intermittent,49,B737,LINE_DEL,01-11-2022,4,4,5,1,0,395,15
P049,intermittent,49,B737,LINE_DEL,01-12-2022,0,0,18,18,0,454,45
P049,intermittent,49,B737,LINE_DEL,01-01-2023,0,0,18,18,0,392,15
P049,intermittent,49,B737,LINE_DEL,01-02-2023,0,0,18,18,0,392,15
P049,intermittent,49,B737,LINE_DEL,01-03-2023,0,0,18,18,0,392,30
P049,intermittent,49,B737,LINE_DEL,01-04-2023,0,0,18,18,0,398,15
P049,intermittent,49,B737,LINE_DEL,01-05-2023,3,3,18,15,0,394,45
P049,intermittent,49,B737,LINE_DEL,01-06-2023,0,0,15,15,0,455,30
P049,intermittent,49,B737,LINE_DEL,01-07-2023,0,0,15,15,0,459,60
P049,intermittent,49,B737,LINE_DEL,01-08-2023,0,0,15,15,0,453,15
P049,intermittent,49,B737,LINE_DEL,01-09-2023,0,0,15,15,0,390,30
P049,intermittent,49,B737,LINE_DEL,01-10-2023,0,0,15,15,0,399,60
P049,intermittent,49,B737,LINE_DEL,01-11-2023,0,0,15,15,0,393,30
P049,intermittent,49,B737,LINE_DEL,01-12-2023,0,0,15,15,0,462,30
P049,intermittent,49,B737,MRO_BLR,01-01-2018,0,0,15,15,0,402,45
P049,intermittent,49,B737,MRO_BLR,01-02-2018,0,0,15,15,0,401,15
P049,intermittent,49,B737,MRO_BLR,01-03-2018,0,0,15,15,0,398,45
P049,intermittent,49,B737,MRO_BLR,01-04-2018,0,0,15,15,0,398,60
P049,intermittent,49,B737,MRO_BLR,01-05-2018,0,0,15,15,0,397,15
P049,intermittent,49,B737,MRO_BLR,01-06-2018,1,1,15,14,0,468,45
P049,intermittent,49,B737,MRO_BLR,01-07-2018,0,0,14,14,0,459,60
P049,intermittent,49,B737,MRO_BLR,01-08-2018,0,0,14,14,0,471,15
P049,intermittent,49,B737,MRO_BLR,01-09-2018,0,0,14,14,0,397,15
P049,intermittent,49,B737,MRO_BLR,01-10-2018,0,0,14,14,0,400,15
P049,intermittent,49,B737,MRO_BLR,01-11-2018,0,0,14,14,0,396,60
P049,intermittent,49,B737,MRO_BLR,01-12-2018,0,0,14,14,0,464,45
P049,intermittent,49,B737,MRO_BLR,01-01-2019,0,0,14,14,0,399,45
P049,intermittent,49,B737,MRO_BLR,01-02-2019,1,1,14,13,0,400,15
P049,intermittent,49,B737,MRO_BLR,01-03-2019,0,0,13,13,0,399,45
P049,intermittent,49,B737,MRO_BLR,01-04-2019,0,0,13,13,0,402,45
P049,intermittent,49,B737,MRO_BLR,01-05-2019,1,1,13,12,0,402,45
P049,intermittent,49,B737,MRO_BLR,01-06-2019,0,0,12,12,0,464,30
P049,intermittent,49,B737,MRO_BLR,01-07-2019,0,0,12,12,0,455,15
P049,intermittent,49,B737,MRO_BLR,01-08-2019,0,0,12,12,0,461,45
P049,intermittent,49,B737,MRO_BLR,01-09-2019,0,0,12,12,0,398,30
P049,intermittent,49,B737,MRO_BLR,01-10-2019,0,0,12,12,0,405,30
P049,intermittent,49,B737,MRO_BLR,01-11-2019,0,0,12,12,0,401,60
P049,intermittent,49,B737,MRO_BLR,01-12-2019,2,2,12,10,0,461,15
P049,intermittent,49,B737,MRO_BLR,01-01-2020,0,0,10,10,0,397,60
P049,intermittent,49,B737,MRO_BLR,01-02-2020,0,0,10,10,0,395,30
P049,intermittent,49,B737,MRO_BLR,01-03-2020,3,3,10,7,0,399,15
P049,intermittent,49,B737,MRO_BLR,01-04-2020,0,0,7,7,0,403,60
P049,intermittent,49,B737,MRO_BLR,01-05-2020,0,0,7,7,0,396,60
P049,intermittent,49,B737,MRO_BLR,01-06-2020,0,0,7,7,0,464,60
P049,intermittent,49,B737,MRO_BLR,01-07-2020,0,0,7,7,0,461,30
P049,intermittent,49,B737,MRO_BLR,01-08-2020,0,0,7,7,0,449,60
P049,intermittent,49,B737,MRO_BLR,01-09-2020,0,0,7,7,0,395,45
P049,intermittent,49,B737,MRO_BLR,01-10-2020,0,0,7,7,0,408,30
P049,intermittent,49,B737,MRO_BLR,01-11-2020,2,2,7,5,0,398,60
P049,intermittent,49,B737,MRO_BLR,01-12-2020,0,0,5,5,0,454,45
P049,intermittent,49,B737,MRO_BLR,01-01-2021,0,0,5,5,0,394,15
P049,intermittent,49,B737,MRO_BLR,01-02-2021,0,0,5,5,0,397,45
P049,intermittent,49,B737,MRO_BLR,01-03-2021,0,0,5,5,0,401,15
P049,intermittent,49,B737,MRO_BLR,01-04-2021,1,1,5,4,0,396,30
P049,intermittent,49,B737,MRO_BLR,01-05-2021,0,0,23,23,0,394,45
P049,intermittent,49,B737,MRO_BLR,01-06-2021,0,0,23,23,0,447,45
P049,intermittent,49,B737,MRO_BLR,01-07-2021,0,0,23,23,0,453,60
P049,intermittent,49,B737,MRO_BLR,01-08-2021,0,0,23,23,0,454,45
P049,intermittent,49,B737,MRO_BLR,01-09-2021,0,0,23,23,0,399,45
P049,intermittent,49,B737,MRO_BLR,01-10-2021,0,0,23,23,0,399,45
P049,intermittent,49,B737,MRO_BLR,01-11-2021,0,0,23,23,0,403,45
P049,intermittent,49,B737,MRO_BLR,01-12-2021,0,0,23,23,0,452,60
P049,intermittent,49,B737,MRO_BLR,01-01-2022,0,0,23,23,0,397,30
P049,intermittent,49,B737,MRO_BLR,01-02-2022,2,2,23,21,0,397,15
P049,intermittent,49,B737,MRO_BLR,01-03-2022,0,0,21,21,0,392,45
P049,intermittent,49,B737,MRO_BLR,01-04-2022,0,0,21,21,0,400,60
P049,intermittent,49,B737,MRO_BLR,01-05-2022,0,0,21,21,0,403,15
P049,intermittent,49,B737,MRO_BLR,01-06-2022,0,0,21,21,0,456,15
P049,intermittent,49,B737,MRO_BLR,01-07-2022,0,0,21,21,0,453,30
P049,intermittent,49,B737,MRO_BLR,01-08-2022,1,1,21,20,0,462,60
P049,intermittent,49,B737,MRO_BLR,01-09-2022,0,0,20,20,0,398,30
P049,intermittent,49,B737,MRO_BLR,01-10-2022,0,0,20,20,0,391,60
P049,intermittent,49,B737,MRO_BLR,01-11-2022,0,0,20,20,0,395,30
P049,intermittent,49,B737,MRO_BLR,01-12-2022,0,0,20,20,0,454,60
P049,intermittent,49,B737,MRO_BLR,01-01-2023,0,0,20,20,0,392,30
P049,intermittent,49,B737,MRO_BLR,01-02-2023,0,0,20,20,0,392,60
P049,intermittent,49,B737,MRO_BLR,01-03-2023,0,0,20,20,0,392,30
P049,intermittent,49,B737,MRO_BLR,01-04-2023,0,0,20,20,0,398,15
P049,intermittent,49,B737,MRO_BLR,01-05-2023,1,1,20,19,0,394,60
P049,intermittent,49,B737,MRO_BLR,01-06-2023,0,0,19,19,0,455,45
P049,intermittent,49,B737,MRO_BLR,01-07-2023,0,0,19,19,0,459,15
P049,intermittent,49,B737,MRO_BLR,01-08-2023,0,0,19,19,0,453,30
P049,intermittent,49,B737,MRO_BLR,01-09-2023,0,0,19,19,0,390,60
P049,intermittent,49,B737,MRO_BLR,01-10-2023,1,1,19,18,0,399,30
P049,intermittent,49,B737,MRO_BLR,01-11-2023,1,1,18,17,0,393,60
P049,intermittent,49,B737,MRO_BLR,01-12-2023,0,0,17,17,0,462,45
P050,intermittent,32,A320,BASE_HYD,01-01-2018,0,0,16,16,0,398,45
P050,intermittent,32,A320,BASE_HYD,01-02-2018,0,0,16,16,0,406,15
P050,intermittent,32,A320,BASE_HYD,01-03-2018,0,0,16,16,0,420,45
P050,intermittent,32,A320,BASE_HYD,01-04-2018,0,0,16,16,0,399,60
P050,intermittent,32,A320,BASE_HYD,01-05-2018,0,0,16,16,0,404,45
P050,intermittent,32,A320,BASE_HYD,01-06-2018,0,0,16,16,0,459,15
P050,intermittent,32,A320,BASE_HYD,01-07-2018,0,0,16,16,0,463,60
P050,intermittent,32,A320,BASE_HYD,01-08-2018,1,1,16,15,0,462,15
P050,intermittent,32,A320,BASE_HYD,01-09-2018,0,0,15,15,0,404,60
P050,intermittent,32,A320,BASE_HYD,01-10-2018,0,0,15,15,0,416,45
P050,intermittent,32,A320,BASE_HYD,01-11-2018,0,0,15,15,0,413,15
P050,intermittent,32,A320,BASE_HYD,01-12-2018,0,0,15,15,0,469,15
P050,intermittent,32,A320,BASE_HYD,01-01-2019,0,0,15,15,0,415,15
P050,intermittent,32,A320,BASE_HYD,01-02-2019,2,2,15,13,0,406,45
P050,intermittent,32,A320,BASE_HYD,01-03-2019,0,0,13,13,0,404,15
P050,intermittent,32,A320,BASE_HYD,01-04-2019,0,0,13,13,0,406,30
P050,intermittent,32,A320,BASE_HYD,01-05-2019,0,0,13,13,0,401,60
P050,intermittent,32,A320,BASE_HYD,01-06-2019,0,0,13,13,0,460,60
P050,intermittent,32,A320,BASE_HYD,01-07-2019,0,0,13,13,0,472,15
P050,intermittent,32,A320,BASE_HYD,01-08-2019,0,0,13,13,0,470,45
P050,intermittent,32,A320,BASE_HYD,01-09-2019,4,4,13,9,0,403,45
P050,intermittent,32,A320,BASE_HYD,01-10-2019,0,0,9,9,0,410,30
P050,intermittent,32,A320,BASE_HYD,01-11-2019,0,0,9,9,0,410,15
P050,intermittent,32,A320,BASE_HYD,01-12-2019,0,0,9,9,0,466,30
P050,intermittent,32,A320,BASE_HYD,01-01-2020,2,2,9,7,0,403,45
P050,intermittent,32,A320,BASE_HYD,01-02-2020,0,0,7,7,0,410,45
P050,intermittent,32,A320,BASE_HYD,01-03-2020,0,0,7,7,0,408,30
P050,intermittent,32,A320,BASE_HYD,01-04-2020,0,0,7,7,0,414,60
P050,intermittent,32,A320,BASE_HYD,01-05-2020,0,0,7,7,0,408,15
P050,intermittent,32,A320,BASE_HYD,01-06-2020,0,0,7,7,0,459,45
P050,intermittent,32,A320,BASE_HYD,01-07-2020,0,0,7,7,0,460,45
P050,intermittent,32,A320,BASE_HYD,01-08-2020,0,0,7,7,0,467,15
P050,intermittent,32,A320,BASE_HYD,01-09-2020,1,1,7,6,0,410,30
P050,intermittent,32,A320,BASE_HYD,01-10-2020,0,0,6,6,0,408,15
P050,intermittent,32,A320,BASE_HYD,01-11-2020,0,0,6,6,0,404,30
P050,intermittent,32,A320,BASE_HYD,01-12-2020,4,4,6,2,0,460,45
P050,intermittent,32,A320,BASE_HYD,01-01-2021,0,0,2,2,0,411,15
P050,intermittent,32,A320,BASE_HYD,01-02-2021,0,0,27,27,0,411,30
P050,intermittent,32,A320,BASE_HYD,01-03-2021,0,0,27,27,0,400,30
P050,intermittent,32,A320,BASE_HYD,01-04-2021,1,1,27,26,0,408,60
P050,intermittent,32,A320,BASE_HYD,01-05-2021,0,0,26,26,0,406,60
P050,intermittent,32,A320,BASE_HYD,01-06-2021,0,0,26,26,0,469,60
P050,intermittent,32,A320,BASE_HYD,01-07-2021,0,0,26,26,0,473,60
P050,intermittent,32,A320,BASE_HYD,01-08-2021,0,0,26,26,0,473,15
P050,intermittent,32,A320,BASE_HYD,01-09-2021,1,1,26,25,0,407,15
P050,intermittent,32,A320,BASE_HYD,01-10-2021,0,0,25,25,0,404,30
P050,intermittent,32,A320,BASE_HYD,01-11-2021,0,0,25,25,0,404,45
P050,intermittent,32,A320,BASE_HYD,01-12-2021,0,0,25,25,0,465,30
P050,intermittent,32,A320,BASE_HYD,01-01-2022,0,0,25,25,0,415,60
P050,intermittent,32,A320,BASE_HYD,01-02-2022,5,5,25,20,0,404,45
P050,intermittent,32,A320,BASE_HYD,01-03-2022,0,0,20,20,0,407,45
P050,intermittent,32,A320,BASE_HYD,01-04-2022,0,0,20,20,0,406,30
P050,intermittent,32,A320,BASE_HYD,01-05-2022,0,0,20,20,0,400,45
P050,intermittent,32,A320,BASE_HYD,01-06-2022,3,3,20,17,0,467,30
P050,intermittent,32,A320,BASE_HYD,01-07-2022,3,3,17,14,0,462,45
P050,intermittent,32,A320,BASE_HYD,01-08-2022,0,0,14,14,0,460,45
P050,intermittent,32,A320,BASE_HYD,01-09-2022,0,0,14,14,0,406,30
P050,intermittent,32,A320,BASE_HYD,01-10-2022,0,0,14,14,0,399,60
P050,intermittent,32,A320,BASE_HYD,01-11-2022,0,0,14,14,0,408,30
P050,intermittent,32,A320,BASE_HYD,01-12-2022,0,0,14,14,0,467,45
P050,intermittent,32,A320,BASE_HYD,01-01-2023,0,0,14,14,0,408,15
P050,intermittent,32,A320,BASE_HYD,01-02-2023,0,0,14,14,0,405,30
P050,intermittent,32,A320,BASE_HYD,01-03-2023,0,0,14,14,0,399,60
P050,intermittent,32,A320,BASE_HYD,01-04-2023,0,0,14,14,0,407,45
P050,intermittent,32,A320,BASE_HYD,01-05-2023,0,0,14,14,0,408,30
P050,intermittent,32,A320,BASE_HYD,01-06-2023,0,0,14,14,0,467,45
P050,intermittent,32,A320,BASE_HYD,01-07-2023,0,0,14,14,0,467,45
P050,intermittent,32,A320,BASE_HYD,01-08-2023,0,0,14,14,0,456,60
P050,intermittent,32,A320,BASE_HYD,01-09-2023,3,3,14,11,0,406,30
P050,intermittent,32,A320,BASE_HYD,01-10-2023,0,0,11,11,0,398,45
P050,intermittent,32,A320,BASE_HYD,01-11-2023,0,0,11,11,0,400,60
P050,intermittent,32,A320,BASE_HYD,01-12-2023,0,0,11,11,0,459,45
P050,intermittent,32,A320,LINE_DEL,01-01-2018,0,0,19,19,0,398,60
P050,intermittent,32,A320,LINE_DEL,01-02-2018,0,0,19,19,0,406,30
P050,intermittent,32,A320,LINE_DEL,01-03-2018,0,0,19,19,0,420,60
P050,intermittent,32,A320,LINE_DEL,01-04-2018,1,1,19,18,0,399,30
P050,intermittent,32,A320,LINE_DEL,01-05-2018,0,0,18,18,0,404,30
P050,intermittent,32,A320,LINE_DEL,01-06-2018,0,0,18,18,0,459,15
P050,intermittent,32,A320,LINE_DEL,01-07-2018,0,0,18,18,0,463,15
P050,intermittent,32,A320,LINE_DEL,01-08-2018,0,0,18,18,0,462,30
P050,intermittent,32,A320,LINE_DEL,01-09-2018,0,0,18,18,0,404,30
P050,intermittent,32,A320,LINE_DEL,01-10-2018,0,0,18,18,0,416,30
P050,intermittent,32,A320,LINE_DEL,01-11-2018,0,0,18,18,0,413,30
P050,intermittent,32,A320,LINE_DEL,01-12-2018,0,0,18,18,0,469,15
P050,intermittent,32,A320,LINE_DEL,01-01-2019,1,1,18,17,0,415,30
P050,intermittent,32,A320,LINE_DEL,01-02-2019,2,2,17,15,0,406,15
P050,intermittent,32,A320,LINE_DEL,01-03-2019,0,0,15,15,0,404,45
P050,intermittent,32,A320,LINE_DEL,01-04-2019,0,0,15,15,0,406,15
P050,intermittent,32,A320,LINE_DEL,01-05-2019,3,3,15,12,0,401,30
P050,intermittent,32,A320,LINE_DEL,01-06-2019,0,0,12,12,0,460,30
P050,intermittent,32,A320,LINE_DEL,01-07-2019,0,0,12,12,0,472,30
P050,intermittent,32,A320,LINE_DEL,01-08-2019,0,0,12,12,0,470,15
P050,intermittent,32,A320,LINE_DEL,01-09-2019,0,0,12,12,0,403,15
P050,intermittent,32,A320,LINE_DEL,01-10-2019,0,0,12,12,0,410,60
P050,intermittent,32,A320,LINE_DEL,01-11-2019,0,0,12,12,0,410,60
P050,intermittent,32,A320,LINE_DEL,01-12-2019,1,1,12,11,0,466,15
P050,intermittent,32,A320,LINE_DEL,01-01-2020,1,1,11,10,0,403,45
P050,intermittent,32,A320,LINE_DEL,01-02-2020,0,0,10,10,0,410,30
P050,intermittent,32,A320,LINE_DEL,01-03-2020,0,0,10,10,0,408,60
P050,intermittent,32,A320,LINE_DEL,01-04-2020,0,0,10,10,0,414,30
P050,intermittent,32,A320,LINE_DEL,01-05-2020,0,0,10,10,0,408,15
P050,intermittent,32,A320,LINE_DEL,01-06-2020,0,0,10,10,0,459,60
P050,intermittent,32,A320,LINE_DEL,01-07-2020,0,0,10,10,0,460,60
P050,intermittent,32,A320,LINE_DEL,01-08-2020,0,0,10,10,0,467,15
P050,intermittent,32,A320,LINE_DEL,01-09-2020,0,0,10,10,0,410,60
P050,intermittent,32,A320,LINE_DEL,01-10-2020,0,0,10,10,0,408,30
P050,intermittent,32,A320,LINE_DEL,01-11-2020,0,0,10,10,0,404,60
P050,intermittent,32,A320,LINE_DEL,01-12-2020,0,0,10,10,0,460,45
P050,intermittent,32,A320,LINE_DEL,01-01-2021,7,7,10,3,0,411,15
P050,intermittent,32,A320,LINE_DEL,01-02-2021,0,0,28,28,0,411,30
P050,intermittent,32,A320,LINE_DEL,01-03-2021,0,0,28,28,0,400,15
P050,intermittent,32,A320,LINE_DEL,01-04-2021,0,0,28,28,0,408,60
P050,intermittent,32,A320,LINE_DEL,01-05-2021,0,0,28,28,0,406,30
P050,intermittent,32,A320,LINE_DEL,01-06-2021,0,0,28,28,0,469,45
P050,intermittent,32,A320,LINE_DEL,01-07-2021,0,0,28,28,0,473,30
P050,intermittent,32,A320,LINE_DEL,01-08-2021,0,0,28,28,0,473,60
P050,intermittent,32,A320,LINE_DEL,01-09-2021,0,0,28,28,0,407,30
P050,intermittent,32,A320,LINE_DEL,01-10-2021,0,0,28,28,0,404,30
P050,intermittent,32,A320,LINE_DEL,01-11-2021,0,0,28,28,0,404,60
P050,intermittent,32,A320,LINE_DEL,01-12-2021,0,0,28,28,0,465,30
P050,intermittent,32,A320,LINE_DEL,01-01-2022,2,2,28,26,0,415,15
P050,intermittent,32,A320,LINE_DEL,01-02-2022,0,0,26,26,0,404,30
P050,intermittent,32,A320,LINE_DEL,01-03-2022,0,0,26,26,0,407,30
P050,intermittent,32,A320,LINE_DEL,01-04-2022,0,0,26,26,0,406,60
P050,intermittent,32,A320,LINE_DEL,01-05-2022,0,0,26,26,0,400,15
P050,intermittent,32,A320,LINE_DEL,01-06-2022,3,3,26,23,0,467,15
P050,intermittent,32,A320,LINE_DEL,01-07-2022,0,0,23,23,0,462,45
P050,intermittent,32,A320,LINE_DEL,01-08-2022,0,0,23,23,0,460,30
P050,intermittent,32,A320,LINE_DEL,01-09-2022,1,1,23,22,0,406,15
P050,intermittent,32,A320,LINE_DEL,01-10-2022,2,2,22,20,0,399,60
P050,intermittent,32,A320,LINE_DEL,01-11-2022,0,0,20,20,0,408,15
P050,intermittent,32,A320,LINE_DEL,01-12-2022,0,0,20,20,0,467,60
P050,intermittent,32,A320,LINE_DEL,01-01-2023,0,0,20,20,0,408,45
P050,intermittent,32,A320,LINE_DEL,01-02-2023,0,0,20,20,0,405,60
P050,intermittent,32,A320,LINE_DEL,01-03-2023,0,0,20,20,0,399,60
P050,intermittent,32,A320,LINE_DEL,01-04-2023,0,0,20,20,0,407,15
P050,intermittent,32,A320,LINE_DEL,01-05-2023,0,0,20,20,0,408,45
P050,intermittent,32,A320,LINE_DEL,01-06-2023,0,0,20,20,0,467,45
P050,intermittent,32,A320,LINE_DEL,01-07-2023,0,0,20,20,0,467,30
P050,intermittent,32,A320,LINE_DEL,01-08-2023,0,0,20,20,0,456,30
P050,intermittent,32,A320,LINE_DEL,01-09-2023,0,0,20,20,0,406,45
P050,intermittent,32,A320,LINE_DEL,01-10-2023,0,0,20,20,0,398,60
P050,intermittent,32,A320,LINE_DEL,01-11-2023,0,0,20,20,0,400,60
P050,intermittent,32,A320,LINE_DEL,01-12-2023,0,0,20,20,0,459,45
P050,intermittent,32,A320,MRO_BLR,01-01-2018,0,0,26,26,0,398,15
P050,intermittent,32,A320,MRO_BLR,01-02-2018,1,1,26,25,0,406,60
P050,intermittent,32,A320,MRO_BLR,01-03-2018,0,0,25,25,0,420,45
P050,intermittent,32,A320,MRO_BLR,01-04-2018,0,0,25,25,0,399,30
P050,intermittent,32,A320,MRO_BLR,01-05-2018,0,0,25,25,0,404,30
P050,intermittent,32,A320,MRO_BLR,01-06-2018,0,0,25,25,0,459,45
P050,intermittent,32,A320,MRO_BLR,01-07-2018,0,0,25,25,0,463,60
P050,intermittent,32,A320,MRO_BLR,01-08-2018,3,3,25,22,0,462,30
P050,intermittent,32,A320,MRO_BLR,01-09-2018,0,0,22,22,0,404,45
P050,intermittent,32,A320,MRO_BLR,01-10-2018,1,1,22,21,0,416,45
P050,intermittent,32,A320,MRO_BLR,01-11-2018,3,3,21,18,0,413,15
P050,intermittent,32,A320,MRO_BLR,01-12-2018,0,0,18,18,0,469,60
P050,intermittent,32,A320,MRO_BLR,01-01-2019,0,0,18,18,0,415,15
P050,intermittent,32,A320,MRO_BLR,01-02-2019,0,0,18,18,0,406,15
P050,intermittent,32,A320,MRO_BLR,01-03-2019,0,0,18,18,0,404,15
P050,intermittent,32,A320,MRO_BLR,01-04-2019,0,0,18,18,0,406,30
P050,intermittent,32,A320,MRO_BLR,01-05-2019,0,0,18,18,0,401,15
P050,intermittent,32,A320,MRO_BLR,01-06-2019,0,0,18,18,0,460,30
P050,intermittent,32,A320,MRO_BLR,01-07-2019,0,0,18,18,0,472,60
P050,intermittent,32,A320,MRO_BLR,01-08-2019,0,0,18,18,0,470,15
P050,intermittent,32,A320,MRO_BLR,01-09-2019,0,0,18,18,0,403,60
P050,intermittent,32,A320,MRO_BLR,01-10-2019,3,3,18,15,0,410,30
P050,intermittent,32,A320,MRO_BLR,01-11-2019,0,0,15,15,0,410,30
P050,intermittent,32,A320,MRO_BLR,01-12-2019,0,0,15,15,0,466,15
P050,intermittent,32,A320,MRO_BLR,01-01-2020,0,0,15,15,0,403,15
P050,intermittent,32,A320,MRO_BLR,01-02-2020,1,1,15,14,0,410,60
P050,intermittent,32,A320,MRO_BLR,01-03-2020,1,1,14,13,0,408,30
P050,intermittent,32,A320,MRO_BLR,01-04-2020,0,0,13,13,0,414,60
P050,intermittent,32,A320,MRO_BLR,01-05-2020,0,0,13,13,0,408,45
P050,intermittent,32,A320,MRO_BLR,01-06-2020,0,0,13,13,0,459,15
P050,intermittent,32,A320,MRO_BLR,01-07-2020,0,0,13,13,0,460,30
P050,intermittent,32,A320,MRO_BLR,01-08-2020,3,3,13,10,0,467,15
P050,intermittent,32,A320,MRO_BLR,01-09-2020,0,0,10,10,0,410,30
P050,intermittent,32,A320,MRO_BLR,01-10-2020,0,0,10,10,0,408,30
P050,intermittent,32,A320,MRO_BLR,01-11-2020,0,0,10,10,0,404,15
P050,intermittent,32,A320,MRO_BLR,01-12-2020,0,0,10,10,0,460,45
P050,intermittent,32,A320,MRO_BLR,01-01-2021,0,0,10,10,0,411,30
P050,intermittent,32,A320,MRO_BLR,01-02-2021,1,1,10,9,0,411,60
P050,intermittent,32,A320,MRO_BLR,01-03-2021,1,1,9,8,0,400,30
P050,intermittent,32,A320,MRO_BLR,01-04-2021,0,0,8,8,0,408,60
P050,intermittent,32,A320,MRO_BLR,01-05-2021,0,0,8,8,0,406,15
P050,intermittent,32,A320,MRO_BLR,01-06-2021,0,0,8,8,0,469,45
P050,intermittent,32,A320,MRO_BLR,01-07-2021,0,0,8,8,0,473,45
P050,intermittent,32,A320,MRO_BLR,01-08-2021,0,0,8,8,0,473,15
P050,intermittent,32,A320,MRO_BLR,01-09-2021,0,0,8,8,0,407,15
P050,intermittent,32,A320,MRO_BLR,01-10-2021,0,0,8,8,0,404,30
P050,intermittent,32,A320,MRO_BLR,01-11-2021,0,0,8,8,0,404,30
P050,intermittent,32,A320,MRO_BLR,01-12-2021,0,0,8,8,0,465,60
P050,intermittent,32,A320,MRO_BLR,01-01-2022,1,1,8,7,0,415,60
P050,intermittent,32,A320,MRO_BLR,01-02-2022,0,0,7,7,0,404,15
P050,intermittent,32,A320,MRO_BLR,01-03-2022,0,0,7,7,0,407,45
P050,intermittent,32,A320,MRO_BLR,01-04-2022,0,0,7,7,0,406,15
P050,intermittent,32,A320,MRO_BLR,01-05-2022,0,0,7,7,0,400,60
P050,intermittent,32,A320,MRO_BLR,01-06-2022,0,0,7,7,0,467,45
P050,intermittent,32,A320,MRO_BLR,01-07-2022,0,0,7,7,0,462,30
P050,intermittent,32,A320,MRO_BLR,01-08-2022,0,0,7,7,0,460,45
P050,intermittent,32,A320,MRO_BLR,01-09-2022,3,3,7,4,0,406,15
P050,intermittent,32,A320,MRO_BLR,01-10-2022,0,0,21,21,0,399,45
P050,intermittent,32,A320,MRO_BLR,01-11-2022,0,0,21,21,0,408,45
P050,intermittent,32,A320,MRO_BLR,01-12-2022,1,1,21,20,0,467,15
P050,intermittent,32,A320,MRO_BLR,01-01-2023,0,0,20,20,0,408,45
P050,intermittent,32,A320,MRO_BLR,01-02-2023,0,0,20,20,0,405,15
P050,intermittent,32,A320,MRO_BLR,01-03-2023,1,1,20,19,0,399,15
P050,intermittent,32,A320,MRO_BLR,01-04-2023,0,0,19,19,0,407,15
P050,intermittent,32,A320,MRO_BLR,01-05-2023,1,1,19,18,0,408,60
P050,intermittent,32,A320,MRO_BLR,01-06-2023,0,0,18,18,0,467,45
P050,intermittent,32,A320,MRO_BLR,01-07-2023,3,3,18,15,0,467,15
P050,intermittent,32,A320,MRO_BLR,01-08-2023,0,0,15,15,0,456,30
P050,intermittent,32,A320,MRO_BLR,01-09-2023,1,1,15,14,0,406,60
P050,intermittent,32,A320,MRO_BLR,01-10-2023,0,0,14,14,0,398,30
P050,intermittent,32,A320,MRO_BLR,01-11-2023,2,2,14,12,0,400,30
P050,intermittent,32,A320,MRO_BLR,01-12-2023,0,0,12,12,0,459,30
P051,intermittent,24,B737,BASE_HYD,01-01-2018,0,0,17,17,0,693,15
P051,intermittent,24,B737,BASE_HYD,01-02-2018,0,0,17,17,0,700,15
P051,intermittent,24,B737,BASE_HYD,01-03-2018,0,0,17,17,0,693,15
P051,intermittent,24,B737,BASE_HYD,01-04-2018,0,0,17,17,0,689,60
P051,intermittent,24,B737,BASE_HYD,01-05-2018,2,2,17,15,0,691,60
P051,intermittent,24,B737,BASE_HYD,01-06-2018,0,0,15,15,0,795,15
P051,intermittent,24,B737,BASE_HYD,01-07-2018,0,0,15,15,0,800,30
P051,intermittent,24,B737,BASE_HYD,01-08-2018,0,0,15,15,0,793,15
P051,intermittent,24,B737,BASE_HYD,01-09-2018,3,3,15,12,0,701,45
P051,intermittent,24,B737,BASE_HYD,01-10-2018,0,0,12,12,0,691,60
P051,intermittent,24,B737,BASE_HYD,01-11-2018,0,0,12,12,0,704,15
P051,intermittent,24,B737,BASE_HYD,01-12-2018,0,0,12,12,0,797,30
P051,intermittent,24,B737,BASE_HYD,01-01-2019,0,0,12,12,0,695,45
P051,intermittent,24,B737,BASE_HYD,01-02-2019,0,0,12,12,0,698,60
P051,intermittent,24,B737,BASE_HYD,01-03-2019,0,0,12,12,0,699,15
P051,intermittent,24,B737,BASE_HYD,01-04-2019,0,0,12,12,0,695,45
P051,intermittent,24,B737,BASE_HYD,01-05-2019,0,0,12,12,0,709,60
P051,intermittent,24,B737,BASE_HYD,01-06-2019,0,0,12,12,0,795,60
P051,intermittent,24,B737,BASE_HYD,01-07-2019,1,1,12,11,0,783,45
P051,intermittent,24,B737,BASE_HYD,01-08-2019,0,0,11,11,0,794,60
P051,intermittent,24,B737,BASE_HYD,01-09-2019,0,0,11,11,0,696,45
P051,intermittent,24,B737,BASE_HYD,01-10-2019,0,0,11,11,0,694,15
P051,intermittent,24,B737,BASE_HYD,01-11-2019,0,0,11,11,0,684,15
P051,intermittent,24,B737,BASE_HYD,01-12-2019,0,0,11,11,0,792,60
P051,intermittent,24,B737,BASE_HYD,01-01-2020,0,0,11,11,0,683,30
P051,intermittent,24,B737,BASE_HYD,01-02-2020,1,1,11,10,0,684,45
P051,intermittent,24,B737,BASE_HYD,01-03-2020,0,0,10,10,0,688,15
P051,intermittent,24,B737,BASE_HYD,01-04-2020,0,0,10,10,0,692,45
P051,intermittent,24,B737,BASE_HYD,01-05-2020,0,0,10,10,0,684,30
P051,intermittent,24,B737,BASE_HYD,01-06-2020,0,0,10,10,0,787,45
P051,intermittent,24,B737,BASE_HYD,01-07-2020,2,2,10,8,0,798,30
P051,intermittent,24,B737,BASE_HYD,01-08-2020,0,0,8,8,0,785,60
P051,intermittent,24,B737,BASE_HYD,01-09-2020,4,4,8,4,0,683,30
P051,intermittent,24,B737,BASE_HYD,01-10-2020,0,0,27,27,0,704,60
P051,intermittent,24,B737,BASE_HYD,01-11-2020,0,0,27,27,0,685,30
P051,intermittent,24,B737,BASE_HYD,01-12-2020,0,0,27,27,0,778,45
P051,intermittent,24,B737,BASE_HYD,01-01-2021,0,0,27,27,0,678,30
P051,intermittent,24,B737,BASE_HYD,01-02-2021,0,0,27,27,0,673,30
P051,intermittent,24,B737,BASE_HYD,01-03-2021,1,1,27,26,0,698,45
P051,intermittent,24,B737,BASE_HYD,01-04-2021,1,1,26,25,0,686,60
P051,intermittent,24,B737,BASE_HYD,01-05-2021,0,0,25,25,0,680,30
P051,intermittent,24,B737,BASE_HYD,01-06-2021,0,0,25,25,0,794,30
P051,intermittent,24,B737,BASE_HYD,01-07-2021,0,0,25,25,0,803,30
P051,intermittent,24,B737,BASE_HYD,01-08-2021,0,0,25,25,0,788,30
P051,intermittent,24,B737,BASE_HYD,01-09-2021,0,0,25,25,0,698,15
P051,intermittent,24,B737,BASE_HYD,01-10-2021,0,0,25,25,0,684,15
P051,intermittent,24,B737,BASE_HYD,01-11-2021,0,0,25,25,0,679,30
P051,intermittent,24,B737,BASE_HYD,01-12-2021,0,0,25,25,0,804,45
P051,intermittent,24,B737,BASE_HYD,01-01-2022,0,0,25,25,0,680,60
P051,intermittent,24,B737,BASE_HYD,01-02-2022,0,0,25,25,0,681,15
P051,intermittent,24,B737,BASE_HYD,01-03-2022,0,0,25,25,0,692,30
P051,intermittent,24,B737,BASE_HYD,01-04-2022,0,0,25,25,0,685,15
P051,intermittent,24,B737,BASE_HYD,01-05-2022,0,0,25,25,0,684,60
P051,intermittent,24,B737,BASE_HYD,01-06-2022,0,0,25,25,0,785,30
P051,intermittent,24,B737,BASE_HYD,01-07-2022,0,0,25,25,0,782,15
P051,intermittent,24,B737,BASE_HYD,01-08-2022,0,0,25,25,0,789,60
P051,intermittent,24,B737,BASE_HYD,01-09-2022,0,0,25,25,0,688,15
P051,intermittent,24,B737,BASE_HYD,01-10-2022,0,0,25,25,0,683,60
P051,intermittent,24,B737,BASE_HYD,01-11-2022,0,0,25,25,0,689,45
P051,intermittent,24,B737,BASE_HYD,01-12-2022,0,0,25,25,0,791,45
P051,intermittent,24,B737,BASE_HYD,01-01-2023,0,0,25,25,0,685,30
P051,intermittent,24,B737,BASE_HYD,01-02-2023,0,0,25,25,0,681,60
P051,intermittent,24,B737,BASE_HYD,01-03-2023,1,1,25,24,0,680,15
P051,intermittent,24,B737,BASE_HYD,01-04-2023,0,0,24,24,0,685,30
P051,intermittent,24,B737,BASE_HYD,01-05-2023,0,0,24,24,0,674,15
P051,intermittent,24,B737,BASE_HYD,01-06-2023,3,3,24,21,0,808,45
P051,intermittent,24,B737,BASE_HYD,01-07-2023,0,0,21,21,0,765,45
P051,intermittent,24,B737,BASE_HYD,01-08-2023,0,0,21,21,0,781,60
P051,intermittent,24,B737,BASE_HYD,01-09-2023,0,0,21,21,0,686,45
P051,intermittent,24,B737,BASE_HYD,01-10-2023,0,0,21,21,0,688,45
P051,intermittent,24,B737,BASE_HYD,01-11-2023,0,0,21,21,0,677,45
P051,intermittent,24,B737,BASE_HYD,01-12-2023,3,3,21,18,0,780,30
P051,intermittent,24,B737,LINE_DEL,01-01-2018,0,0,17,17,0,693,15
P051,intermittent,24,B737,LINE_DEL,01-02-2018,0,0,17,17,0,700,15
P051,intermittent,24,B737,LINE_DEL,01-03-2018,0,0,17,17,0,693,60
P051,intermittent,24,B737,LINE_DEL,01-04-2018,0,0,17,17,0,689,60
P051,intermittent,24,B737,LINE_DEL,01-05-2018,0,0,17,17,0,691,15
P051,intermittent,24,B737,LINE_DEL,01-06-2018,0,0,17,17,0,795,30
P051,intermittent,24,B737,LINE_DEL,01-07-2018,1,1,17,16,0,800,15
P051,intermittent,24,B737,LINE_DEL,01-08-2018,0,0,16,16,0,793,15
P051,intermittent,24,B737,LINE_DEL,01-09-2018,1,1,16,15,0,701,60
P051,intermittent,24,B737,LINE_DEL,01-10-2018,0,0,15,15,0,691,30
P051,intermittent,24,B737,LINE_DEL,01-11-2018,1,1,15,14,0,704,30
P051,intermittent,24,B737,LINE_DEL,01-12-2018,0,0,14,14,0,797,60
P051,intermittent,24,B737,LINE_DEL,01-01-2019,0,0,14,14,0,695,30
P051,intermittent,24,B737,LINE_DEL,01-02-2019,0,0,14,14,0,698,60
P051,intermittent,24,B737,LINE_DEL,01-03-2019,0,0,14,14,0,699,45
P051,intermittent,24,B737,LINE_DEL,01-04-2019,0,0,14,14,0,695,15
P051,intermittent,24,B737,LINE_DEL,01-05-2019,0,0,14,14,0,709,45
P051,intermittent,24,B737,LINE_DEL,01-06-2019,2,2,14,12,0,795,30
P051,intermittent,24,B737,LINE_DEL,01-07-2019,0,0,12,12,0,783,30
P051,intermittent,24,B737,LINE_DEL,01-08-2019,0,0,12,12,0,794,45
P051,intermittent,24,B737,LINE_DEL,01-09-2019,0,0,12,12,0,696,60
P051,intermittent,24,B737,LINE_DEL,01-10-2019,0,0,12,12,0,694,45
P051,intermittent,24,B737,LINE_DEL,01-11-2019,0,0,12,12,0,684,60
P051,intermittent,24,B737,LINE_DEL,01-12-2019,1,1,12,11,0,792,30
P051,intermittent,24,B737,LINE_DEL,01-01-2020,0,0,11,11,0,683,30
P051,intermittent,24,B737,LINE_DEL,01-02-2020,0,0,11,11,0,684,60
P051,intermittent,24,B737,LINE_DEL,01-03-2020,0,0,11,11,0,688,15
P051,intermittent,24,B737,LINE_DEL,01-04-2020,2,2,11,9,0,692,15
P051,intermittent,24,B737,LINE_DEL,01-05-2020,0,0,9,9,0,684,30
P051,intermittent,24,B737,LINE_DEL,01-06-2020,0,0,9,9,0,787,15
P051,intermittent,24,B737,LINE_DEL,01-07-2020,0,0,9,9,0,798,15
P051,intermittent,24,B737,LINE_DEL,01-08-2020,0,0,9,9,0,785,45
P051,intermittent,24,B737,LINE_DEL,01-09-2020,0,0,9,9,0,683,30
P051,intermittent,24,B737,LINE_DEL,01-10-2020,0,0,9,9,0,704,15
P051,intermittent,24,B737,LINE_DEL,01-11-2020,3,3,9,6,0,685,30
P051,intermittent,24,B737,LINE_DEL,01-12-2020,0,0,6,6,0,778,60
P051,intermittent,24,B737,LINE_DEL,01-01-2021,0,0,6,6,0,678,30
P051,intermittent,24,B737,LINE_DEL,01-02-2021,0,0,6,6,0,673,30
P051,intermittent,24,B737,LINE_DEL,01-03-2021,0,0,6,6,0,698,15
P051,intermittent,24,B737,LINE_DEL,01-04-2021,0,0,6,6,0,686,30
P051,intermittent,24,B737,LINE_DEL,01-05-2021,0,0,6,6,0,680,45
P051,intermittent,24,B737,LINE_DEL,01-06-2021,0,0,6,6,0,794,30
P051,intermittent,24,B737,LINE_DEL,01-07-2021,0,0,6,6,0,803,45
P051,intermittent,24,B737,LINE_DEL,01-08-2021,2,2,6,4,0,788,30
P051,intermittent,24,B737,LINE_DEL,01-09-2021,0,0,25,25,0,698,60
P051,intermittent,24,B737,LINE_DEL,01-10-2021,0,0,25,25,0,684,60
P051,intermittent,24,B737,LINE_DEL,01-11-2021,0,0,25,25,0,679,60
P051,intermittent,24,B737,LINE_DEL,01-12-2021,0,0,25,25,0,804,15
P051,intermittent,24,B737,LINE_DEL,01-01-2022,0,0,25,25,0,680,30
P051,intermittent,24,B737,LINE_DEL,01-02-2022,0,0,25,25,0,681,15
P051,intermittent,24,B737,LINE_DEL,01-03-2022,0,0,25,25,0,692,45
P051,intermittent,24,B737,LINE_DEL,01-04-2022,0,0,25,25,0,685,30
P051,intermittent,24,B737,LINE_DEL,01-05-2022,0,0,25,25,0,684,15
P051,intermittent,24,B737,LINE_DEL,01-06-2022,0,0,25,25,0,785,30
P051,intermittent,24,B737,LINE_DEL,01-07-2022,0,0,25,25,0,782,45
P051,intermittent,24,B737,LINE_DEL,01-08-2022,0,0,25,25,0,789,15
P051,intermittent,24,B737,LINE_DEL,01-09-2022,2,2,25,23,0,688,30
P051,intermittent,24,B737,LINE_DEL,01-10-2022,0,0,23,23,0,683,30
P051,intermittent,24,B737,LINE_DEL,01-11-2022,0,0,23,23,0,689,45
P051,intermittent,24,B737,LINE_DEL,01-12-2022,0,0,23,23,0,791,15
P051,intermittent,24,B737,LINE_DEL,01-01-2023,0,0,23,23,0,685,30
P051,intermittent,24,B737,LINE_DEL,01-02-2023,0,0,23,23,0,681,45
P051,intermittent,24,B737,LINE_DEL,01-03-2023,0,0,23,23,0,680,45
P051,intermittent,24,B737,LINE_DEL,01-04-2023,0,0,23,23,0,685,30
P051,intermittent,24,B737,LINE_DEL,01-05-2023,2,2,23,21,0,674,45
P051,intermittent,24,B737,LINE_DEL,01-06-2023,0,0,21,21,0,808,45
P051,intermittent,24,B737,LINE_DEL,01-07-2023,0,0,21,21,0,765,30
P051,intermittent,24,B737,LINE_DEL,01-08-2023,1,1,21,20,0,781,45
P051,intermittent,24,B737,LINE_DEL,01-09-2023,0,0,20,20,0,686,15
P051,intermittent,24,B737,LINE_DEL,01-10-2023,0,0,20,20,0,688,30
P051,intermittent,24,B737,LINE_DEL,01-11-2023,0,0,20,20,0,677,15
P051,intermittent,24,B737,LINE_DEL,01-12-2023,0,0,20,20,0,780,60
P051,intermittent,24,B737,MRO_BLR,01-01-2018,0,0,15,15,0,693,45
P051,intermittent,24,B737,MRO_BLR,01-02-2018,0,0,15,15,0,700,30
P051,intermittent,24,B737,MRO_BLR,01-03-2018,0,0,15,15,0,693,60
P051,intermittent,24,B737,MRO_BLR,01-04-2018,0,0,15,15,0,689,45
P051,intermittent,24,B737,MRO_BLR,01-05-2018,0,0,15,15,0,691,15
P051,intermittent,24,B737,MRO_BLR,01-06-2018,0,0,15,15,0,795,45
P051,intermittent,24,B737,MRO_BLR,01-07-2018,0,0,15,15,0,800,45
P051,intermittent,24,B737,MRO_BLR,01-08-2018,0,0,15,15,0,793,30
P051,intermittent,24,B737,MRO_BLR,01-09-2018,1,1,15,14,0,701,60
P051,intermittent,24,B737,MRO_BLR,01-10-2018,0,0,14,14,0,691,45
P051,intermittent,24,B737,MRO_BLR,01-11-2018,0,0,14,14,0,704,45
P051,intermittent,24,B737,MRO_BLR,01-12-2018,0,0,14,14,0,797,30
P051,intermittent,24,B737,MRO_BLR,01-01-2019,1,1,14,13,0,695,60
P051,intermittent,24,B737,MRO_BLR,01-02-2019,0,0,13,13,0,698,45
P051,intermittent,24,B737,MRO_BLR,01-03-2019,0,0,13,13,0,699,45
P051,intermittent,24,B737,MRO_BLR,01-04-2019,0,0,13,13,0,695,60
P051,intermittent,24,B737,MRO_BLR,01-05-2019,0,0,13,13,0,709,60
P051,intermittent,24,B737,MRO_BLR,01-06-2019,0,0,13,13,0,795,45
P051,intermittent,24,B737,MRO_BLR,01-07-2019,0,0,13,13,0,783,60
P051,intermittent,24,B737,MRO_BLR,01-08-2019,0,0,13,13,0,794,15
P051,intermittent,24,B737,MRO_BLR,01-09-2019,0,0,13,13,0,696,45
P051,intermittent,24,B737,MRO_BLR,01-10-2019,0,0,13,13,0,694,30
P051,intermittent,24,B737,MRO_BLR,01-11-2019,0,0,13,13,0,684,45
P051,intermittent,24,B737,MRO_BLR,01-12-2019,0,0,13,13,0,792,60
P051,intermittent,24,B737,MRO_BLR,01-01-2020,0,0,13,13,0,683,60
P051,intermittent,24,B737,MRO_BLR,01-02-2020,0,0,13,13,0,684,15
P051,intermittent,24,B737,MRO_BLR,01-03-2020,1,1,13,12,0,688,60
P051,intermittent,24,B737,MRO_BLR,01-04-2020,0,0,12,12,0,692,60
P051,intermittent,24,B737,MRO_BLR,01-05-2020,0,0,12,12,0,684,45
P051,intermittent,24,B737,MRO_BLR,01-06-2020,0,0,12,12,0,787,45
P051,intermittent,24,B737,MRO_BLR,01-07-2020,0,0,12,12,0,798,45
P051,intermittent,24,B737,MRO_BLR,01-08-2020,0,0,12,12,0,785,60
P051,intermittent,24,B737,MRO_BLR,01-09-2020,0,0,12,12,0,683,15
P051,intermittent,24,B737,MRO_BLR,01-10-2020,0,0,12,12,0,704,60
P051,intermittent,24,B737,MRO_BLR,01-11-2020,0,0,12,12,0,685,60
P051,intermittent,24,B737,MRO_BLR,01-12-2020,0,0,12,12,0,778,15
P051,intermittent,24,B737,MRO_BLR,01-01-2021,0,0,12,12,0,678,30
P051,intermittent,24,B737,MRO_BLR,01-02-2021,0,0,12,12,0,673,45
P051,intermittent,24,B737,MRO_BLR,01-03-2021,2,2,12,10,0,698,15
P051,intermittent,24,B737,MRO_BLR,01-04-2021,0,0,10,10,0,686,15
P051,intermittent,24,B737,MRO_BLR,01-05-2021,0,0,10,10,0,680,30
P051,intermittent,24,B737,MRO_BLR,01-06-2021,0,0,10,10,0,794,60
P051,intermittent,24,B737,MRO_BLR,01-07-2021,1,1,10,9,0,803,45
P051,intermittent,24,B737,MRO_BLR,01-08-2021,0,0,9,9,0,788,60
P051,intermittent,24,B737,MRO_BLR,01-09-2021,0,0,9,9,0,698,60
P051,intermittent,24,B737,MRO_BLR,01-10-2021,0,0,9,9,0,684,45
P051,intermittent,24,B737,MRO_BLR,01-11-2021,1,1,9,8,0,679,45
P051,intermittent,24,B737,MRO_BLR,01-12-2021,0,0,8,8,0,804,45
P051,intermittent,24,B737,MRO_BLR,01-01-2022,0,0,8,8,0,680,15
P051,intermittent,24,B737,MRO_BLR,01-02-2022,0,0,8,8,0,681,30
P051,intermittent,24,B737,MRO_BLR,01-03-2022,0,0,8,8,0,692,15
P051,intermittent,24,B737,MRO_BLR,01-04-2022,0,0,8,8,0,685,15
P051,intermittent,24,B737,MRO_BLR,01-05-2022,0,0,8,8,0,684,30
P051,intermittent,24,B737,MRO_BLR,01-06-2022,0,0,8,8,0,785,60
P051,intermittent,24,B737,MRO_BLR,01-07-2022,0,0,8,8,0,782,60
P051,intermittent,24,B737,MRO_BLR,01-08-2022,0,0,8,8,0,789,30
P051,intermittent,24,B737,MRO_BLR,01-09-2022,0,0,8,8,0,688,30
P051,intermittent,24,B737,MRO_BLR,01-10-2022,0,0,8,8,0,683,60
P051,intermittent,24,B737,MRO_BLR,01-11-2022,0,0,8,8,0,689,60
P051,intermittent,24,B737,MRO_BLR,01-12-2022,0,0,8,8,0,791,45
P051,intermittent,24,B737,MRO_BLR,01-01-2023,0,0,8,8,0,685,15
P051,intermittent,24,B737,MRO_BLR,01-02-2023,0,0,8,8,0,681,30
P051,intermittent,24,B737,MRO_BLR,01-03-2023,0,0,8,8,0,680,45
P051,intermittent,24,B737,MRO_BLR,01-04-2023,0,0,8,8,0,685,45
P051,intermittent,24,B737,MRO_BLR,01-05-2023,0,0,8,8,0,674,60
P051,intermittent,24,B737,MRO_BLR,01-06-2023,4,4,8,4,0,808,45
P051,intermittent,24,B737,MRO_BLR,01-07-2023,2,2,4,2,0,765,45
P051,intermittent,24,B737,MRO_BLR,01-08-2023,0,0,21,21,0,781,45
P051,intermittent,24,B737,MRO_BLR,01-09-2023,0,0,21,21,0,686,45
P051,intermittent,24,B737,MRO_BLR,01-10-2023,0,0,21,21,0,688,30
P051,intermittent,24,B737,MRO_BLR,01-11-2023,0,0,21,21,0,677,15
P051,intermittent,24,B737,MRO_BLR,01-12-2023,5,5,21,16,0,780,60
P052,intermittent,27,A320,BASE_HYD,01-01-2018,0,0,23,23,0,606,30
P052,intermittent,27,A320,BASE_HYD,01-02-2018,0,0,23,23,0,617,15
P052,intermittent,27,A320,BASE_HYD,01-03-2018,3,3,23,20,0,612,30
P052,intermittent,27,A320,BASE_HYD,01-04-2018,0,0,20,20,0,610,15
P052,intermittent,27,A320,BASE_HYD,01-05-2018,0,0,20,20,0,608,45
P052,intermittent,27,A320,BASE_HYD,01-06-2018,0,0,20,20,0,705,15
P052,intermittent,27,A320,BASE_HYD,01-07-2018,0,0,20,20,0,687,60
P052,intermittent,27,A320,BASE_HYD,01-08-2018,0,0,20,20,0,713,30
P052,intermittent,27,A320,BASE_HYD,01-09-2018,0,0,20,20,0,607,15
P052,intermittent,27,A320,BASE_HYD,01-10-2018,2,2,20,18,0,603,30
P052,intermittent,27,A320,BASE_HYD,01-11-2018,0,0,18,18,0,616,30
P052,intermittent,27,A320,BASE_HYD,01-12-2018,0,0,18,18,0,708,15
P052,intermittent,27,A320,BASE_HYD,01-01-2019,0,0,18,18,0,607,30
P052,intermittent,27,A320,BASE_HYD,01-02-2019,3,3,18,15,0,615,30
P052,intermittent,27,A320,BASE_HYD,01-03-2019,0,0,15,15,0,613,45
P052,intermittent,27,A320,BASE_HYD,01-04-2019,0,0,15,15,0,609,60
P052,intermittent,27,A320,BASE_HYD,01-05-2019,2,2,15,13,0,597,30
P052,intermittent,27,A320,BASE_HYD,01-06-2019,0,0,13,13,0,699,60
P052,intermittent,27,A320,BASE_HYD,01-07-2019,0,0,13,13,0,698,15
P052,intermittent,27,A320,BASE_HYD,01-08-2019,0,0,13,13,0,697,45
P052,intermittent,27,A320,BASE_HYD,01-09-2019,0,0,13,13,0,605,15
P052,intermittent,27,A320,BASE_HYD,01-10-2019,0,0,13,13,0,612,15
P052,intermittent,27,A320,BASE_HYD,01-11-2019,0,0,13,13,0,600,45
P052,intermittent,27,A320,BASE_HYD,01-12-2019,0,0,13,13,0,707,15
P052,intermittent,27,A320,BASE_HYD,01-01-2020,0,0,13,13,0,605,15
P052,intermittent,27,A320,BASE_HYD,01-02-2020,0,0,13,13,0,600,60
P052,intermittent,27,A320,BASE_HYD,01-03-2020,0,0,13,13,0,604,45
P052,intermittent,27,A320,BASE_HYD,01-04-2020,0,0,13,13,0,607,45
P052,intermittent,27,A320,BASE_HYD,01-05-2020,0,0,13,13,0,614,60
P052,intermittent,27,A320,BASE_HYD,01-06-2020,0,0,13,13,0,701,45
P052,intermittent,27,A320,BASE_HYD,01-07-2020,2,2,13,11,0,704,15
P052,intermittent,27,A320,BASE_HYD,01-08-2020,5,5,11,6,0,696,60
P052,intermittent,27,A320,BASE_HYD,01-09-2020,1,1,6,5,0,604,30
P052,intermittent,27,A320,BASE_HYD,01-10-2020,0,0,5,5,0,617,60
P052,intermittent,27,A320,BASE_HYD,01-11-2020,0,0,5,5,0,605,60
P052,intermittent,27,A320,BASE_HYD,01-12-2020,1,1,5,4,0,692,15
P052,intermittent,27,A320,BASE_HYD,01-01-2021,0,0,28,28,0,600,15
P052,intermittent,27,A320,BASE_HYD,01-02-2021,0,0,28,28,0,605,60
P052,intermittent,27,A320,BASE_HYD,01-03-2021,0,0,28,28,0,597,45
P052,intermittent,27,A320,BASE_HYD,01-04-2021,0,0,28,28,0,605,15
P052,intermittent,27,A320,BASE_HYD,01-05-2021,0,0,28,28,0,605,60
P052,intermittent,27,A320,BASE_HYD,01-06-2021,0,0,28,28,0,698,30
P052,intermittent,27,A320,BASE_HYD,01-07-2021,0,0,28,28,0,682,30
P052,intermittent,27,A320,BASE_HYD,01-08-2021,0,0,28,28,0,680,60
P052,intermittent,27,A320,BASE_HYD,01-09-2021,0,0,28,28,0,601,45
P052,intermittent,27,A320,BASE_HYD,01-10-2021,0,0,28,28,0,603,15
P052,intermittent,27,A320,BASE_HYD,01-11-2021,0,0,28,28,0,597,60
P052,intermittent,27,A320,BASE_HYD,01-12-2021,2,2,28,26,0,685,15
P052,intermittent,27,A320,BASE_HYD,01-01-2022,0,0,26,26,0,604,45
P052,intermittent,27,A320,BASE_HYD,01-02-2022,0,0,26,26,0,600,30
P052,intermittent,27,A320,BASE_HYD,01-03-2022,0,0,26,26,0,607,60
P052,intermittent,27,A320,BASE_HYD,01-04-2022,0,0,26,26,0,593,15
P052,intermittent,27,A320,BASE_HYD,01-05-2022,0,0,26,26,0,601,45
P052,intermittent,27,A320,BASE_HYD,01-06-2022,0,0,26,26,0,704,30
P052,intermittent,27,A320,BASE_HYD,01-07-2022,0,0,26,26,0,690,30
P052,intermittent,27,A320,BASE_HYD,01-08-2022,0,0,26,26,0,688,45
P052,intermittent,27,A320,BASE_HYD,01-09-2022,2,2,26,24,0,607,30
P052,intermittent,27,A320,BASE_HYD,01-10-2022,0,0,24,24,0,609,30
P052,intermittent,27,A320,BASE_HYD,01-11-2022,0,0,24,24,0,598,30
P052,intermittent,27,A320,BASE_HYD,01-12-2022,0,0,24,24,0,688,30
P052,intermittent,27,A320,BASE_HYD,01-01-2023,0,0,24,24,0,605,60
P052,intermittent,27,A320,BASE_HYD,01-02-2023,0,0,24,24,0,602,30
P052,intermittent,27,A320,BASE_HYD,01-03-2023,0,0,24,24,0,602,30
P052,intermittent,27,A320,BASE_HYD,01-04-2023,0,0,24,24,0,601,60
P052,intermittent,27,A320,BASE_HYD,01-05-2023,0,0,24,24,0,600,15
P052,intermittent,27,A320,BASE_HYD,01-06-2023,0,0,24,24,0,697,60
P052,intermittent,27,A320,BASE_HYD,01-07-2023,2,2,24,22,0,699,15
P052,intermittent,27,A320,BASE_HYD,01-08-2023,0,0,22,22,0,683,15
P052,intermittent,27,A320,BASE_HYD,01-09-2023,2,2,22,20,0,605,30
P052,intermittent,27,A320,BASE_HYD,01-10-2023,0,0,20,20,0,600,15
P052,intermittent,27,A320,BASE_HYD,01-11-2023,0,0,20,20,0,592,30
P052,intermittent,27,A320,BASE_HYD,01-12-2023,0,0,20,20,0,683,60
P052,intermittent,27,A320,LINE_DEL,01-01-2018,0,0,20,20,0,606,60
P052,intermittent,27,A320,LINE_DEL,01-02-2018,0,0,20,20,0,617,30
P052,intermittent,27,A320,LINE_DEL,01-03-2018,0,0,20,20,0,612,30
P052,intermittent,27,A320,LINE_DEL,01-04-2018,0,0,20,20,0,610,60
P052,intermittent,27,A320,LINE_DEL,01-05-2018,0,0,20,20,0,608,60
P052,intermittent,27,A320,LINE_DEL,01-06-2018,0,0,20,20,0,705,30
P052,intermittent,27,A320,LINE_DEL,01-07-2018,0,0,20,20,0,687,45
P052,intermittent,27,A320,LINE_DEL,01-08-2018,0,0,20,20,0,713,30
P052,intermittent,27,A320,LINE_DEL,01-09-2018,0,0,20,20,0,607,30
P052,intermittent,27,A320,LINE_DEL,01-10-2018,0,0,20,20,0,603,30
P052,intermittent,27,A320,LINE_DEL,01-11-2018,0,0,20,20,0,616,60
P052,intermittent,27,A320,LINE_DEL,01-12-2018,0,0,20,20,0,708,60
P052,intermittent,27,A320,LINE_DEL,01-01-2019,0,0,20,20,0,607,60
P052,intermittent,27,A320,LINE_DEL,01-02-2019,0,0,20,20,0,615,30
P052,intermittent,27,A320,LINE_DEL,01-03-2019,0,0,20,20,0,613,45
P052,intermittent,27,A320,LINE_DEL,01-04-2019,0,0,20,20,0,609,15
P052,intermittent,27,A320,LINE_DEL,01-05-2019,0,0,20,20,0,597,60
P052,intermittent,27,A320,LINE_DEL,01-06-2019,0,0,20,20,0,699,15
P052,intermittent,27,A320,LINE_DEL,01-07-2019,0,0,20,20,0,698,45
P052,intermittent,27,A320,LINE_DEL,01-08-2019,0,0,20,20,0,697,60
P052,intermittent,27,A320,LINE_DEL,01-09-2019,0,0,20,20,0,605,60
P052,intermittent,27,A320,LINE_DEL,01-10-2019,4,4,20,16,0,612,60
P052,intermittent,27,A320,LINE_DEL,01-11-2019,0,0,16,16,0,600,45
P052,intermittent,27,A320,LINE_DEL,01-12-2019,0,0,16,16,0,707,60
P052,intermittent,27,A320,LINE_DEL,01-01-2020,0,0,16,16,0,605,45
P052,intermittent,27,A320,LINE_DEL,01-02-2020,1,1,16,15,0,600,45
P052,intermittent,27,A320,LINE_DEL,01-03-2020,3,3,15,12,0,604,15
P052,intermittent,27,A320,LINE_DEL,01-04-2020,0,0,12,12,0,607,45
P052,intermittent,27,A320,LINE_DEL,01-05-2020,0,0,12,12,0,614,15
P052,intermittent,27,A320,LINE_DEL,01-06-2020,0,0,12,12,0,701,30
P052,intermittent,27,A320,LINE_DEL,01-07-2020,0,0,12,12,0,704,30
P052,intermittent,27,A320,LINE_DEL,01-08-2020,0,0,12,12,0,696,30
P052,intermittent,27,A320,LINE_DEL,01-09-2020,0,0,12,12,0,604,60
P052,intermittent,27,A320,LINE_DEL,01-10-2020,0,0,12,12,0,617,45
P052,intermittent,27,A320,LINE_DEL,01-11-2020,0,0,12,12,0,605,15
P052,intermittent,27,A320,LINE_DEL,01-12-2020,2,2,12,10,0,692,30
P052,intermittent,27,A320,LINE_DEL,01-01-2021,0,0,10,10,0,600,15
P052,intermittent,27,A320,LINE_DEL,01-02-2021,0,0,10,10,0,605,60
P052,intermittent,27,A320,LINE_DEL,01-03-2021,0,0,10,10,0,597,15
P052,intermittent,27,A320,LINE_DEL,01-04-2021,0,0,10,10,0,605,30
P052,intermittent,27,A320,LINE_DEL,01-05-2021,0,0,10,10,0,605,60
P052,intermittent,27,A320,LINE_DEL,01-06-2021,0,0,10,10,0,698,45
P052,intermittent,27,A320,LINE_DEL,01-07-2021,0,0,10,10,0,682,60
P052,intermittent,27,A320,LINE_DEL,01-08-2021,0,0,10,10,0,680,30
P052,intermittent,27,A320,LINE_DEL,01-09-2021,1,1,10,9,0,601,30
P052,intermittent,27,A320,LINE_DEL,01-10-2021,0,0,9,9,0,603,30
P052,intermittent,27,A320,LINE_DEL,01-11-2021,0,0,9,9,0,597,45
P052,intermittent,27,A320,LINE_DEL,01-12-2021,0,0,9,9,0,685,60
P052,intermittent,27,A320,LINE_DEL,01-01-2022,0,0,9,9,0,604,45
P052,intermittent,27,A320,LINE_DEL,01-02-2022,0,0,9,9,0,600,60
P052,intermittent,27,A320,LINE_DEL,01-03-2022,0,0,9,9,0,607,15
P052,intermittent,27,A320,LINE_DEL,01-04-2022,0,0,9,9,0,593,60
P052,intermittent,27,A320,LINE_DEL,01-05-2022,0,0,9,9,0,601,30
P052,intermittent,27,A320,LINE_DEL,01-06-2022,0,0,9,9,0,704,15
P052,intermittent,27,A320,LINE_DEL,01-07-2022,1,1,9,8,0,690,15
P052,intermittent,27,A320,LINE_DEL,01-08-2022,0,0,8,8,0,688,30
P052,intermittent,27,A320,LINE_DEL,01-09-2022,0,0,8,8,0,607,30
P052,intermittent,27,A320,LINE_DEL,01-10-2022,0,0,8,8,0,609,15
P052,intermittent,27,A320,LINE_DEL,01-11-2022,0,0,8,8,0,598,30
P052,intermittent,27,A320,LINE_DEL,01-12-2022,0,0,8,8,0,688,30
P052,intermittent,27,A320,LINE_DEL,01-01-2023,0,0,8,8,0,605,15
P052,intermittent,27,A320,LINE_DEL,01-02-2023,2,2,8,6,0,602,30
P052,intermittent,27,A320,LINE_DEL,01-03-2023,0,0,6,6,0,602,60
P052,intermittent,27,A320,LINE_DEL,01-04-2023,0,0,6,6,0,601,60
P052,intermittent,27,A320,LINE_DEL,01-05-2023,0,0,6,6,0,600,45
P052,intermittent,27,A320,LINE_DEL,01-06-2023,0,0,6,6,0,697,30
P052,intermittent,27,A320,LINE_DEL,01-07-2023,0,0,6,6,0,699,15
P052,intermittent,27,A320,LINE_DEL,01-08-2023,1,1,6,5,0,683,60
P052,intermittent,27,A320,LINE_DEL,01-09-2023,0,0,5,5,0,605,15
P052,intermittent,27,A320,LINE_DEL,01-10-2023,1,1,5,4,0,600,15
P052,intermittent,27,A320,LINE_DEL,01-11-2023,1,1,18,17,0,592,60
P052,intermittent,27,A320,LINE_DEL,01-12-2023,0,0,17,17,0,683,30
P052,intermittent,27,A320,MRO_BLR,01-01-2018,0,0,26,26,0,606,30
P052,intermittent,27,A320,MRO_BLR,01-02-2018,0,0,26,26,0,617,30
P052,intermittent,27,A320,MRO_BLR,01-03-2018,0,0,26,26,0,612,30
P052,intermittent,27,A320,MRO_BLR,01-04-2018,0,0,26,26,0,610,45
P052,intermittent,27,A320,MRO_BLR,01-05-2018,0,0,26,26,0,608,45
P052,intermittent,27,A320,MRO_BLR,01-06-2018,0,0,26,26,0,705,30
P052,intermittent,27,A320,MRO_BLR,01-07-2018,0,0,26,26,0,687,15
P052,intermittent,27,A320,MRO_BLR,01-08-2018,0,0,26,26,0,713,45
P052,intermittent,27,A320,MRO_BLR,01-09-2018,0,0,26,26,0,607,60
P052,intermittent,27,A320,MRO_BLR,01-10-2018,0,0,26,26,0,603,60
P052,intermittent,27,A320,MRO_BLR,01-11-2018,4,4,26,22,0,616,60
P052,intermittent,27,A320,MRO_BLR,01-12-2018,0,0,22,22,0,708,15
P052,intermittent,27,A320,MRO_BLR,01-01-2019,0,0,22,22,0,607,60
P052,intermittent,27,A320,MRO_BLR,01-02-2019,1,1,22,21,0,615,45
P052,intermittent,27,A320,MRO_BLR,01-03-2019,2,2,21,19,0,613,45
P052,intermittent,27,A320,MRO_BLR,01-04-2019,0,0,19,19,0,609,30
P052,intermittent,27,A320,MRO_BLR,01-05-2019,0,0,19,19,0,597,60
P052,intermittent,27,A320,MRO_BLR,01-06-2019,2,2,19,17,0,699,15
P052,intermittent,27,A320,MRO_BLR,01-07-2019,0,0,17,17,0,698,60
P052,intermittent,27,A320,MRO_BLR,01-08-2019,0,0,17,17,0,697,60
P052,intermittent,27,A320,MRO_BLR,01-09-2019,0,0,17,17,0,605,60
P052,intermittent,27,A320,MRO_BLR,01-10-2019,0,0,17,17,0,612,60
P052,intermittent,27,A320,MRO_BLR,01-11-2019,0,0,17,17,0,600,60
P052,intermittent,27,A320,MRO_BLR,01-12-2019,0,0,17,17,0,707,60
P052,intermittent,27,A320,MRO_BLR,01-01-2020,0,0,17,17,0,605,15
P052,intermittent,27,A320,MRO_BLR,01-02-2020,1,1,17,16,0,600,30
P052,intermittent,27,A320,MRO_BLR,01-03-2020,0,0,16,16,0,604,15
P052,intermittent,27,A320,MRO_BLR,01-04-2020,0,0,16,16,0,607,30
P052,intermittent,27,A320,MRO_BLR,01-05-2020,1,1,16,15,0,614,45
P052,intermittent,27,A320,MRO_BLR,01-06-2020,0,0,15,15,0,701,60
P052,intermittent,27,A320,MRO_BLR,01-07-2020,0,0,15,15,0,704,45
P052,intermittent,27,A320,MRO_BLR,01-08-2020,0,0,15,15,0,696,60
P052,intermittent,27,A320,MRO_BLR,01-09-2020,1,1,15,14,0,604,60
P052,intermittent,27,A320,MRO_BLR,01-10-2020,0,0,14,14,0,617,60
P052,intermittent,27,A320,MRO_BLR,01-11-2020,0,0,14,14,0,605,15
P052,intermittent,27,A320,MRO_BLR,01-12-2020,0,0,14,14,0,692,60
P052,intermittent,27,A320,MRO_BLR,01-01-2021,0,0,14,14,0,600,30
P052,intermittent,27,A320,MRO_BLR,01-02-2021,0,0,14,14,0,605,30
P052,intermittent,27,A320,MRO_BLR,01-03-2021,0,0,14,14,0,597,30
P052,intermittent,27,A320,MRO_BLR,01-04-2021,0,0,14,14,0,605,45
P052,intermittent,27,A320,MRO_BLR,01-05-2021,0,0,14,14,0,605,45
P052,intermittent,27,A320,MRO_BLR,01-06-2021,1,1,14,13,0,698,30
P052,intermittent,27,A320,MRO_BLR,01-07-2021,0,0,13,13,0,682,45
P052,intermittent,27,A320,MRO_BLR,01-08-2021,0,0,13,13,0,680,30
P052,intermittent,27,A320,MRO_BLR,01-09-2021,0,0,13,13,0,601,60
P052,intermittent,27,A320,MRO_BLR,01-10-2021,0,0,13,13,0,603,15
P052,intermittent,27,A320,MRO_BLR,01-11-2021,0,0,13,13,0,597,45
P052,intermittent,27,A320,MRO_BLR,01-12-2021,0,0,13,13,0,685,45
P052,intermittent,27,A320,MRO_BLR,01-01-2022,0,0,13,13,0,604,30
P052,intermittent,27,A320,MRO_BLR,01-02-2022,0,0,13,13,0,600,30
P052,intermittent,27,A320,MRO_BLR,01-03-2022,0,0,13,13,0,607,15
P052,intermittent,27,A320,MRO_BLR,01-04-2022,0,0,13,13,0,593,30
P052,intermittent,27,A320,MRO_BLR,01-05-2022,0,0,13,13,0,601,45
P052,intermittent,27,A320,MRO_BLR,01-06-2022,2,2,13,11,0,704,15
P052,intermittent,27,A320,MRO_BLR,01-07-2022,2,2,11,9,0,690,15
P052,intermittent,27,A320,MRO_BLR,01-08-2022,0,0,9,9,0,688,30
P052,intermittent,27,A320,MRO_BLR,01-09-2022,0,0,9,9,0,607,45
P052,intermittent,27,A320,MRO_BLR,01-10-2022,0,0,9,9,0,609,30
P052,intermittent,27,A320,MRO_BLR,01-11-2022,5,5,9,4,0,598,15
P052,intermittent,27,A320,MRO_BLR,01-12-2022,0,0,27,27,0,688,15
P052,intermittent,27,A320,MRO_BLR,01-01-2023,0,0,27,27,0,605,60
P052,intermittent,27,A320,MRO_BLR,01-02-2023,0,0,27,27,0,602,30
P052,intermittent,27,A320,MRO_BLR,01-03-2023,0,0,27,27,0,602,60
P052,intermittent,27,A320,MRO_BLR,01-04-2023,0,0,27,27,0,601,45
P052,intermittent,27,A320,MRO_BLR,01-05-2023,0,0,27,27,0,600,30
P052,intermittent,27,A320,MRO_BLR,01-06-2023,0,0,27,27,0,697,60
P052,intermittent,27,A320,MRO_BLR,01-07-2023,0,0,27,27,0,699,30
P052,intermittent,27,A320,MRO_BLR,01-08-2023,0,0,27,27,0,683,45
P052,intermittent,27,A320,MRO_BLR,01-09-2023,0,0,27,27,0,605,60
P052,intermittent,27,A320,MRO_BLR,01-10-2023,0,0,27,27,0,600,30
P052,intermittent,27,A320,MRO_BLR,01-11-2023,0,0,27,27,0,592,60
P052,intermittent,27,A320,MRO_BLR,01-12-2023,0,0,27,27,0,683,60
P053,intermittent,28,A320,BASE_HYD,01-01-2018,0,0,28,28,0,558,60
P053,intermittent,28,A320,BASE_HYD,01-02-2018,2,2,28,26,0,557,15
P053,intermittent,28,A320,BASE_HYD,01-03-2018,0,0,26,26,0,558,45
P053,intermittent,28,A320,BASE_HYD,01-04-2018,0,0,26,26,0,559,60
P053,intermittent,28,A320,BASE_HYD,01-05-2018,0,0,26,26,0,558,15
P053,intermittent,28,A320,BASE_HYD,01-06-2018,0,0,26,26,0,635,60
P053,intermittent,28,A320,BASE_HYD,01-07-2018,1,1,26,25,0,626,60
P053,intermittent,28,A320,BASE_HYD,01-08-2018,0,0,25,25,0,654,45
P053,intermittent,28,A320,BASE_HYD,01-09-2018,0,0,25,25,0,553,45
P053,intermittent,28,A320,BASE_HYD,01-10-2018,0,0,25,25,0,556,15
P053,intermittent,28,A320,BASE_HYD,01-11-2018,1,1,25,24,0,563,30
P053,intermittent,28,A320,BASE_HYD,01-12-2018,3,3,24,21,0,643,15
P053,intermittent,28,A320,BASE_HYD,01-01-2019,0,0,21,21,0,547,45
P053,intermittent,28,A320,BASE_HYD,01-02-2019,0,0,21,21,0,549,60
P053,intermittent,28,A320,BASE_HYD,01-03-2019,0,0,21,21,0,560,30
P053,intermittent,28,A320,BASE_HYD,01-04-2019,2,2,21,19,0,559,30
P053,intermittent,28,A320,BASE_HYD,01-05-2019,2,2,19,17,0,552,15
P053,intermittent,28,A320,BASE_HYD,01-06-2019,0,0,17,17,0,638,15
P053,intermittent,28,A320,BASE_HYD,01-07-2019,0,0,17,17,0,639,30
P053,intermittent,28,A320,BASE_HYD,01-08-2019,0,0,17,17,0,640,30
P053,intermittent,28,A320,BASE_HYD,01-09-2019,0,0,17,17,0,558,15
P053,intermittent,28,A320,BASE_HYD,01-10-2019,0,0,17,17,0,553,15
P053,intermittent,28,A320,BASE_HYD,01-11-2019,0,0,17,17,0,559,15
P053,intermittent,28,A320,BASE_HYD,01-12-2019,1,1,17,16,0,642,45
P053,intermittent,28,A320,BASE_HYD,01-01-2020,1,1,16,15,0,558,15
P053,intermittent,28,A320,BASE_HYD,01-02-2020,0,0,15,15,0,558,30
P053,intermittent,28,A320,BASE_HYD,01-03-2020,0,0,15,15,0,558,15
P053,intermittent,28,A320,BASE_HYD,01-04-2020,3,3,15,12,0,551,30
P053,intermittent,28,A320,BASE_HYD,01-05-2020,0,0,12,12,0,553,60
P053,intermittent,28,A320,BASE_HYD,01-06-2020,0,0,12,12,0,631,60
P053,intermittent,28,A320,BASE_HYD,01-07-2020,0,0,12,12,0,638,30
P053,intermittent,28,A320,BASE_HYD,01-08-2020,0,0,12,12,0,632,60
P053,intermittent,28,A320,BASE_HYD,01-09-2020,0,0,12,12,0,556,15
P053,intermittent,28,A320,BASE_HYD,01-10-2020,0,0,12,12,0,560,60
P053,intermittent,28,A320,BASE_HYD,01-11-2020,1,1,12,11,0,554,15
P053,intermittent,28,A320,BASE_HYD,01-12-2020,4,4,11,7,0,633,30
P053,intermittent,28,A320,BASE_HYD,01-01-2021,0,0,7,7,0,555,45
P053,intermittent,28,A320,BASE_HYD,01-02-2021,0,0,7,7,0,558,30
P053,intermittent,28,A320,BASE_HYD,01-03-2021,0,0,7,7,0,548,30
P053,intermittent,28,A320,BASE_HYD,01-04-2021,3,3,7,4,0,553,15
P053,intermittent,28,A320,BASE_HYD,01-05-2021,0,0,25,25,0,554,30
P053,intermittent,28,A320,BASE_HYD,01-06-2021,0,0,25,25,0,633,15
P053,intermittent,28,A320,BASE_HYD,01-07-2021,0,0,25,25,0,638,15
P053,intermittent,28,A320,BASE_HYD,01-08-2021,0,0,25,25,0,624,45
P053,intermittent,28,A320,BASE_HYD,01-09-2021,0,0,25,25,0,554,30
P053,intermittent,28,A320,BASE_HYD,01-10-2021,0,0,25,25,0,562,60
P053,intermittent,28,A320,BASE_HYD,01-11-2021,0,0,25,25,0,555,60
P053,intermittent,28,A320,BASE_HYD,01-12-2021,0,0,25,25,0,635,60
P053,intermittent,28,A320,BASE_HYD,01-01-2022,0,0,25,25,0,544,60
P053,intermittent,28,A320,BASE_HYD,01-02-2022,0,0,25,25,0,548,45
P053,intermittent,28,A320,BASE_HYD,01-03-2022,0,0,25,25,0,552,30
P053,intermittent,28,A320,BASE_HYD,01-04-2022,0,0,25,25,0,551,15
P053,intermittent,28,A320,BASE_HYD,01-05-2022,4,4,25,21,0,544,45
P053,intermittent,28,A320,BASE_HYD,01-06-2022,0,0,21,21,0,634,30
P053,intermittent,28,A320,BASE_HYD,01-07-2022,0,0,21,21,0,627,60
P053,intermittent,28,A320,BASE_HYD,01-08-2022,0,0,21,21,0,629,15
P053,intermittent,28,A320,BASE_HYD,01-09-2022,0,0,21,21,0,555,45
P053,intermittent,28,A320,BASE_HYD,01-10-2022,0,0,21,21,0,549,60
P053,intermittent,28,A320,BASE_HYD,01-11-2022,0,0,21,21,0,547,45
P053,intermittent,28,A320,BASE_HYD,01-12-2022,0,0,21,21,0,627,45
P053,intermittent,28,A320,BASE_HYD,01-01-2023,0,0,21,21,0,545,15
P053,intermittent,28,A320,BASE_HYD,01-02-2023,0,0,21,21,0,546,15
P053,intermittent,28,A320,BASE_HYD,01-03-2023,0,0,21,21,0,553,15
P053,intermittent,28,A320,BASE_HYD,01-04-2023,0,0,21,21,0,548,45
P053,intermittent,28,A320,BASE_HYD,01-05-2023,0,0,21,21,0,555,45
P053,intermittent,28,A320,BASE_HYD,01-06-2023,0,0,21,21,0,624,45
P053,intermittent,28,A320,BASE_HYD,01-07-2023,0,0,21,21,0,639,30
P053,intermittent,28,A320,BASE_HYD,01-08-2023,0,0,21,21,0,630,60
P053,intermittent,28,A320,BASE_HYD,01-09-2023,0,0,21,21,0,547,30
P053,intermittent,28,A320,BASE_HYD,01-10-2023,0,0,21,21,0,547,60
P053,intermittent,28,A320,BASE_HYD,01-11-2023,0,0,21,21,0,561,15
P053,intermittent,28,A320,BASE_HYD,01-12-2023,1,1,21,20,0,628,15
P053,intermittent,28,A320,LINE_DEL,01-01-2018,0,0,15,15,0,558,30
P053,intermittent,28,A320,LINE_DEL,01-02-2018,0,0,15,15,0,557,30
P053,intermittent,28,A320,LINE_DEL,01-03-2018,0,0,15,15,0,558,45
P053,intermittent,28,A320,LINE_DEL,01-04-2018,0,0,15,15,0,559,15
P053,intermittent,28,A320,LINE_DEL,01-05-2018,0,0,15,15,0,558,15
P053,intermittent,28,A320,LINE_DEL,01-06-2018,0,0,15,15,0,635,30
P053,intermittent,28,A320,LINE_DEL,01-07-2018,0,0,15,15,0,626,15
P053,intermittent,28,A320,LINE_DEL,01-08-2018,0,0,15,15,0,654,45
P053,intermittent,28,A320,LINE_DEL,01-09-2018,0,0,15,15,0,553,60
P053,intermittent,28,A320,LINE_DEL,01-10-2018,0,0,15,15,0,556,45
P053,intermittent,28,A320,LINE_DEL,01-11-2018,0,0,15,15,0,563,30
P053,intermittent,28,A320,LINE_DEL,01-12-2018,0,0,15,15,0,643,45
P053,intermittent,28,A320,LINE_DEL,01-01-2019,0,0,15,15,0,547,60
P053,intermittent,28,A320,LINE_DEL,01-02-2019,0,0,15,15,0,549,60
P053,intermittent,28,A320,LINE_DEL,01-03-2019,0,0,15,15,0,560,45
P053,intermittent,28,A320,LINE_DEL,01-04-2019,0,0,15,15,0,559,30
P053,intermittent,28,A320,LINE_DEL,01-05-2019,1,1,15,14,0,552,15
P053,intermittent,28,A320,LINE_DEL,01-06-2019,0,0,14,14,0,638,30
P053,intermittent,28,A320,LINE_DEL,01-07-2019,0,0,14,14,0,639,15
P053,intermittent,28,A320,LINE_DEL,01-08-2019,1,1,14,13,0,640,30
P053,intermittent,28,A320,LINE_DEL,01-09-2019,0,0,13,13,0,558,15
P053,intermittent,28,A320,LINE_DEL,01-10-2019,3,3,13,10,0,553,30
P053,intermittent,28,A320,LINE_DEL,01-11-2019,2,2,10,8,0,559,45
P053,intermittent,28,A320,LINE_DEL,01-12-2019,2,2,8,6,0,642,30
P053,intermittent,28,A320,LINE_DEL,01-01-2020,1,1,6,5,0,558,30
P053,intermittent,28,A320,LINE_DEL,01-02-2020,0,0,5,5,0,558,45
P053,intermittent,28,A320,LINE_DEL,01-03-2020,0,0,5,5,0,558,60
P053,intermittent,28,A320,LINE_DEL,01-04-2020,0,0,5,5,0,551,30
P053,intermittent,28,A320,LINE_DEL,01-05-2020,0,0,5,5,0,553,15
P053,intermittent,28,A320,LINE_DEL,01-06-2020,0,0,5,5,0,631,15
P053,intermittent,28,A320,LINE_DEL,01-07-2020,0,0,5,5,0,638,30
P053,intermittent,28,A320,LINE_DEL,01-08-2020,0,0,5,5,0,632,30
P053,intermittent,28,A320,LINE_DEL,01-09-2020,1,1,5,4,0,556,15
P053,intermittent,28,A320,LINE_DEL,01-10-2020,0,0,23,23,0,560,45
P053,intermittent,28,A320,LINE_DEL,01-11-2020,0,0,23,23,0,554,30
P053,intermittent,28,A320,LINE_DEL,01-12-2020,0,0,23,23,0,633,15
P053,intermittent,28,A320,LINE_DEL,01-01-2021,0,0,23,23,0,555,30
P053,intermittent,28,A320,LINE_DEL,01-02-2021,4,4,23,19,0,558,45
P053,intermittent,28,A320,LINE_DEL,01-03-2021,0,0,19,19,0,548,30
P053,intermittent,28,A320,LINE_DEL,01-04-2021,3,3,19,16,0,553,45
P053,intermittent,28,A320,LINE_DEL,01-05-2021,0,0,16,16,0,554,60
P053,intermittent,28,A320,LINE_DEL,01-06-2021,0,0,16,16,0,633,60
P053,intermittent,28,A320,LINE_DEL,01-07-2021,0,0,16,16,0,638,15
P053,intermittent,28,A320,LINE_DEL,01-08-2021,2,2,16,14,0,624,15
P053,intermittent,28,A320,LINE_DEL,01-09-2021,0,0,14,14,0,554,15
P053,intermittent,28,A320,LINE_DEL,01-10-2021,0,0,14,14,0,562,45
P053,intermittent,28,A320,LINE_DEL,01-11-2021,0,0,14,14,0,555,45
P053,intermittent,28,A320,LINE_DEL,01-12-2021,0,0,14,14,0,635,30
P053,intermittent,28,A320,LINE_DEL,01-01-2022,0,0,14,14,0,544,15
P053,intermittent,28,A320,LINE_DEL,01-02-2022,0,0,14,14,0,548,30
P053,intermittent,28,A320,LINE_DEL,01-03-2022,1,1,14,13,0,552,15
P053,intermittent,28,A320,LINE_DEL,01-04-2022,0,0,13,13,0,551,60
P053,intermittent,28,A320,LINE_DEL,01-05-2022,0,0,13,13,0,544,30
P053,intermittent,28,A320,LINE_DEL,01-06-2022,0,0,13,13,0,634,60
P053,intermittent,28,A320,LINE_DEL,01-07-2022,0,0,13,13,0,627,60
P053,intermittent,28,A320,LINE_DEL,01-08-2022,0,0,13,13,0,629,30
P053,intermittent,28,A320,LINE_DEL,01-09-2022,0,0,13,13,0,555,15
P053,intermittent,28,A320,LINE_DEL,01-10-2022,0,0,13,13,0,549,45
P053,intermittent,28,A320,LINE_DEL,01-11-2022,4,4,13,9,0,547,15
P053,intermittent,28,A320,LINE_DEL,01-12-2022,0,0,9,9,0,627,45
P053,intermittent,28,A320,LINE_DEL,01-01-2023,0,0,9,9,0,545,45
P053,intermittent,28,A320,LINE_DEL,01-02-2023,0,0,9,9,0,546,30
P053,intermittent,28,A320,LINE_DEL,01-03-2023,0,0,9,9,0,553,45
P053,intermittent,28,A320,LINE_DEL,01-04-2023,0,0,9,9,0,548,15
P053,intermittent,28,A320,LINE_DEL,01-05-2023,0,0,9,9,0,555,15
P053,intermittent,28,A320,LINE_DEL,01-06-2023,0,0,9,9,0,624,60
P053,intermittent,28,A320,LINE_DEL,01-07-2023,0,0,9,9,0,639,30
P053,intermittent,28,A320,LINE_DEL,01-08-2023,0,0,9,9,0,630,45
P053,intermittent,28,A320,LINE_DEL,01-09-2023,0,0,9,9,0,547,60
P053,intermittent,28,A320,LINE_DEL,01-10-2023,0,0,9,9,0,547,30
P053,intermittent,28,A320,LINE_DEL,01-11-2023,0,0,9,9,0,561,30
P053,intermittent,28,A320,LINE_DEL,01-12-2023,0,0,9,9,0,628,15
P053,intermittent,28,A320,MRO_BLR,01-01-2018,2,2,26,24,0,558,60
P053,intermittent,28,A320,MRO_BLR,01-02-2018,0,0,24,24,0,557,15
P053,intermittent,28,A320,MRO_BLR,01-03-2018,0,0,24,24,0,558,15
P053,intermittent,28,A320,MRO_BLR,01-04-2018,0,0,24,24,0,559,45
P053,intermittent,28,A320,MRO_BLR,01-05-2018,0,0,24,24,0,558,60
P053,intermittent,28,A320,MRO_BLR,01-06-2018,0,0,24,24,0,635,45
P053,intermittent,28,A320,MRO_BLR,01-07-2018,0,0,24,24,0,626,45
P053,intermittent,28,A320,MRO_BLR,01-08-2018,0,0,24,24,0,654,30
P053,intermittent,28,A320,MRO_BLR,01-09-2018,3,3,24,21,0,553,45
P053,intermittent,28,A320,MRO_BLR,01-10-2018,0,0,21,21,0,556,15
P053,intermittent,28,A320,MRO_BLR,01-11-2018,0,0,21,21,0,563,30
P053,intermittent,28,A320,MRO_BLR,01-12-2018,1,1,21,20,0,643,60
P053,intermittent,28,A320,MRO_BLR,01-01-2019,0,0,20,20,0,547,60
P053,intermittent,28,A320,MRO_BLR,01-02-2019,0,0,20,20,0,549,45
P053,intermittent,28,A320,MRO_BLR,01-03-2019,0,0,20,20,0,560,60
P053,intermittent,28,A320,MRO_BLR,01-04-2019,0,0,20,20,0,559,30
P053,intermittent,28,A320,MRO_BLR,01-05-2019,0,0,20,20,0,552,45
P053,intermittent,28,A320,MRO_BLR,01-06-2019,0,0,20,20,0,638,30
P053,intermittent,28,A320,MRO_BLR,01-07-2019,0,0,20,20,0,639,60
P053,intermittent,28,A320,MRO_BLR,01-08-2019,0,0,20,20,0,640,15
P053,intermittent,28,A320,MRO_BLR,01-09-2019,0,0,20,20,0,558,45
P053,intermittent,28,A320,MRO_BLR,01-10-2019,0,0,20,20,0,553,30
P053,intermittent,28,A320,MRO_BLR,01-11-2019,0,0,20,20,0,559,45
P053,intermittent,28,A320,MRO_BLR,01-12-2019,0,0,20,20,0,642,45
P053,intermittent,28,A320,MRO_BLR,01-01-2020,2,2,20,18,0,558,45
P053,intermittent,28,A320,MRO_BLR,01-02-2020,0,0,18,18,0,558,45
P053,intermittent,28,A320,MRO_BLR,01-03-2020,3,3,18,15,0,558,15
P053,intermittent,28,A320,MRO_BLR,01-04-2020,0,0,15,15,0,551,60
P053,intermittent,28,A320,MRO_BLR,01-05-2020,0,0,15,15,0,553,15
P053,intermittent,28,A320,MRO_BLR,01-06-2020,0,0,15,15,0,631,45
P053,intermittent,28,A320,MRO_BLR,01-07-2020,0,0,15,15,0,638,45
P053,intermittent,28,A320,MRO_BLR,01-08-2020,0,0,15,15,0,632,15
P053,intermittent,28,A320,MRO_BLR,01-09-2020,1,1,15,14,0,556,30
P053,intermittent,28,A320,MRO_BLR,01-10-2020,3,3,14,11,0,560,15
P053,intermittent,28,A320,MRO_BLR,01-11-2020,0,0,11,11,0,554,60
P053,intermittent,28,A320,MRO_BLR,01-12-2020,0,0,11,11,0,633,30
P053,intermittent,28,A320,MRO_BLR,01-01-2021,0,0,11,11,0,555,45
P053,intermittent,28,A320,MRO_BLR,01-02-2021,1,1,11,10,0,558,30
P053,intermittent,28,A320,MRO_BLR,01-03-2021,0,0,10,10,0,548,15
P053,intermittent,28,A320,MRO_BLR,01-04-2021,3,3,10,7,0,553,15
P053,intermittent,28,A320,MRO_BLR,01-05-2021,1,1,7,6,0,554,60
P053,intermittent,28,A320,MRO_BLR,01-06-2021,0,0,6,6,0,633,30
P053,intermittent,28,A320,MRO_BLR,01-07-2021,0,0,6,6,0,638,45
P053,intermittent,28,A320,MRO_BLR,01-08-2021,0,0,6,6,0,624,60
P053,intermittent,28,A320,MRO_BLR,01-09-2021,0,0,6,6,0,554,45
P053,intermittent,28,A320,MRO_BLR,01-10-2021,2,2,6,4,0,562,15
P053,intermittent,28,A320,MRO_BLR,01-11-2021,0,0,28,28,0,555,45
P053,intermittent,28,A320,MRO_BLR,01-12-2021,3,3,28,25,0,635,45
P053,intermittent,28,A320,MRO_BLR,01-01-2022,1,1,25,24,0,544,60
P053,intermittent,28,A320,MRO_BLR,01-02-2022,0,0,24,24,0,548,60
P053,intermittent,28,A320,MRO_BLR,01-03-2022,0,0,24,24,0,552,30
P053,intermittent,28,A320,MRO_BLR,01-04-2022,0,0,24,24,0,551,45
P053,intermittent,28,A320,MRO_BLR,01-05-2022,5,5,24,19,0,544,15
P053,intermittent,28,A320,MRO_BLR,01-06-2022,0,0,19,19,0,634,60
P053,intermittent,28,A320,MRO_BLR,01-07-2022,0,0,19,19,0,627,15
P053,intermittent,28,A320,MRO_BLR,01-08-2022,0,0,19,19,0,629,30
P053,intermittent,28,A320,MRO_BLR,01-09-2022,0,0,19,19,0,555,30
P053,intermittent,28,A320,MRO_BLR,01-10-2022,0,0,19,19,0,549,30
P053,intermittent,28,A320,MRO_BLR,01-11-2022,0,0,19,19,0,547,60
P053,intermittent,28,A320,MRO_BLR,01-12-2022,0,0,19,19,0,627,45
P053,intermittent,28,A320,MRO_BLR,01-01-2023,0,0,19,19,0,545,60
P053,intermittent,28,A320,MRO_BLR,01-02-2023,0,0,19,19,0,546,60
P053,intermittent,28,A320,MRO_BLR,01-03-2023,2,2,19,17,0,553,45
P053,intermittent,28,A320,MRO_BLR,01-04-2023,0,0,17,17,0,548,15
P053,intermittent,28,A320,MRO_BLR,01-05-2023,0,0,17,17,0,555,15
P053,intermittent,28,A320,MRO_BLR,01-06-2023,0,0,17,17,0,624,30
P053,intermittent,28,A320,MRO_BLR,01-07-2023,0,0,17,17,0,639,60
P053,intermittent,28,A320,MRO_BLR,01-08-2023,1,1,17,16,0,630,15
P053,intermittent,28,A320,MRO_BLR,01-09-2023,2,2,16,14,0,547,60
P053,intermittent,28,A320,MRO_BLR,01-10-2023,0,0,14,14,0,547,45
P053,intermittent,28,A320,MRO_BLR,01-11-2023,0,0,14,14,0,561,45
P053,intermittent,28,A320,MRO_BLR,01-12-2023,3,3,14,11,0,628,30
P054,intermittent,49,B737,BASE_HYD,01-01-2018,0,0,20,20,0,602,45
P054,intermittent,49,B737,BASE_HYD,01-02-2018,0,0,20,20,0,599,30
P054,intermittent,49,B737,BASE_HYD,01-03-2018,0,0,20,20,0,607,30
P054,intermittent,49,B737,BASE_HYD,01-04-2018,0,0,20,20,0,607,30
P054,intermittent,49,B737,BASE_HYD,01-05-2018,0,0,20,20,0,615,45
P054,intermittent,49,B737,BASE_HYD,01-06-2018,0,0,20,20,0,698,45
P054,intermittent,49,B737,BASE_HYD,01-07-2018,0,0,20,20,0,697,60
P054,intermittent,49,B737,BASE_HYD,01-08-2018,1,1,20,19,0,701,60
P054,intermittent,49,B737,BASE_HYD,01-09-2018,0,0,19,19,0,608,15
P054,intermittent,49,B737,BASE_HYD,01-10-2018,0,0,19,19,0,614,45
P054,intermittent,49,B737,BASE_HYD,01-11-2018,0,0,19,19,0,617,60
P054,intermittent,49,B737,BASE_HYD,01-12-2018,0,0,19,19,0,699,15
P054,intermittent,49,B737,BASE_HYD,01-01-2019,0,0,19,19,0,601,15
P054,intermittent,49,B737,BASE_HYD,01-02-2019,2,2,19,17,0,606,15
P054,intermittent,49,B737,BASE_HYD,01-03-2019,0,0,17,17,0,608,30
P054,intermittent,49,B737,BASE_HYD,01-04-2019,0,0,17,17,0,598,60
P054,intermittent,49,B737,BASE_HYD,01-05-2019,0,0,17,17,0,605,45
P054,intermittent,49,B737,BASE_HYD,01-06-2019,1,1,17,16,0,687,45
P054,intermittent,49,B737,BASE_HYD,01-07-2019,0,0,16,16,0,700,45
P054,intermittent,49,B737,BASE_HYD,01-08-2019,0,0,16,16,0,690,60
P054,intermittent,49,B737,BASE_HYD,01-09-2019,0,0,16,16,0,605,60
P054,intermittent,49,B737,BASE_HYD,01-10-2019,0,0,16,16,0,606,30
P054,intermittent,49,B737,BASE_HYD,01-11-2019,2,2,16,14,0,599,45
P054,intermittent,49,B737,BASE_HYD,01-12-2019,1,1,14,13,0,698,15
P054,intermittent,49,B737,BASE_HYD,01-01-2020,0,0,13,13,0,598,15
P054,intermittent,49,B737,BASE_HYD,01-02-2020,0,0,13,13,0,614,30
P054,intermittent,49,B737,BASE_HYD,01-03-2020,0,0,13,13,0,613,30
P054,intermittent,49,B737,BASE_HYD,01-04-2020,0,0,13,13,0,612,60
P054,intermittent,49,B737,BASE_HYD,01-05-2020,0,0,13,13,0,606,30
P054,intermittent,49,B737,BASE_HYD,01-06-2020,0,0,13,13,0,698,30
P054,intermittent,49,B737,BASE_HYD,01-07-2020,0,0,13,13,0,694,60
P054,intermittent,49,B737,BASE_HYD,01-08-2020,0,0,13,13,0,699,45
P054,intermittent,49,B737,BASE_HYD,01-09-2020,0,0,13,13,0,615,60
P054,intermittent,49,B737,BASE_HYD,01-10-2020,0,0,13,13,0,599,45
P054,intermittent,49,B737,BASE_HYD,01-11-2020,0,0,13,13,0,607,30
P054,intermittent,49,B737,BASE_HYD,01-12-2020,0,0,13,13,0,684,30
P054,intermittent,49,B737,BASE_HYD,01-01-2021,1,1,13,12,0,600,45
P054,intermittent,49,B737,BASE_HYD,01-02-2021,0,0,12,12,0,603,15
P054,intermittent,49,B737,BASE_HYD,01-03-2021,0,0,12,12,0,605,15
P054,intermittent,49,B737,BASE_HYD,01-04-2021,0,0,12,12,0,607,60
P054,intermittent,49,B737,BASE_HYD,01-05-2021,0,0,12,12,0,611,45
P054,intermittent,49,B737,BASE_HYD,01-06-2021,0,0,12,12,0,684,45
P054,intermittent,49,B737,BASE_HYD,01-07-2021,0,0,12,12,0,699,30
P054,intermittent,49,B737,BASE_HYD,01-08-2021,0,0,12,12,0,706,15
P054,intermittent,49,B737,BASE_HYD,01-09-2021,0,0,12,12,0,601,45
P054,intermittent,49,B737,BASE_HYD,01-10-2021,0,0,12,12,0,600,30
P054,intermittent,49,B737,BASE_HYD,01-11-2021,1,1,12,11,0,604,15
P054,intermittent,49,B737,BASE_HYD,01-12-2021,0,0,11,11,0,693,45
P054,intermittent,49,B737,BASE_HYD,01-01-2022,0,0,11,11,0,600,45
P054,intermittent,49,B737,BASE_HYD,01-02-2022,0,0,11,11,0,610,30
P054,intermittent,49,B737,BASE_HYD,01-03-2022,0,0,11,11,0,616,30
P054,intermittent,49,B737,BASE_HYD,01-04-2022,0,0,11,11,0,600,30
P054,intermittent,49,B737,BASE_HYD,01-05-2022,0,0,11,11,0,616,45
P054,intermittent,49,B737,BASE_HYD,01-06-2022,0,0,11,11,0,689,60
P054,intermittent,49,B737,BASE_HYD,01-07-2022,0,0,11,11,0,697,15
P054,intermittent,49,B737,BASE_HYD,01-08-2022,0,0,11,11,0,685,15
P054,intermittent,49,B737,BASE_HYD,01-09-2022,0,0,11,11,0,596,60
P054,intermittent,49,B737,BASE_HYD,01-10-2022,0,0,11,11,0,600,30
P054,intermittent,49,B737,BASE_HYD,01-11-2022,0,0,11,11,0,607,45
P054,intermittent,49,B737,BASE_HYD,01-12-2022,0,0,11,11,0,693,15
P054,intermittent,49,B737,BASE_HYD,01-01-2023,0,0,11,11,0,590,30
P054,intermittent,49,B737,BASE_HYD,01-02-2023,0,0,11,11,0,592,45
P054,intermittent,49,B737,BASE_HYD,01-03-2023,0,0,11,11,0,589,30
P054,intermittent,49,B737,BASE_HYD,01-04-2023,0,0,11,11,0,602,30
P054,intermittent,49,B737,BASE_HYD,01-05-2023,0,0,11,11,0,601,30
P054,intermittent,49,B737,BASE_HYD,01-06-2023,0,0,11,11,0,691,45
P054,intermittent,49,B737,BASE_HYD,01-07-2023,0,0,11,11,0,691,45
P054,intermittent,49,B737,BASE_HYD,01-08-2023,0,0,11,11,0,685,30
P054,intermittent,49,B737,BASE_HYD,01-09-2023,0,0,11,11,0,601,15
P054,intermittent,49,B737,BASE_HYD,01-10-2023,0,0,11,11,0,608,30
P054,intermittent,49,B737,BASE_HYD,01-11-2023,0,0,11,11,0,603,45
P054,intermittent,49,B737,BASE_HYD,01-12-2023,0,0,11,11,0,682,60
P054,intermittent,49,B737,LINE_DEL,01-01-2018,0,0,26,26,0,602,45
P054,intermittent,49,B737,LINE_DEL,01-02-2018,0,0,26,26,0,599,45
P054,intermittent,49,B737,LINE_DEL,01-03-2018,3,3,26,23,0,607,60
P054,intermittent,49,B737,LINE_DEL,01-04-2018,1,1,23,22,0,607,30
P054,intermittent,49,B737,LINE_DEL,01-05-2018,0,0,22,22,0,615,60
P054,intermittent,49,B737,LINE_DEL,01-06-2018,2,2,22,20,0,698,15
P054,intermittent,49,B737,LINE_DEL,01-07-2018,0,0,20,20,0,697,15
P054,intermittent,49,B737,LINE_DEL,01-08-2018,4,4,20,16,0,701,15
P054,intermittent,49,B737,LINE_DEL,01-09-2018,0,0,16,16,0,608,60
P054,intermittent,49,B737,LINE_DEL,01-10-2018,0,0,16,16,0,614,45
P054,intermittent,49,B737,LINE_DEL,01-11-2018,0,0,16,16,0,617,30
P054,intermittent,49,B737,LINE_DEL,01-12-2018,2,2,16,14,0,699,45
P054,intermittent,49,B737,LINE_DEL,01-01-2019,2,2,14,12,0,601,30
P054,intermittent,49,B737,LINE_DEL,01-02-2019,0,0,12,12,0,606,45
P054,intermittent,49,B737,LINE_DEL,01-03-2019,0,0,12,12,0,608,45
P054,intermittent,49,B737,LINE_DEL,01-04-2019,0,0,12,12,0,598,60
P054,intermittent,49,B737,LINE_DEL,01-05-2019,0,0,12,12,0,605,45
P054,intermittent,49,B737,LINE_DEL,01-06-2019,0,0,12,12,0,687,15
P054,intermittent,49,B737,LINE_DEL,01-07-2019,0,0,12,12,0,700,30
P054,intermittent,49,B737,LINE_DEL,01-08-2019,0,0,12,12,0,690,30
P054,intermittent,49,B737,LINE_DEL,01-09-2019,0,0,12,12,0,605,60
P054,intermittent,49,B737,LINE_DEL,01-10-2019,0,0,12,12,0,606,30
P054,intermittent,49,B737,LINE_DEL,01-11-2019,0,0,12,12,0,599,30
P054,intermittent,49,B737,LINE_DEL,01-12-2019,0,0,12,12,0,698,15
P054,intermittent,49,B737,LINE_DEL,01-01-2020,0,0,12,12,0,598,15
P054,intermittent,49,B737,LINE_DEL,01-02-2020,0,0,12,12,0,614,45
P054,intermittent,49,B737,LINE_DEL,01-03-2020,0,0,12,12,0,613,60
P054,intermittent,49,B737,LINE_DEL,01-04-2020,0,0,12,12,0,612,30
P054,intermittent,49,B737,LINE_DEL,01-05-2020,0,0,12,12,0,606,15
P054,intermittent,49,B737,LINE_DEL,01-06-2020,4,4,12,8,0,698,45
P054,intermittent,49,B737,LINE_DEL,01-07-2020,1,1,8,7,0,694,60
P054,intermittent,49,B737,LINE_DEL,01-08-2020,0,0,7,7,0,699,30
P054,intermittent,49,B737,LINE_DEL,01-09-2020,0,0,7,7,0,615,60
P054,intermittent,49,B737,LINE_DEL,01-10-2020,0,0,7,7,0,599,15
P054,intermittent,49,B737,LINE_DEL,01-11-2020,0,0,7,7,0,607,60
P054,intermittent,49,B737,LINE_DEL,01-12-2020,0,0,7,7,0,684,15
P054,intermittent,49,B737,LINE_DEL,01-01-2021,0,0,7,7,0,600,15
P054,intermittent,49,B737,LINE_DEL,01-02-2021,0,0,7,7,0,603,30
P054,intermittent,49,B737,LINE_DEL,01-03-2021,0,0,7,7,0,605,15
P054,intermittent,49,B737,LINE_DEL,01-04-2021,0,0,7,7,0,607,15
P054,intermittent,49,B737,LINE_DEL,01-05-2021,3,3,7,4,0,611,30
P054,intermittent,49,B737,LINE_DEL,01-06-2021,0,0,26,26,0,684,45
P054,intermittent,49,B737,LINE_DEL,01-07-2021,1,1,26,25,0,699,45
P054,intermittent,49,B737,LINE_DEL,01-08-2021,1,1,25,24,0,706,30
P054,intermittent,49,B737,LINE_DEL,01-09-2021,0,0,24,24,0,601,60
P054,intermittent,49,B737,LINE_DEL,01-10-2021,0,0,24,24,0,600,60
P054,intermittent,49,B737,LINE_DEL,01-11-2021,0,0,24,24,0,604,15
P054,intermittent,49,B737,LINE_DEL,01-12-2021,0,0,24,24,0,693,15
P054,intermittent,49,B737,LINE_DEL,01-01-2022,0,0,24,24,0,600,60
P054,intermittent,49,B737,LINE_DEL,01-02-2022,3,3,24,21,0,610,15
P054,intermittent,49,B737,LINE_DEL,01-03-2022,0,0,21,21,0,616,45
P054,intermittent,49,B737,LINE_DEL,01-04-2022,0,0,21,21,0,600,45
P054,intermittent,49,B737,LINE_DEL,01-05-2022,0,0,21,21,0,616,45
P054,intermittent,49,B737,LINE_DEL,01-06-2022,0,0,21,21,0,689,30
P054,intermittent,49,B737,LINE_DEL,01-07-2022,0,0,21,21,0,697,60
P054,intermittent,49,B737,LINE_DEL,01-08-2022,0,0,21,21,0,685,15
P054,intermittent,49,B737,LINE_DEL,01-09-2022,0,0,21,21,0,596,45
P054,intermittent,49,B737,LINE_DEL,01-10-2022,0,0,21,21,0,600,45
P054,intermittent,49,B737,LINE_DEL,01-11-2022,1,1,21,20,0,607,60
P054,intermittent,49,B737,LINE_DEL,01-12-2022,0,0,20,20,0,693,15
P054,intermittent,49,B737,LINE_DEL,01-01-2023,0,0,20,20,0,590,30
P054,intermittent,49,B737,LINE_DEL,01-02-2023,0,0,20,20,0,592,60
P054,intermittent,49,B737,LINE_DEL,01-03-2023,0,0,20,20,0,589,60
P054,intermittent,49,B737,LINE_DEL,01-04-2023,0,0,20,20,0,602,15
P054,intermittent,49,B737,LINE_DEL,01-05-2023,0,0,20,20,0,601,60
P054,intermittent,49,B737,LINE_DEL,01-06-2023,1,1,20,19,0,691,45
P054,intermittent,49,B737,LINE_DEL,01-07-2023,0,0,19,19,0,691,15
P054,intermittent,49,B737,LINE_DEL,01-08-2023,0,0,19,19,0,685,15
P054,intermittent,49,B737,LINE_DEL,01-09-2023,0,0,19,19,0,601,30
P054,intermittent,49,B737,LINE_DEL,01-10-2023,0,0,19,19,0,608,45
P054,intermittent,49,B737,LINE_DEL,01-11-2023,0,0,19,19,0,603,60
P054,intermittent,49,B737,LINE_DEL,01-12-2023,0,0,19,19,0,682,30
P054,intermittent,49,B737,MRO_BLR,01-01-2018,0,0,20,20,0,602,60
P054,intermittent,49,B737,MRO_BLR,01-02-2018,0,0,20,20,0,599,60
P054,intermittent,49,B737,MRO_BLR,01-03-2018,0,0,20,20,0,607,30
P054,intermittent,49,B737,MRO_BLR,01-04-2018,0,0,20,20,0,607,45
P054,intermittent,49,B737,MRO_BLR,01-05-2018,0,0,20,20,0,615,45
P054,intermittent,49,B737,MRO_BLR,01-06-2018,0,0,20,20,0,698,15
P054,intermittent,49,B737,MRO_BLR,01-07-2018,0,0,20,20,0,697,15
P054,intermittent,49,B737,MRO_BLR,01-08-2018,0,0,20,20,0,701,15
P054,intermittent,49,B737,MRO_BLR,01-09-2018,0,0,20,20,0,608,60
P054,intermittent,49,B737,MRO_BLR,01-10-2018,0,0,20,20,0,614,45
P054,intermittent,49,B737,MRO_BLR,01-11-2018,3,3,20,17,0,617,30
P054,intermittent,49,B737,MRO_BLR,01-12-2018,0,0,17,17,0,699,45
P054,intermittent,49,B737,MRO_BLR,01-01-2019,0,0,17,17,0,601,45
P054,intermittent,49,B737,MRO_BLR,01-02-2019,0,0,17,17,0,606,30
P054,intermittent,49,B737,MRO_BLR,01-03-2019,0,0,17,17,0,608,45
P054,intermittent,49,B737,MRO_BLR,01-04-2019,0,0,17,17,0,598,60
P054,intermittent,49,B737,MRO_BLR,01-05-2019,0,0,17,17,0,605,60
P054,intermittent,49,B737,MRO_BLR,01-06-2019,2,2,17,15,0,687,15
P054,intermittent,49,B737,MRO_BLR,01-07-2019,0,0,15,15,0,700,30
P054,intermittent,49,B737,MRO_BLR,01-08-2019,1,1,15,14,0,690,15
P054,intermittent,49,B737,MRO_BLR,01-09-2019,0,0,14,14,0,605,60
P054,intermittent,49,B737,MRO_BLR,01-10-2019,0,0,14,14,0,606,30
P054,intermittent,49,B737,MRO_BLR,01-11-2019,0,0,14,14,0,599,45
P054,intermittent,49,B737,MRO_BLR,01-12-2019,0,0,14,14,0,698,30
P054,intermittent,49,B737,MRO_BLR,01-01-2020,0,0,14,14,0,598,15
P054,intermittent,49,B737,MRO_BLR,01-02-2020,0,0,14,14,0,614,30
P054,intermittent,49,B737,MRO_BLR,01-03-2020,0,0,14,14,0,613,15
P054,intermittent,49,B737,MRO_BLR,01-04-2020,0,0,14,14,0,612,45
P054,intermittent,49,B737,MRO_BLR,01-05-2020,0,0,14,14,0,606,30
P054,intermittent,49,B737,MRO_BLR,01-06-2020,0,0,14,14,0,698,15
P054,intermittent,49,B737,MRO_BLR,01-07-2020,0,0,14,14,0,694,15
P054,intermittent,49,B737,MRO_BLR,01-08-2020,0,0,14,14,0,699,45
P054,intermittent,49,B737,MRO_BLR,01-09-2020,0,0,14,14,0,615,15
P054,intermittent,49,B737,MRO_BLR,01-10-2020,0,0,14,14,0,599,45
P054,intermittent,49,B737,MRO_BLR,01-11-2020,0,0,14,14,0,607,15
P054,intermittent,49,B737,MRO_BLR,01-12-2020,3,3,14,11,0,684,60
P054,intermittent,49,B737,MRO_BLR,01-01-2021,0,0,11,11,0,600,15
P054,intermittent,49,B737,MRO_BLR,01-02-2021,0,0,11,11,0,603,60
P054,intermittent,49,B737,MRO_BLR,01-03-2021,0,0,11,11,0,605,60
P054,intermittent,49,B737,MRO_BLR,01-04-2021,0,0,11,11,0,607,60
P054,intermittent,49,B737,MRO_BLR,01-05-2021,0,0,11,11,0,611,60
P054,intermittent,49,B737,MRO_BLR,01-06-2021,0,0,11,11,0,684,60
P054,intermittent,49,B737,MRO_BLR,01-07-2021,0,0,11,11,0,699,45
P054,intermittent,49,B737,MRO_BLR,01-08-2021,0,0,11,11,0,706,15
P054,intermittent,49,B737,MRO_BLR,01-09-2021,0,0,11,11,0,601,45
P054,intermittent,49,B737,MRO_BLR,01-10-2021,0,0,11,11,0,600,45
P054,intermittent,49,B737,MRO_BLR,01-11-2021,0,0,11,11,0,604,15
P054,intermittent,49,B737,MRO_BLR,01-12-2021,0,0,11,11,0,693,60
P054,intermittent,49,B737,MRO_BLR,01-01-2022,0,0,11,11,0,600,30
P054,intermittent,49,B737,MRO_BLR,01-02-2022,0,0,11,11,0,610,60
P054,intermittent,49,B737,MRO_BLR,01-03-2022,0,0,11,11,0,616,30
P054,intermittent,49,B737,MRO_BLR,01-04-2022,2,2,11,9,0,600,60
P054,intermittent,49,B737,MRO_BLR,01-05-2022,0,0,9,9,0,616,60
P054,intermittent,49,B737,MRO_BLR,01-06-2022,0,0,9,9,0,689,15
P054,intermittent,49,B737,MRO_BLR,01-07-2022,0,0,9,9,0,697,60
P054,intermittent,49,B737,MRO_BLR,01-08-2022,0,0,9,9,0,685,30
P054,intermittent,49,B737,MRO_BLR,01-09-2022,0,0,9,9,0,596,15
P054,intermittent,49,B737,MRO_BLR,01-10-2022,0,0,9,9,0,600,15
P054,intermittent,49,B737,MRO_BLR,01-11-2022,0,0,9,9,0,607,30
P054,intermittent,49,B737,MRO_BLR,01-12-2022,1,1,9,8,0,693,15
P054,intermittent,49,B737,MRO_BLR,01-01-2023,0,0,8,8,0,590,60
P054,intermittent,49,B737,MRO_BLR,01-02-2023,0,0,8,8,0,592,45
P054,intermittent,49,B737,MRO_BLR,01-03-2023,0,0,8,8,0,589,30
P054,intermittent,49,B737,MRO_BLR,01-04-2023,0,0,8,8,0,602,60
P054,intermittent,49,B737,MRO_BLR,01-05-2023,0,0,8,8,0,601,30
P054,intermittent,49,B737,MRO_BLR,01-06-2023,0,0,8,8,0,691,60
P054,intermittent,49,B737,MRO_BLR,01-07-2023,0,0,8,8,0,691,30
P054,intermittent,49,B737,MRO_BLR,01-08-2023,0,0,8,8,0,685,45
P054,intermittent,49,B737,MRO_BLR,01-09-2023,2,2,8,6,0,601,45
P054,intermittent,49,B737,MRO_BLR,01-10-2023,0,0,6,6,0,608,60
P054,intermittent,49,B737,MRO_BLR,01-11-2023,0,0,6,6,0,603,60
P054,intermittent,49,B737,MRO_BLR,01-12-2023,3,3,6,3,0,682,45
P055,intermittent,27,A321,BASE_HYD,01-01-2018,0,0,16,16,0,528,15
P055,intermittent,27,A321,BASE_HYD,01-02-2018,0,0,16,16,0,540,45
P055,intermittent,27,A321,BASE_HYD,01-03-2018,0,0,16,16,0,520,15
P055,intermittent,27,A321,BASE_HYD,01-04-2018,0,0,16,16,0,538,45
P055,intermittent,27,A321,BASE_HYD,01-05-2018,0,0,16,16,0,537,45
P055,intermittent,27,A321,BASE_HYD,01-06-2018,0,0,16,16,0,607,15
P055,intermittent,27,A321,BASE_HYD,01-07-2018,2,2,16,14,0,610,15
P055,intermittent,27,A321,BASE_HYD,01-08-2018,0,0,14,14,0,605,30
P055,intermittent,27,A321,BASE_HYD,01-09-2018,1,1,14,13,0,526,15
P055,intermittent,27,A321,BASE_HYD,01-10-2018,0,0,13,13,0,529,60
P055,intermittent,27,A321,BASE_HYD,01-11-2018,0,0,13,13,0,524,45
P055,intermittent,27,A321,BASE_HYD,01-12-2018,0,0,13,13,0,610,60
P055,intermittent,27,A321,BASE_HYD,01-01-2019,0,0,13,13,0,527,30
P055,intermittent,27,A321,BASE_HYD,01-02-2019,0,0,13,13,0,521,45
P055,intermittent,27,A321,BASE_HYD,01-03-2019,0,0,13,13,0,530,30
P055,intermittent,27,A321,BASE_HYD,01-04-2019,0,0,13,13,0,530,15
P055,intermittent,27,A321,BASE_HYD,01-05-2019,0,0,13,13,0,532,30
P055,intermittent,27,A321,BASE_HYD,01-06-2019,0,0,13,13,0,602,60
P055,intermittent,27,A321,BASE_HYD,01-07-2019,0,0,13,13,0,612,15
P055,intermittent,27,A321,BASE_HYD,01-08-2019,0,0,13,13,0,618,15
P055,intermittent,27,A321,BASE_HYD,01-09-2019,4,4,13,9,0,527,15
P055,intermittent,27,A321,BASE_HYD,01-10-2019,0,0,9,9,0,527,60
P055,intermittent,27,A321,BASE_HYD,01-11-2019,2,2,9,7,0,530,30
P055,intermittent,27,A321,BASE_HYD,01-12-2019,0,0,7,7,0,592,45
P055,intermittent,27,A321,BASE_HYD,01-01-2020,0,0,7,7,0,518,45
P055,intermittent,27,A321,BASE_HYD,01-02-2020,0,0,7,7,0,522,30
P055,intermittent,27,A321,BASE_HYD,01-03-2020,0,0,7,7,0,523,45
P055,intermittent,27,A321,BASE_HYD,01-04-2020,0,0,7,7,0,525,15
P055,intermittent,27,A321,BASE_HYD,01-05-2020,0,0,7,7,0,526,15
P055,intermittent,27,A321,BASE_HYD,01-06-2020,0,0,7,7,0,595,45
P055,intermittent,27,A321,BASE_HYD,01-07-2020,0,0,7,7,0,611,60
P055,intermittent,27,A321,BASE_HYD,01-08-2020,0,0,7,7,0,606,15
P055,intermittent,27,A321,BASE_HYD,01-09-2020,0,0,7,7,0,525,30
P055,intermittent,27,A321,BASE_HYD,01-10-2020,0,0,7,7,0,527,30
P055,intermittent,27,A321,BASE_HYD,01-11-2020,0,0,7,7,0,522,45
P055,intermittent,27,A321,BASE_HYD,01-12-2020,0,0,7,7,0,602,15
P055,intermittent,27,A321,BASE_HYD,01-01-2021,0,0,7,7,0,518,45
P055,intermittent,27,A321,BASE_HYD,01-02-2021,1,1,7,6,0,512,60
P055,intermittent,27,A321,BASE_HYD,01-03-2021,0,0,6,6,0,522,60
P055,intermittent,27,A321,BASE_HYD,01-04-2021,0,0,6,6,0,532,60
P055,intermittent,27,A321,BASE_HYD,01-05-2021,1,1,6,5,0,520,45
P055,intermittent,27,A321,BASE_HYD,01-06-2021,0,0,5,5,0,592,15
P055,intermittent,27,A321,BASE_HYD,01-07-2021,0,0,5,5,0,605,45
P055,intermittent,27,A321,BASE_HYD,01-08-2021,0,0,5,5,0,599,45
P055,intermittent,27,A321,BASE_HYD,01-09-2021,0,0,5,5,0,526,15
P055,intermittent,27,A321,BASE_HYD,01-10-2021,0,0,5,5,0,527,30
P055,intermittent,27,A321,BASE_HYD,01-11-2021,3,3,5,2,0,521,45
P055,intermittent,27,A321,BASE_HYD,01-12-2021,0,0,2,2,0,604,15
P055,intermittent,27,A321,BASE_HYD,01-01-2022,0,0,17,17,0,521,30
P055,intermittent,27,A321,BASE_HYD,01-02-2022,0,0,17,17,0,511,60
P055,intermittent,27,A321,BASE_HYD,01-03-2022,0,0,17,17,0,519,30
P055,intermittent,27,A321,BASE_HYD,01-04-2022,0,0,17,17,0,517,60
P055,intermittent,27,A321,BASE_HYD,01-05-2022,0,0,17,17,0,514,15
P055,intermittent,27,A321,BASE_HYD,01-06-2022,0,0,17,17,0,595,15
P055,intermittent,27,A321,BASE_HYD,01-07-2022,0,0,17,17,0,604,60
P055,intermittent,27,A321,BASE_HYD,01-08-2022,0,0,17,17,0,600,30
P055,intermittent,27,A321,BASE_HYD,01-09-2022,0,0,17,17,0,512,15
P055,intermittent,27,A321,BASE_HYD,01-10-2022,0,0,17,17,0,516,45
P055,intermittent,27,A321,BASE_HYD,01-11-2022,0,0,17,17,0,522,45
P055,intermittent,27,A321,BASE_HYD,01-12-2022,3,3,17,14,0,600,15
P055,intermittent,27,A321,BASE_HYD,01-01-2023,0,0,14,14,0,518,60
P055,intermittent,27,A321,BASE_HYD,01-02-2023,1,1,14,13,0,524,15
P055,intermittent,27,A321,BASE_HYD,01-03-2023,0,0,13,13,0,522,15
P055,intermittent,27,A321,BASE_HYD,01-04-2023,0,0,13,13,0,517,60
P055,intermittent,27,A321,BASE_HYD,01-05-2023,0,0,13,13,0,517,15
P055,intermittent,27,A321,BASE_HYD,01-06-2023,0,0,13,13,0,597,30
P055,intermittent,27,A321,BASE_HYD,01-07-2023,0,0,13,13,0,586,45
P055,intermittent,27,A321,BASE_HYD,01-08-2023,0,0,13,13,0,600,45
P055,intermittent,27,A321,BASE_HYD,01-09-2023,0,0,13,13,0,514,45
P055,intermittent,27,A321,BASE_HYD,01-10-2023,0,0,13,13,0,526,15
P055,intermittent,27,A321,BASE_HYD,01-11-2023,0,0,13,13,0,511,60
P055,intermittent,27,A321,BASE_HYD,01-12-2023,0,0,13,13,0,600,45
P055,intermittent,27,A321,LINE_DEL,01-01-2018,0,0,22,22,0,528,15
P055,intermittent,27,A321,LINE_DEL,01-02-2018,0,0,22,22,0,540,15
P055,intermittent,27,A321,LINE_DEL,01-03-2018,0,0,22,22,0,520,60
P055,intermittent,27,A321,LINE_DEL,01-04-2018,0,0,22,22,0,538,30
P055,intermittent,27,A321,LINE_DEL,01-05-2018,0,0,22,22,0,537,30
P055,intermittent,27,A321,LINE_DEL,01-06-2018,0,0,22,22,0,607,60
P055,intermittent,27,A321,LINE_DEL,01-07-2018,0,0,22,22,0,610,15
P055,intermittent,27,A321,LINE_DEL,01-08-2018,0,0,22,22,0,605,15
P055,intermittent,27,A321,LINE_DEL,01-09-2018,0,0,22,22,0,526,30
P055,intermittent,27,A321,LINE_DEL,01-10-2018,0,0,22,22,0,529,60
P055,intermittent,27,A321,LINE_DEL,01-11-2018,0,0,22,22,0,524,45
P055,intermittent,27,A321,LINE_DEL,01-12-2018,0,0,22,22,0,610,60
P055,intermittent,27,A321,LINE_DEL,01-01-2019,0,0,22,22,0,527,45
P055,intermittent,27,A321,LINE_DEL,01-02-2019,0,0,22,22,0,521,30
P055,intermittent,27,A321,LINE_DEL,01-03-2019,0,0,22,22,0,530,60
P055,intermittent,27,A321,LINE_DEL,01-04-2019,2,2,22,20,0,530,30
P055,intermittent,27,A321,LINE_DEL,01-05-2019,0,0,20,20,0,532,30
P055,intermittent,27,A321,LINE_DEL,01-06-2019,0,0,20,20,0,602,15
P055,intermittent,27,A321,LINE_DEL,01-07-2019,0,0,20,20,0,612,30
P055,intermittent,27,A321,LINE_DEL,01-08-2019,2,2,20,18,0,618,15
P055,intermittent,27,A321,LINE_DEL,01-09-2019,0,0,18,18,0,527,60
P055,intermittent,27,A321,LINE_DEL,01-10-2019,0,0,18,18,0,527,45
P055,intermittent,27,A321,LINE_DEL,01-11-2019,0,0,18,18,0,530,15
P055,intermittent,27,A321,LINE_DEL,01-12-2019,0,0,18,18,0,592,60
P055,intermittent,27,A321,LINE_DEL,01-01-2020,0,0,18,18,0,518,60
P055,intermittent,27,A321,LINE_DEL,01-02-2020,0,0,18,18,0,522,15
P055,intermittent,27,A321,LINE_DEL,01-03-2020,0,0,18,18,0,523,30
P055,intermittent,27,A321,LINE_DEL,01-04-2020,0,0,18,18,0,525,30
P055,intermittent,27,A321,LINE_DEL,01-05-2020,1,1,18,17,0,526,45
P055,intermittent,27,A321,LINE_DEL,01-06-2020,3,3,17,14,0,595,30
P055,intermittent,27,A321,LINE_DEL,01-07-2020,0,0,14,14,0,611,30
P055,intermittent,27,A321,LINE_DEL,01-08-2020,0,0,14,14,0,606,15
P055,intermittent,27,A321,LINE_DEL,01-09-2020,0,0,14,14,0,525,60
P055,intermittent,27,A321,LINE_DEL,01-10-2020,0,0,14,14,0,527,30
P055,intermittent,27,A321,LINE_DEL,01-11-2020,1,1,14,13,0,522,60
P055,intermittent,27,A321,LINE_DEL,01-12-2020,2,2,13,11,0,602,30
P055,intermittent,27,A321,LINE_DEL,01-01-2021,0,0,11,11,0,518,60
P055,intermittent,27,A321,LINE_DEL,01-02-2021,0,0,11,11,0,512,60
P055,intermittent,27,A321,LINE_DEL,01-03-2021,0,0,11,11,0,522,15
P055,intermittent,27,A321,LINE_DEL,01-04-2021,0,0,11,11,0,532,15
P055,intermittent,27,A321,LINE_DEL,01-05-2021,0,0,11,11,0,520,45
P055,intermittent,27,A321,LINE_DEL,01-06-2021,0,0,11,11,0,592,15
P055,intermittent,27,A321,LINE_DEL,01-07-2021,0,0,11,11,0,605,45
P055,intermittent,27,A321,LINE_DEL,01-08-2021,1,1,11,10,0,599,30
P055,intermittent,27,A321,LINE_DEL,01-09-2021,0,0,10,10,0,526,30
P055,intermittent,27,A321,LINE_DEL,01-10-2021,0,0,10,10,0,527,15
P055,intermittent,27,A321,LINE_DEL,01-11-2021,0,0,10,10,0,521,15
P055,intermittent,27,A321,LINE_DEL,01-12-2021,2,2,10,8,0,604,15
P055,intermittent,27,A321,LINE_DEL,01-01-2022,0,0,8,8,0,521,45
P055,intermittent,27,A321,LINE_DEL,01-02-2022,0,0,8,8,0,511,60
P055,intermittent,27,A321,LINE_DEL,01-03-2022,0,0,8,8,0,519,30
P055,intermittent,27,A321,LINE_DEL,01-04-2022,2,2,8,6,0,517,60
P055,intermittent,27,A321,LINE_DEL,01-05-2022,0,0,6,6,0,514,45
P055,intermittent,27,A321,LINE_DEL,01-06-2022,0,0,6,6,0,595,15
P055,intermittent,27,A321,LINE_DEL,01-07-2022,0,0,6,6,0,604,45
P055,intermittent,27,A321,LINE_DEL,01-08-2022,0,0,6,6,0,600,30
P055,intermittent,27,A321,LINE_DEL,01-09-2022,2,2,6,4,0,512,45
P055,intermittent,27,A321,LINE_DEL,01-10-2022,0,0,4,4,0,516,60
P055,intermittent,27,A321,LINE_DEL,01-11-2022,0,0,28,28,0,522,30
P055,intermittent,27,A321,LINE_DEL,01-12-2022,1,1,28,27,0,600,30
P055,intermittent,27,A321,LINE_DEL,01-01-2023,3,3,27,24,0,518,30
P055,intermittent,27,A321,LINE_DEL,01-02-2023,0,0,24,24,0,524,45
P055,intermittent,27,A321,LINE_DEL,01-03-2023,0,0,24,24,0,522,15
P055,intermittent,27,A321,LINE_DEL,01-04-2023,0,0,24,24,0,517,60
P055,intermittent,27,A321,LINE_DEL,01-05-2023,1,1,24,23,0,517,45
P055,intermittent,27,A321,LINE_DEL,01-06-2023,0,0,23,23,0,597,15
P055,intermittent,27,A321,LINE_DEL,01-07-2023,0,0,23,23,0,586,15
P055,intermittent,27,A321,LINE_DEL,01-08-2023,0,0,23,23,0,600,45
P055,intermittent,27,A321,LINE_DEL,01-09-2023,0,0,23,23,0,514,45
P055,intermittent,27,A321,LINE_DEL,01-10-2023,0,0,23,23,0,526,15
P055,intermittent,27,A321,LINE_DEL,01-11-2023,0,0,23,23,0,511,60
P055,intermittent,27,A321,LINE_DEL,01-12-2023,0,0,23,23,0,600,45
P055,intermittent,27,A321,MRO_BLR,01-01-2018,1,1,22,21,0,528,30
P055,intermittent,27,A321,MRO_BLR,01-02-2018,4,4,21,17,0,540,15
P055,intermittent,27,A321,MRO_BLR,01-03-2018,0,0,17,17,0,520,15
P055,intermittent,27,A321,MRO_BLR,01-04-2018,0,0,17,17,0,538,45
P055,intermittent,27,A321,MRO_BLR,01-05-2018,0,0,17,17,0,537,45
P055,intermittent,27,A321,MRO_BLR,01-06-2018,0,0,17,17,0,607,15
P055,intermittent,27,A321,MRO_BLR,01-07-2018,0,0,17,17,0,610,30
P055,intermittent,27,A321,MRO_BLR,01-08-2018,3,3,17,14,0,605,60
P055,intermittent,27,A321,MRO_BLR,01-09-2018,1,1,14,13,0,526,60
P055,intermittent,27,A321,MRO_BLR,01-10-2018,0,0,13,13,0,529,15
P055,intermittent,27,A321,MRO_BLR,01-11-2018,0,0,13,13,0,524,15
P055,intermittent,27,A321,MRO_BLR,01-12-2018,0,0,13,13,0,610,45
P055,intermittent,27,A321,MRO_BLR,01-01-2019,0,0,13,13,0,527,30
P055,intermittent,27,A321,MRO_BLR,01-02-2019,0,0,13,13,0,521,45
P055,intermittent,27,A321,MRO_BLR,01-03-2019,0,0,13,13,0,530,30
P055,intermittent,27,A321,MRO_BLR,01-04-2019,1,1,13,12,0,530,60
P055,intermittent,27,A321,MRO_BLR,01-05-2019,0,0,12,12,0,532,15
P055,intermittent,27,A321,MRO_BLR,01-06-2019,0,0,12,12,0,602,45
P055,intermittent,27,A321,MRO_BLR,01-07-2019,0,0,12,12,0,612,60
P055,intermittent,27,A321,MRO_BLR,01-08-2019,0,0,12,12,0,618,45
P055,intermittent,27,A321,MRO_BLR,01-09-2019,0,0,12,12,0,527,15
P055,intermittent,27,A321,MRO_BLR,01-10-2019,0,0,12,12,0,527,60
P055,intermittent,27,A321,MRO_BLR,01-11-2019,2,2,12,10,0,530,15
P055,intermittent,27,A321,MRO_BLR,01-12-2019,0,0,10,10,0,592,60
P055,intermittent,27,A321,MRO_BLR,01-01-2020,0,0,10,10,0,518,45
P055,intermittent,27,A321,MRO_BLR,01-02-2020,0,0,10,10,0,522,60
P055,intermittent,27,A321,MRO_BLR,01-03-2020,0,0,10,10,0,523,15
P055,intermittent,27,A321,MRO_BLR,01-04-2020,0,0,10,10,0,525,15
P055,intermittent,27,A321,MRO_BLR,01-05-2020,0,0,10,10,0,526,60
P055,intermittent,27,A321,MRO_BLR,01-06-2020,3,3,10,7,0,595,45
P055,intermittent,27,A321,MRO_BLR,01-07-2020,0,0,7,7,0,611,45
P055,intermittent,27,A321,MRO_BLR,01-08-2020,4,4,7,3,0,606,45
P055,intermittent,27,A321,MRO_BLR,01-09-2020,0,0,3,3,0,525,60
P055,intermittent,27,A321,MRO_BLR,01-10-2020,0,0,28,28,0,527,15
P055,intermittent,27,A321,MRO_BLR,01-11-2020,0,0,28,28,0,522,45
P055,intermittent,27,A321,MRO_BLR,01-12-2020,0,0,28,28,0,602,45
P055,intermittent,27,A321,MRO_BLR,01-01-2021,0,0,28,28,0,518,15
P055,intermittent,27,A321,MRO_BLR,01-02-2021,0,0,28,28,0,512,30
P055,intermittent,27,A321,MRO_BLR,01-03-2021,0,0,28,28,0,522,30
P055,intermittent,27,A321,MRO_BLR,01-04-2021,0,0,28,28,0,532,45
P055,intermittent,27,A321,MRO_BLR,01-05-2021,0,0,28,28,0,520,30
P055,intermittent,27,A321,MRO_BLR,01-06-2021,3,3,28,25,0,592,45
P055,intermittent,27,A321,MRO_BLR,01-07-2021,0,0,25,25,0,605,45
P055,intermittent,27,A321,MRO_BLR,01-08-2021,0,0,25,25,0,599,15
P055,intermittent,27,A321,MRO_BLR,01-09-2021,0,0,25,25,0,526,30
P055,intermittent,27,A321,MRO_BLR,01-10-2021,0,0,25,25,0,527,30
P055,intermittent,27,A321,MRO_BLR,01-11-2021,0,0,25,25,0,521,60
P055,intermittent,27,A321,MRO_BLR,01-12-2021,0,0,25,25,0,604,15
P055,intermittent,27,A321,MRO_BLR,01-01-2022,0,0,25,25,0,521,60
P055,intermittent,27,A321,MRO_BLR,01-02-2022,0,0,25,25,0,511,60
P055,intermittent,27,A321,MRO_BLR,01-03-2022,1,1,25,24,0,519,45
P055,intermittent,27,A321,MRO_BLR,01-04-2022,1,1,24,23,0,517,60
P055,intermittent,27,A321,MRO_BLR,01-05-2022,0,0,23,23,0,514,30
P055,intermittent,27,A321,MRO_BLR,01-06-2022,0,0,23,23,0,595,15
P055,intermittent,27,A321,MRO_BLR,01-07-2022,0,0,23,23,0,604,60
P055,intermittent,27,A321,MRO_BLR,01-08-2022,0,0,23,23,0,600,15
P055,intermittent,27,A321,MRO_BLR,01-09-2022,0,0,23,23,0,512,60
P055,intermittent,27,A321,MRO_BLR,01-10-2022,0,0,23,23,0,516,45
P055,intermittent,27,A321,MRO_BLR,01-11-2022,0,0,23,23,0,522,45
P055,intermittent,27,A321,MRO_BLR,01-12-2022,0,0,23,23,0,600,45
P055,intermittent,27,A321,MRO_BLR,01-01-2023,0,0,23,23,0,518,45
P055,intermittent,27,A321,MRO_BLR,01-02-2023,0,0,23,23,0,524,60
P055,intermittent,27,A321,MRO_BLR,01-03-2023,0,0,23,23,0,522,15
P055,intermittent,27,A321,MRO_BLR,01-04-2023,2,2,23,21,0,517,30
P055,intermittent,27,A321,MRO_BLR,01-05-2023,0,0,21,21,0,517,30
P055,intermittent,27,A321,MRO_BLR,01-06-2023,0,0,21,21,0,597,15
P055,intermittent,27,A321,MRO_BLR,01-07-2023,0,0,21,21,0,586,45
P055,intermittent,27,A321,MRO_BLR,01-08-2023,0,0,21,21,0,600,30
P055,intermittent,27,A321,MRO_BLR,01-09-2023,0,0,21,21,0,514,60
P055,intermittent,27,A321,MRO_BLR,01-10-2023,1,1,21,20,0,526,15
P055,intermittent,27,A321,MRO_BLR,01-11-2023,0,0,20,20,0,511,45
P055,intermittent,27,A321,MRO_BLR,01-12-2023,0,0,20,20,0,600,60
P056,intermittent,24,B737,BASE_HYD,01-01-2018,0,0,20,20,0,444,15
P056,intermittent,24,B737,BASE_HYD,01-02-2018,0,0,20,20,0,451,60
P056,intermittent,24,B737,BASE_HYD,01-03-2018,0,0,20,20,0,442,60
P056,intermittent,24,B737,BASE_HYD,01-04-2018,0,0,20,20,0,440,15
P056,intermittent,24,B737,BASE_HYD,01-05-2018,0,0,20,20,0,443,15
P056,intermittent,24,B737,BASE_HYD,01-06-2018,0,0,20,20,0,520,15
P056,intermittent,24,B737,BASE_HYD,01-07-2018,2,2,20,18,0,517,45
P056,intermittent,24,B737,BASE_HYD,01-08-2018,0,0,18,18,0,518,45
P056,intermittent,24,B737,BASE_HYD,01-09-2018,0,0,18,18,0,443,30
P056,intermittent,24,B737,BASE_HYD,01-10-2018,0,0,18,18,0,439,45
P056,intermittent,24,B737,BASE_HYD,01-11-2018,0,0,18,18,0,451,45
P056,intermittent,24,B737,BASE_HYD,01-12-2018,0,0,18,18,0,505,45
P056,intermittent,24,B737,BASE_HYD,01-01-2019,0,0,18,18,0,444,15
P056,intermittent,24,B737,BASE_HYD,01-02-2019,0,0,18,18,0,441,15
P056,intermittent,24,B737,BASE_HYD,01-03-2019,0,0,18,18,0,444,30
P056,intermittent,24,B737,BASE_HYD,01-04-2019,0,0,18,18,0,436,30
P056,intermittent,24,B737,BASE_HYD,01-05-2019,0,0,18,18,0,447,15
P056,intermittent,24,B737,BASE_HYD,01-06-2019,0,0,18,18,0,517,30
P056,intermittent,24,B737,BASE_HYD,01-07-2019,0,0,18,18,0,516,15
P056,intermittent,24,B737,BASE_HYD,01-08-2019,0,0,18,18,0,505,15
P056,intermittent,24,B737,BASE_HYD,01-09-2019,0,0,18,18,0,446,60
P056,intermittent,24,B737,BASE_HYD,01-10-2019,3,3,18,15,0,443,45
P056,intermittent,24,B737,BASE_HYD,01-11-2019,1,1,15,14,0,444,60
P056,intermittent,24,B737,BASE_HYD,01-12-2019,0,0,14,14,0,519,15
P056,intermittent,24,B737,BASE_HYD,01-01-2020,3,3,14,11,0,440,30
P056,intermittent,24,B737,BASE_HYD,01-02-2020,0,0,11,11,0,445,45
P056,intermittent,24,B737,BASE_HYD,01-03-2020,2,2,11,9,0,435,60
P056,intermittent,24,B737,BASE_HYD,01-04-2020,0,0,9,9,0,443,60
P056,intermittent,24,B737,BASE_HYD,01-05-2020,0,0,9,9,0,446,30
P056,intermittent,24,B737,BASE_HYD,01-06-2020,0,0,9,9,0,508,60
P056,intermittent,24,B737,BASE_HYD,01-07-2020,0,0,9,9,0,512,15
P056,intermittent,24,B737,BASE_HYD,01-08-2020,2,2,9,7,0,505,60
P056,intermittent,24,B737,BASE_HYD,01-09-2020,0,0,7,7,0,440,60
P056,intermittent,24,B737,BASE_HYD,01-10-2020,0,0,7,7,0,442,30
P056,intermittent,24,B737,BASE_HYD,01-11-2020,0,0,7,7,0,440,60
P056,intermittent,24,B737,BASE_HYD,01-12-2020,0,0,7,7,0,513,30
P056,intermittent,24,B737,BASE_HYD,01-01-2021,0,0,7,7,0,446,60
P056,intermittent,24,B737,BASE_HYD,01-02-2021,0,0,7,7,0,444,30
P056,intermittent,24,B737,BASE_HYD,01-03-2021,0,0,7,7,0,430,30
P056,intermittent,24,B737,BASE_HYD,01-04-2021,0,0,7,7,0,440,45
P056,intermittent,24,B737,BASE_HYD,01-05-2021,0,0,7,7,0,445,15
P056,intermittent,24,B737,BASE_HYD,01-06-2021,0,0,7,7,0,506,15
P056,intermittent,24,B737,BASE_HYD,01-07-2021,1,1,7,6,0,506,60
P056,intermittent,24,B737,BASE_HYD,01-08-2021,0,0,6,6,0,512,60
P056,intermittent,24,B737,BASE_HYD,01-09-2021,0,0,6,6,0,445,15
P056,intermittent,24,B737,BASE_HYD,01-10-2021,0,0,6,6,0,444,45
P056,intermittent,24,B737,BASE_HYD,01-11-2021,0,0,6,6,0,434,15
P056,intermittent,24,B737,BASE_HYD,01-12-2021,0,0,6,6,0,501,60
P056,intermittent,24,B737,BASE_HYD,01-01-2022,0,0,6,6,0,441,15
P056,intermittent,24,B737,BASE_HYD,01-02-2022,0,0,6,6,0,431,45
P056,intermittent,24,B737,BASE_HYD,01-03-2022,0,0,6,6,0,447,15
P056,intermittent,24,B737,BASE_HYD,01-04-2022,0,0,6,6,0,440,60
P056,intermittent,24,B737,BASE_HYD,01-05-2022,0,0,6,6,0,437,30
P056,intermittent,24,B737,BASE_HYD,01-06-2022,0,0,6,6,0,503,60
P056,intermittent,24,B737,BASE_HYD,01-07-2022,0,0,6,6,0,512,60
P056,intermittent,24,B737,BASE_HYD,01-08-2022,0,0,6,6,0,499,30
P056,intermittent,24,B737,BASE_HYD,01-09-2022,0,0,6,6,0,431,15
P056,intermittent,24,B737,BASE_HYD,01-10-2022,4,4,6,2,0,435,45
P056,intermittent,24,B737,BASE_HYD,01-11-2022,0,0,2,2,0,441,60
P056,intermittent,24,B737,BASE_HYD,01-12-2022,0,0,16,16,0,514,30
P056,intermittent,24,B737,BASE_HYD,01-01-2023,0,0,16,16,0,444,60
P056,intermittent,24,B737,BASE_HYD,01-02-2023,0,0,16,16,0,436,15
P056,intermittent,24,B737,BASE_HYD,01-03-2023,0,0,16,16,0,440,60
P056,intermittent,24,B737,BASE_HYD,01-04-2023,3,3,16,13,0,440,15
P056,intermittent,24,B737,BASE_HYD,01-05-2023,0,0,13,13,0,439,60
P056,intermittent,24,B737,BASE_HYD,01-06-2023,0,0,13,13,0,494,30
P056,intermittent,24,B737,BASE_HYD,01-07-2023,0,0,13,13,0,502,45
P056,intermittent,24,B737,BASE_HYD,01-08-2023,0,0,13,13,0,508,15
P056,intermittent,24,B737,BASE_HYD,01-09-2023,0,0,13,13,0,447,45
P056,intermittent,24,B737,BASE_HYD,01-10-2023,0,0,13,13,0,440,45
P056,intermittent,24,B737,BASE_HYD,01-11-2023,0,0,13,13,0,443,15
P056,intermittent,24,B737,BASE_HYD,01-12-2023,0,0,13,13,0,509,45
P056,intermittent,24,B737,LINE_DEL,01-01-2018,0,0,21,21,0,444,60
P056,intermittent,24,B737,LINE_DEL,01-02-2018,0,0,21,21,0,451,60
P056,intermittent,24,B737,LINE_DEL,01-03-2018,0,0,21,21,0,442,45
P056,intermittent,24,B737,LINE_DEL,01-04-2018,0,0,21,21,0,440,45
P056,intermittent,24,B737,LINE_DEL,01-05-2018,0,0,21,21,0,443,15
P056,intermittent,24,B737,LINE_DEL,01-06-2018,4,4,21,17,0,520,30
P056,intermittent,24,B737,LINE_DEL,01-07-2018,0,0,17,17,0,517,60
P056,intermittent,24,B737,LINE_DEL,01-08-2018,0,0,17,17,0,518,30
P056,intermittent,24,B737,LINE_DEL,01-09-2018,0,0,17,17,0,443,60
P056,intermittent,24,B737,LINE_DEL,01-10-2018,1,1,17,16,0,439,60
P056,intermittent,24,B737,LINE_DEL,01-11-2018,0,0,16,16,0,451,60
P056,intermittent,24,B737,LINE_DEL,01-12-2018,0,0,16,16,0,505,45
P056,intermittent,24,B737,LINE_DEL,01-01-2019,0,0,16,16,0,444,60
P056,intermittent,24,B737,LINE_DEL,01-02-2019,0,0,16,16,0,441,45
P056,intermittent,24,B737,LINE_DEL,01-03-2019,0,0,16,16,0,444,30
P056,intermittent,24,B737,LINE_DEL,01-04-2019,0,0,16,16,0,436,45
P056,intermittent,24,B737,LINE_DEL,01-05-2019,0,0,16,16,0,447,30
P056,intermittent,24,B737,LINE_DEL,01-06-2019,1,1,16,15,0,517,45
P056,intermittent,24,B737,LINE_DEL,01-07-2019,0,0,15,15,0,516,30
P056,intermittent,24,B737,LINE_DEL,01-08-2019,5,5,15,10,0,505,30
P056,intermittent,24,B737,LINE_DEL,01-09-2019,0,0,10,10,0,446,30
P056,intermittent,24,B737,LINE_DEL,01-10-2019,0,0,10,10,0,443,60
P056,intermittent,24,B737,LINE_DEL,01-11-2019,0,0,10,10,0,444,30
P056,intermittent,24,B737,LINE_DEL,01-12-2019,0,0,10,10,0,519,45
P056,intermittent,24,B737,LINE_DEL,01-01-2020,0,0,10,10,0,440,60
P056,intermittent,24,B737,LINE_DEL,01-02-2020,0,0,10,10,0,445,60
P056,intermittent,24,B737,LINE_DEL,01-03-2020,0,0,10,10,0,435,60
P056,intermittent,24,B737,LINE_DEL,01-04-2020,0,0,10,10,0,443,45
P056,intermittent,24,B737,LINE_DEL,01-05-2020,0,0,10,10,0,446,30
P056,intermittent,24,B737,LINE_DEL,01-06-2020,0,0,10,10,0,508,15
P056,intermittent,24,B737,LINE_DEL,01-07-2020,0,0,10,10,0,512,45
P056,intermittent,24,B737,LINE_DEL,01-08-2020,0,0,10,10,0,505,15
P056,intermittent,24,B737,LINE_DEL,01-09-2020,0,0,10,10,0,440,60
P056,intermittent,24,B737,LINE_DEL,01-10-2020,0,0,10,10,0,442,45
P056,intermittent,24,B737,LINE_DEL,01-11-2020,0,0,10,10,0,440,45
P056,intermittent,24,B737,LINE_DEL,01-12-2020,0,0,10,10,0,513,45
P056,intermittent,24,B737,LINE_DEL,01-01-2021,0,0,10,10,0,446,60
P056,intermittent,24,B737,LINE_DEL,01-02-2021,0,0,10,10,0,444,60
P056,intermittent,24,B737,LINE_DEL,01-03-2021,3,3,10,7,0,430,60
P056,intermittent,24,B737,LINE_DEL,01-04-2021,0,0,7,7,0,440,60
P056,intermittent,24,B737,LINE_DEL,01-05-2021,0,0,7,7,0,445,45
P056,intermittent,24,B737,LINE_DEL,01-06-2021,0,0,7,7,0,506,30
P056,intermittent,24,B737,LINE_DEL,01-07-2021,0,0,7,7,0,506,60
P056,intermittent,24,B737,LINE_DEL,01-08-2021,0,0,7,7,0,512,60
P056,intermittent,24,B737,LINE_DEL,01-09-2021,0,0,7,7,0,445,60
P056,intermittent,24,B737,LINE_DEL,01-10-2021,0,0,7,7,0,444,60
P056,intermittent,24,B737,LINE_DEL,01-11-2021,0,0,7,7,0,434,45
P056,intermittent,24,B737,LINE_DEL,01-12-2021,0,0,7,7,0,501,15
P056,intermittent,24,B737,LINE_DEL,01-01-2022,0,0,7,7,0,441,60
P056,intermittent,24,B737,LINE_DEL,01-02-2022,0,0,7,7,0,431,30
P056,intermittent,24,B737,LINE_DEL,01-03-2022,0,0,7,7,0,447,45
P056,intermittent,24,B737,LINE_DEL,01-04-2022,3,3,7,4,0,440,45
P056,intermittent,24,B737,LINE_DEL,01-05-2022,0,0,4,4,0,437,15
P056,intermittent,24,B737,LINE_DEL,01-06-2022,0,0,27,27,0,503,15
P056,intermittent,24,B737,LINE_DEL,01-07-2022,1,1,27,26,0,512,30
P056,intermittent,24,B737,LINE_DEL,01-08-2022,0,0,26,26,0,499,30
P056,intermittent,24,B737,LINE_DEL,01-09-2022,0,0,26,26,0,431,45
P056,intermittent,24,B737,LINE_DEL,01-10-2022,0,0,26,26,0,435,15
P056,intermittent,24,B737,LINE_DEL,01-11-2022,0,0,26,26,0,441,60
P056,intermittent,24,B737,LINE_DEL,01-12-2022,0,0,26,26,0,514,60
P056,intermittent,24,B737,LINE_DEL,01-01-2023,0,0,26,26,0,444,60
P056,intermittent,24,B737,LINE_DEL,01-02-2023,0,0,26,26,0,436,30
P056,intermittent,24,B737,LINE_DEL,01-03-2023,0,0,26,26,0,440,15
P056,intermittent,24,B737,LINE_DEL,01-04-2023,0,0,26,26,0,440,45
P056,intermittent,24,B737,LINE_DEL,01-05-2023,0,0,26,26,0,439,60
P056,intermittent,24,B737,LINE_DEL,01-06-2023,0,0,26,26,0,494,15
P056,intermittent,24,B737,LINE_DEL,01-07-2023,4,4,26,22,0,502,15
P056,intermittent,24,B737,LINE_DEL,01-08-2023,0,0,22,22,0,508,30
P056,intermittent,24,B737,LINE_DEL,01-09-2023,0,0,22,22,0,447,60
P056,intermittent,24,B737,LINE_DEL,01-10-2023,3,3,22,19,0,440,15
P056,intermittent,24,B737,LINE_DEL,01-11-2023,0,0,19,19,0,443,45
P056,intermittent,24,B737,LINE_DEL,01-12-2023,4,4,19,15,0,509,60
P056,intermittent,24,B737,MRO_BLR,01-01-2018,0,0,17,17,0,444,45
P056,intermittent,24,B737,MRO_BLR,01-02-2018,0,0,17,17,0,451,60
P056,intermittent,24,B737,MRO_BLR,01-03-2018,0,0,17,17,0,442,15
P056,intermittent,24,B737,MRO_BLR,01-04-2018,0,0,17,17,0,440,15
P056,intermittent,24,B737,MRO_BLR,01-05-2018,0,0,17,17,0,443,15
P056,intermittent,24,B737,MRO_BLR,01-06-2018,2,2,17,15,0,520,15
P056,intermittent,24,B737,MRO_BLR,01-07-2018,0,0,15,15,0,517,15
P056,intermittent,24,B737,MRO_BLR,01-08-2018,0,0,15,15,0,518,15
P056,intermittent,24,B737,MRO_BLR,01-09-2018,0,0,15,15,0,443,45
P056,intermittent,24,B737,MRO_BLR,01-10-2018,0,0,15,15,0,439,60
P056,intermittent,24,B737,MRO_BLR,01-11-2018,0,0,15,15,0,451,15
P056,intermittent,24,B737,MRO_BLR,01-12-2018,0,0,15,15,0,505,60
P056,intermittent,24,B737,MRO_BLR,01-01-2019,0,0,15,15,0,444,15
P056,intermittent,24,B737,MRO_BLR,01-02-2019,0,0,15,15,0,441,45
P056,intermittent,24,B737,MRO_BLR,01-03-2019,0,0,15,15,0,444,30
P056,intermittent,24,B737,MRO_BLR,01-04-2019,0,0,15,15,0,436,30
P056,intermittent,24,B737,MRO_BLR,01-05-2019,0,0,15,15,0,447,30
P056,intermittent,24,B737,MRO_BLR,01-06-2019,0,0,15,15,0,517,45
P056,intermittent,24,B737,MRO_BLR,01-07-2019,0,0,15,15,0,516,30
P056,intermittent,24,B737,MRO_BLR,01-08-2019,0,0,15,15,0,505,45
P056,intermittent,24,B737,MRO_BLR,01-09-2019,0,0,15,15,0,446,45
P056,intermittent,24,B737,MRO_BLR,01-10-2019,0,0,15,15,0,443,60
P056,intermittent,24,B737,MRO_BLR,01-11-2019,0,0,15,15,0,444,45
P056,intermittent,24,B737,MRO_BLR,01-12-2019,0,0,15,15,0,519,45
P056,intermittent,24,B737,MRO_BLR,01-01-2020,0,0,15,15,0,440,15
P056,intermittent,24,B737,MRO_BLR,01-02-2020,0,0,15,15,0,445,45
P056,intermittent,24,B737,MRO_BLR,01-03-2020,0,0,15,15,0,435,45
P056,intermittent,24,B737,MRO_BLR,01-04-2020,0,0,15,15,0,443,60
P056,intermittent,24,B737,MRO_BLR,01-05-2020,0,0,15,15,0,446,45
P056,intermittent,24,B737,MRO_BLR,01-06-2020,0,0,15,15,0,508,15
P056,intermittent,24,B737,MRO_BLR,01-07-2020,3,3,15,12,0,512,45
P056,intermittent,24,B737,MRO_BLR,01-08-2020,0,0,12,12,0,505,60
P056,intermittent,24,B737,MRO_BLR,01-09-2020,0,0,12,12,0,440,45
P056,intermittent,24,B737,MRO_BLR,01-10-2020,0,0,12,12,0,442,60
P056,intermittent,24,B737,MRO_BLR,01-11-2020,0,0,12,12,0,440,45
P056,intermittent,24,B737,MRO_BLR,01-12-2020,0,0,12,12,0,513,15
P056,intermittent,24,B737,MRO_BLR,01-01-2021,0,0,12,12,0,446,15
P056,intermittent,24,B737,MRO_BLR,01-02-2021,0,0,12,12,0,444,30
P056,intermittent,24,B737,MRO_BLR,01-03-2021,0,0,12,12,0,430,15
P056,intermittent,24,B737,MRO_BLR,01-04-2021,0,0,12,12,0,440,30
P056,intermittent,24,B737,MRO_BLR,01-05-2021,0,0,12,12,0,445,30
P056,intermittent,24,B737,MRO_BLR,01-06-2021,0,0,12,12,0,506,60
P056,intermittent,24,B737,MRO_BLR,01-07-2021,0,0,12,12,0,506,30
P056,intermittent,24,B737,MRO_BLR,01-08-2021,0,0,12,12,0,512,45
P056,intermittent,24,B737,MRO_BLR,01-09-2021,3,3,12,9,0,445,45
P056,intermittent,24,B737,MRO_BLR,01-10-2021,0,0,9,9,0,444,45
P056,intermittent,24,B737,MRO_BLR,01-11-2021,0,0,9,9,0,434,45
P056,intermittent,24,B737,MRO_BLR,01-12-2021,0,0,9,9,0,501,45
P056,intermittent,24,B737,MRO_BLR,01-01-2022,3,3,9,6,0,441,60
P056,intermittent,24,B737,MRO_BLR,01-02-2022,1,1,6,5,0,431,30
P056,intermittent,24,B737,MRO_BLR,01-03-2022,0,0,5,5,0,447,30
P056,intermittent,24,B737,MRO_BLR,01-04-2022,0,0,5,5,0,440,15
P056,intermittent,24,B737,MRO_BLR,01-05-2022,0,0,5,5,0,437,15
P056,intermittent,24,B737,MRO_BLR,01-06-2022,0,0,5,5,0,503,15
P056,intermittent,24,B737,MRO_BLR,01-07-2022,0,0,5,5,0,512,15
P056,intermittent,24,B737,MRO_BLR,01-08-2022,0,0,5,5,0,499,30
P056,intermittent,24,B737,MRO_BLR,01-09-2022,0,0,5,5,0,431,30
P056,intermittent,24,B737,MRO_BLR,01-10-2022,0,0,5,5,0,435,60
P056,intermittent,24,B737,MRO_BLR,01-11-2022,0,0,5,5,0,441,30
P056,intermittent,24,B737,MRO_BLR,01-12-2022,0,0,5,5,0,514,60
P056,intermittent,24,B737,MRO_BLR,01-01-2023,0,0,5,5,0,444,45
P056,intermittent,24,B737,MRO_BLR,01-02-2023,0,0,5,5,0,436,15
P056,intermittent,24,B737,MRO_BLR,01-03-2023,0,0,5,5,0,440,30
P056,intermittent,24,B737,MRO_BLR,01-04-2023,0,0,5,5,0,440,30
P056,intermittent,24,B737,MRO_BLR,01-05-2023,2,2,5,3,0,439,45
P056,intermittent,24,B737,MRO_BLR,01-06-2023,0,0,3,3,0,494,15
P056,intermittent,24,B737,MRO_BLR,01-07-2023,0,0,23,23,0,502,45
P056,intermittent,24,B737,MRO_BLR,01-08-2023,2,2,23,21,0,508,45
P056,intermittent,24,B737,MRO_BLR,01-09-2023,2,2,21,19,0,447,15
P056,intermittent,24,B737,MRO_BLR,01-10-2023,1,1,19,18,0,440,45
P056,intermittent,24,B737,MRO_BLR,01-11-2023,0,0,18,18,0,443,15
P056,intermittent,24,B737,MRO_BLR,01-12-2023,0,0,18,18,0,509,30
P057,intermittent,21,A321,BASE_HYD,01-01-2018,0,0,24,24,0,433,60
P057,intermittent,21,A321,BASE_HYD,01-02-2018,3,3,24,21,0,429,30
P057,intermittent,21,A321,BASE_HYD,01-03-2018,0,0,21,21,0,433,60
P057,intermittent,21,A321,BASE_HYD,01-04-2018,0,0,21,21,0,419,45
P057,intermittent,21,A321,BASE_HYD,01-05-2018,0,0,21,21,0,427,15
P057,intermittent,21,A321,BASE_HYD,01-06-2018,0,0,21,21,0,487,15
P057,intermittent,21,A321,BASE_HYD,01-07-2018,0,0,21,21,0,487,60
P057,intermittent,21,A321,BASE_HYD,01-08-2018,0,0,21,21,0,481,30
P057,intermittent,21,A321,BASE_HYD,01-09-2018,0,0,21,21,0,431,45
P057,intermittent,21,A321,BASE_HYD,01-10-2018,0,0,21,21,0,418,15
P057,intermittent,21,A321,BASE_HYD,01-11-2018,0,0,21,21,0,429,60
P057,intermittent,21,A321,BASE_HYD,01-12-2018,0,0,21,21,0,487,45
P057,intermittent,21,A321,BASE_HYD,01-01-2019,0,0,21,21,0,420,15
P057,intermittent,21,A321,BASE_HYD,01-02-2019,0,0,21,21,0,420,15
P057,intermittent,21,A321,BASE_HYD,01-03-2019,0,0,21,21,0,424,45
P057,intermittent,21,A321,BASE_HYD,01-04-2019,0,0,21,21,0,422,30
P057,intermittent,21,A321,BASE_HYD,01-05-2019,4,4,21,17,0,424,45
P057,intermittent,21,A321,BASE_HYD,01-06-2019,0,0,17,17,0,478,15
P057,intermittent,21,A321,BASE_HYD,01-07-2019,0,0,17,17,0,477,45
P057,intermittent,21,A321,BASE_HYD,01-08-2019,0,0,17,17,0,478,45
P057,intermittent,21,A321,BASE_HYD,01-09-2019,1,1,17,16,0,427,60
P057,intermittent,21,A321,BASE_HYD,01-10-2019,0,0,16,16,0,430,30
P057,intermittent,21,A321,BASE_HYD,01-11-2019,1,1,16,15,0,423,30
P057,intermittent,21,A321,BASE_HYD,01-12-2019,0,0,15,15,0,491,30
P057,intermittent,21,A321,BASE_HYD,01-01-2020,0,0,15,15,0,424,45
P057,intermittent,21,A321,BASE_HYD,01-02-2020,0,0,15,15,0,427,30
P057,intermittent,21,A321,BASE_HYD,01-03-2020,2,2,15,13,0,428,60
P057,intermittent,21,A321,BASE_HYD,01-04-2020,0,0,13,13,0,417,15
P057,intermittent,21,A321,BASE_HYD,01-05-2020,2,2,13,11,0,423,15
P057,intermittent,21,A321,BASE_HYD,01-06-2020,0,0,11,11,0,490,60
P057,intermittent,21,A321,BASE_HYD,01-07-2020,3,3,11,8,0,490,60
P057,intermittent,21,A321,BASE_HYD,01-08-2020,0,0,8,8,0,490,30
P057,intermittent,21,A321,BASE_HYD,01-09-2020,0,0,8,8,0,422,45
P057,intermittent,21,A321,BASE_HYD,01-10-2020,1,1,8,7,0,425,45
P057,intermittent,21,A321,BASE_HYD,01-11-2020,0,0,7,7,0,416,45
P057,intermittent,21,A321,BASE_HYD,01-12-2020,0,0,7,7,0,479,60
P057,intermittent,21,A321,BASE_HYD,01-01-2021,0,0,7,7,0,428,60
P057,intermittent,21,A321,BASE_HYD,01-02-2021,0,0,7,7,0,426,15
P057,intermittent,21,A321,BASE_HYD,01-03-2021,0,0,7,7,0,428,30
P057,intermittent,21,A321,BASE_HYD,01-04-2021,2,2,7,5,0,421,45
P057,intermittent,21,A321,BASE_HYD,01-05-2021,1,1,5,4,0,417,60
P057,intermittent,21,A321,BASE_HYD,01-06-2021,0,0,4,4,0,483,30
P057,intermittent,21,A321,BASE_HYD,01-07-2021,0,0,18,18,0,494,60
P057,intermittent,21,A321,BASE_HYD,01-08-2021,0,0,18,18,0,480,30
P057,intermittent,21,A321,BASE_HYD,01-09-2021,1,1,18,17,0,420,30
P057,intermittent,21,A321,BASE_HYD,01-10-2021,0,0,17,17,0,426,15
P057,intermittent,21,A321,BASE_HYD,01-11-2021,0,0,17,17,0,422,30
P057,intermittent,21,A321,BASE_HYD,01-12-2021,0,0,17,17,0,482,45
P057,intermittent,21,A321,BASE_HYD,01-01-2022,0,0,17,17,0,423,30
P057,intermittent,21,A321,BASE_HYD,01-02-2022,0,0,17,17,0,418,15
P057,intermittent,21,A321,BASE_HYD,01-03-2022,0,0,17,17,0,422,60
P057,intermittent,21,A321,BASE_HYD,01-04-2022,0,0,17,17,0,410,15
P057,intermittent,21,A321,BASE_HYD,01-05-2022,0,0,17,17,0,413,30
P057,intermittent,21,A321,BASE_HYD,01-06-2022,0,0,17,17,0,482,45
P057,intermittent,21,A321,BASE_HYD,01-07-2022,0,0,17,17,0,489,60
P057,intermittent,21,A321,BASE_HYD,01-08-2022,0,0,17,17,0,482,45
P057,intermittent,21,A321,BASE_HYD,01-09-2022,0,0,17,17,0,420,60
P057,intermittent,21,A321,BASE_HYD,01-10-2022,1,1,17,16,0,421,30
P057,intermittent,21,A321,BASE_HYD,01-11-2022,0,0,16,16,0,418,60
P057,intermittent,21,A321,BASE_HYD,01-12-2022,1,1,16,15,0,475,30
P057,intermittent,21,A321,BASE_HYD,01-01-2023,0,0,15,15,0,422,15
P057,intermittent,21,A321,BASE_HYD,01-02-2023,2,2,15,13,0,420,60
P057,intermittent,21,A321,BASE_HYD,01-03-2023,0,0,13,13,0,420,45
P057,intermittent,21,A321,BASE_HYD,01-04-2023,0,0,13,13,0,414,15
P057,intermittent,21,A321,BASE_HYD,01-05-2023,0,0,13,13,0,425,30
P057,intermittent,21,A321,BASE_HYD,01-06-2023,0,0,13,13,0,479,15
P057,intermittent,21,A321,BASE_HYD,01-07-2023,0,0,13,13,0,488,30
P057,intermittent,21,A321,BASE_HYD,01-08-2023,1,1,13,12,0,471,45
P057,intermittent,21,A321,BASE_HYD,01-09-2023,0,0,12,12,0,417,15
P057,intermittent,21,A321,BASE_HYD,01-10-2023,1,1,12,11,0,425,60
P057,intermittent,21,A321,BASE_HYD,01-11-2023,2,2,11,9,0,418,60
P057,intermittent,21,A321,BASE_HYD,01-12-2023,0,0,9,9,0,470,45
P057,intermittent,21,A321,LINE_DEL,01-01-2018,0,0,18,18,0,433,15
P057,intermittent,21,A321,LINE_DEL,01-02-2018,0,0,18,18,0,429,60
P057,intermittent,21,A321,LINE_DEL,01-03-2018,0,0,18,18,0,433,15
P057,intermittent,21,A321,LINE_DEL,01-04-2018,0,0,18,18,0,419,15
P057,intermittent,21,A321,LINE_DEL,01-05-2018,0,0,18,18,0,427,45
P057,intermittent,21,A321,LINE_DEL,01-06-2018,0,0,18,18,0,487,30
P057,intermittent,21,A321,LINE_DEL,01-07-2018,0,0,18,18,0,487,15
P057,intermittent,21,A321,LINE_DEL,01-08-2018,0,0,18,18,0,481,15
P057,intermittent,21,A321,LINE_DEL,01-09-2018,0,0,18,18,0,431,45
P057,intermittent,21,A321,LINE_DEL,01-10-2018,0,0,18,18,0,418,30
P057,intermittent,21,A321,LINE_DEL,01-11-2018,4,4,18,14,0,429,30
P057,intermittent,21,A321,LINE_DEL,01-12-2018,3,3,14,11,0,487,30
P057,intermittent,21,A321,LINE_DEL,01-01-2019,0,0,11,11,0,420,15
P057,intermittent,21,A321,LINE_DEL,01-02-2019,0,0,11,11,0,420,60
P057,intermittent,21,A321,LINE_DEL,01-03-2019,0,0,11,11,0,424,30
P057,intermittent,21,A321,LINE_DEL,01-04-2019,0,0,11,11,0,422,60
P057,intermittent,21,A321,LINE_DEL,01-05-2019,0,0,11,11,0,424,45
P057,intermittent,21,A321,LINE_DEL,01-06-2019,0,0,11,11,0,478,15
P057,intermittent,21,A321,LINE_DEL,01-07-2019,0,0,11,11,0,477,30
P057,intermittent,21,A321,LINE_DEL,01-08-2019,0,0,11,11,0,478,60
P057,intermittent,21,A321,LINE_DEL,01-09-2019,1,1,11,10,0,427,15
P057,intermittent,21,A321,LINE_DEL,01-10-2019,0,0,10,10,0,430,15
P057,intermittent,21,A321,LINE_DEL,01-11-2019,0,0,10,10,0,423,45
P057,intermittent,21,A321,LINE_DEL,01-12-2019,0,0,10,10,0,491,30
P057,intermittent,21,A321,LINE_DEL,01-01-2020,0,0,10,10,0,424,45
P057,intermittent,21,A321,LINE_DEL,01-02-2020,0,0,10,10,0,427,60
P057,intermittent,21,A321,LINE_DEL,01-03-2020,0,0,10,10,0,428,45
P057,intermittent,21,A321,LINE_DEL,01-04-2020,0,0,10,10,0,417,30
P057,intermittent,21,A321,LINE_DEL,01-05-2020,0,0,10,10,0,423,60
P057,intermittent,21,A321,LINE_DEL,01-06-2020,0,0,10,10,0,490,15
P057,intermittent,21,A321,LINE_DEL,01-07-2020,0,0,10,10,0,490,60
P057,intermittent,21,A321,LINE_DEL,01-08-2020,0,0,10,10,0,490,15
P057,intermittent,21,A321,LINE_DEL,01-09-2020,0,0,10,10,0,422,15
P057,intermittent,21,A321,LINE_DEL,01-10-2020,0,0,10,10,0,425,30
P057,intermittent,21,A321,LINE_DEL,01-11-2020,0,0,10,10,0,416,15
P057,intermittent,21,A321,LINE_DEL,01-12-2020,0,0,10,10,0,479,60
P057,intermittent,21,A321,LINE_DEL,01-01-2021,0,0,10,10,0,428,45
P057,intermittent,21,A321,LINE_DEL,01-02-2021,2,2,10,8,0,426,15
P057,intermittent,21,A321,LINE_DEL,01-03-2021,0,0,8,8,0,428,45
P057,intermittent,21,A321,LINE_DEL,01-04-2021,0,0,8,8,0,421,15
P057,intermittent,21,A321,LINE_DEL,01-05-2021,0,0,8,8,0,417,45
P057,intermittent,21,A321,LINE_DEL,01-06-2021,0,0,8,8,0,483,60
P057,intermittent,21,A321,LINE_DEL,01-07-2021,0,0,8,8,0,494,15
P057,intermittent,21,A321,LINE_DEL,01-08-2021,0,0,8,8,0,480,30
P057,intermittent,21,A321,LINE_DEL,01-09-2021,0,0,8,8,0,420,45
P057,intermittent,21,A321,LINE_DEL,01-10-2021,0,0,8,8,0,426,60
P057,intermittent,21,A321,LINE_DEL,01-11-2021,0,0,8,8,0,422,45
P057,intermittent,21,A321,LINE_DEL,01-12-2021,0,0,8,8,0,482,30
P057,intermittent,21,A321,LINE_DEL,01-01-2022,0,0,8,8,0,423,15
P057,intermittent,21,A321,LINE_DEL,01-02-2022,0,0,8,8,0,418,45
P057,intermittent,21,A321,LINE_DEL,01-03-2022,0,0,8,8,0,422,30
P057,intermittent,21,A321,LINE_DEL,01-04-2022,0,0,8,8,0,410,60
P057,intermittent,21,A321,LINE_DEL,01-05-2022,0,0,8,8,0,413,45
P057,intermittent,21,A321,LINE_DEL,01-06-2022,0,0,8,8,0,482,60
P057,intermittent,21,A321,LINE_DEL,01-07-2022,0,0,8,8,0,489,45
P057,intermittent,21,A321,LINE_DEL,01-08-2022,2,2,8,6,0,482,15
P057,intermittent,21,A321,LINE_DEL,01-09-2022,0,0,6,6,0,420,15
P057,intermittent,21,A321,LINE_DEL,01-10-2022,0,0,6,6,0,421,45
P057,intermittent,21,A321,LINE_DEL,01-11-2022,0,0,6,6,0,418,15
P057,intermittent,21,A321,LINE_DEL,01-12-2022,2,2,6,4,0,475,30
P057,intermittent,21,A321,LINE_DEL,01-01-2023,0,0,26,26,0,422,15
P057,intermittent,21,A321,LINE_DEL,01-02-2023,0,0,26,26,0,420,15
P057,intermittent,21,A321,LINE_DEL,01-03-2023,0,0,26,26,0,420,15
P057,intermittent,21,A321,LINE_DEL,01-04-2023,0,0,26,26,0,414,30
P057,intermittent,21,A321,LINE_DEL,01-05-2023,0,0,26,26,0,425,45
P057,intermittent,21,A321,LINE_DEL,01-06-2023,0,0,26,26,0,479,30
P057,intermittent,21,A321,LINE_DEL,01-07-2023,0,0,26,26,0,488,15
P057,intermittent,21,A321,LINE_DEL,01-08-2023,0,0,26,26,0,471,45
P057,intermittent,21,A321,LINE_DEL,01-09-2023,0,0,26,26,0,417,60
P057,intermittent,21,A321,LINE_DEL,01-10-2023,0,0,26,26,0,425,15
P057,intermittent,21,A321,LINE_DEL,01-11-2023,0,0,26,26,0,418,15
P057,intermittent,21,A321,LINE_DEL,01-12-2023,0,0,26,26,0,470,15
P057,intermittent,21,A321,MRO_BLR,01-01-2018,0,0,21,21,0,433,45
P057,intermittent,21,A321,MRO_BLR,01-02-2018,0,0,21,21,0,429,45
P057,intermittent,21,A321,MRO_BLR,01-03-2018,0,0,21,21,0,433,30
P057,intermittent,21,A321,MRO_BLR,01-04-2018,0,0,21,21,0,419,30
P057,intermittent,21,A321,MRO_BLR,01-05-2018,0,0,21,21,0,427,30
P057,intermittent,21,A321,MRO_BLR,01-06-2018,0,0,21,21,0,487,45
P057,intermittent,21,A321,MRO_BLR,01-07-2018,4,4,21,17,0,487,45
P057,intermittent,21,A321,MRO_BLR,01-08-2018,3,3,17,14,0,481,45
P057,intermittent,21,A321,MRO_BLR,01-09-2018,0,0,14,14,0,431,30
P057,intermittent,21,A321,MRO_BLR,01-10-2018,0,0,14,14,0,418,45
P057,intermittent,21,A321,MRO_BLR,01-11-2018,0,0,14,14,0,429,30
P057,intermittent,21,A321,MRO_BLR,01-12-2018,0,0,14,14,0,487,45
P057,intermittent,21,A321,MRO_BLR,01-01-2019,0,0,14,14,0,420,45
P057,intermittent,21,A321,MRO_BLR,01-02-2019,0,0,14,14,0,420,30
P057,intermittent,21,A321,MRO_BLR,01-03-2019,0,0,14,14,0,424,30
P057,intermittent,21,A321,MRO_BLR,01-04-2019,0,0,14,14,0,422,30
P057,intermittent,21,A321,MRO_BLR,01-05-2019,0,0,14,14,0,424,60
P057,intermittent,21,A321,MRO_BLR,01-06-2019,0,0,14,14,0,478,15
P057,intermittent,21,A321,MRO_BLR,01-07-2019,0,0,14,14,0,477,60
P057,intermittent,21,A321,MRO_BLR,01-08-2019,0,0,14,14,0,478,15
P057,intermittent,21,A321,MRO_BLR,01-09-2019,0,0,14,14,0,427,45
P057,intermittent,21,A321,MRO_BLR,01-10-2019,2,2,14,12,0,430,45
P057,intermittent,21,A321,MRO_BLR,01-11-2019,3,3,12,9,0,423,45
P057,intermittent,21,A321,MRO_BLR,01-12-2019,0,0,9,9,0,491,60
P057,intermittent,21,A321,MRO_BLR,01-01-2020,0,0,9,9,0,424,60
P057,intermittent,21,A321,MRO_BLR,01-02-2020,0,0,9,9,0,427,60
P057,intermittent,21,A321,MRO_BLR,01-03-2020,0,0,9,9,0,428,45
P057,intermittent,21,A321,MRO_BLR,01-04-2020,1,1,9,8,0,417,45
P057,intermittent,21,A321,MRO_BLR,01-05-2020,0,0,8,8,0,423,45
P057,intermittent,21,A321,MRO_BLR,01-06-2020,0,0,8,8,0,490,45
P057,intermittent,21,A321,MRO_BLR,01-07-2020,0,0,8,8,0,490,45
P057,intermittent,21,A321,MRO_BLR,01-08-2020,0,0,8,8,0,490,60
P057,intermittent,21,A321,MRO_BLR,01-09-2020,0,0,8,8,0,422,30
P057,intermittent,21,A321,MRO_BLR,01-10-2020,0,0,8,8,0,425,60
P057,intermittent,21,A321,MRO_BLR,01-11-2020,0,0,8,8,0,416,45
P057,intermittent,21,A321,MRO_BLR,01-12-2020,0,0,8,8,0,479,60
P057,intermittent,21,A321,MRO_BLR,01-01-2021,1,1,8,7,0,428,15
P057,intermittent,21,A321,MRO_BLR,01-02-2021,0,0,7,7,0,426,15
P057,intermittent,21,A321,MRO_BLR,01-03-2021,1,1,7,6,0,428,30
P057,intermittent,21,A321,MRO_BLR,01-04-2021,0,0,6,6,0,421,45
P057,intermittent,21,A321,MRO_BLR,01-05-2021,0,0,6,6,0,417,60
P057,intermittent,21,A321,MRO_BLR,01-06-2021,0,0,6,6,0,483,45
P057,intermittent,21,A321,MRO_BLR,01-07-2021,0,0,6,6,0,494,15
P057,intermittent,21,A321,MRO_BLR,01-08-2021,0,0,6,6,0,480,15
P057,intermittent,21,A321,MRO_BLR,01-09-2021,0,0,6,6,0,420,45
P057,intermittent,21,A321,MRO_BLR,01-10-2021,4,4,6,2,0,426,30
P057,intermittent,21,A321,MRO_BLR,01-11-2021,0,0,20,20,0,422,15
P057,intermittent,21,A321,MRO_BLR,01-12-2021,0,0,20,20,0,482,45
P057,intermittent,21,A321,MRO_BLR,01-01-2022,0,0,20,20,0,423,30
P057,intermittent,21,A321,MRO_BLR,01-02-2022,0,0,20,20,0,418,15
P057,intermittent,21,A321,MRO_BLR,01-03-2022,0,0,20,20,0,422,30
P057,intermittent,21,A321,MRO_BLR,01-04-2022,0,0,20,20,0,410,15
P057,intermittent,21,A321,MRO_BLR,01-05-2022,2,2,20,18,0,413,15
P057,intermittent,21,A321,MRO_BLR,01-06-2022,1,1,18,17,0,482,45
P057,intermittent,21,A321,MRO_BLR,01-07-2022,0,0,17,17,0,489,30
P057,intermittent,21,A321,MRO_BLR,01-08-2022,0,0,17,17,0,482,15
P057,intermittent,21,A321,MRO_BLR,01-09-2022,2,2,17,15,0,420,15
P057,intermittent,21,A321,MRO_BLR,01-10-2022,1,1,15,14,0,421,15
P057,intermittent,21,A321,MRO_BLR,01-11-2022,0,0,14,14,0,418,60
P057,intermittent,21,A321,MRO_BLR,01-12-2022,0,0,14,14,0,475,30
P057,intermittent,21,A321,MRO_BLR,01-01-2023,2,2,14,12,0,422,15
P057,intermittent,21,A321,MRO_BLR,01-02-2023,0,0,12,12,0,420,30
P057,intermittent,21,A321,MRO_BLR,01-03-2023,0,0,12,12,0,420,45
P057,intermittent,21,A321,MRO_BLR,01-04-2023,0,0,12,12,0,414,15
P057,intermittent,21,A321,MRO_BLR,01-05-2023,3,3,12,9,0,425,30
P057,intermittent,21,A321,MRO_BLR,01-06-2023,0,0,9,9,0,479,30
P057,intermittent,21,A321,MRO_BLR,01-07-2023,0,0,9,9,0,488,30
P057,intermittent,21,A321,MRO_BLR,01-08-2023,0,0,9,9,0,471,60
P057,intermittent,21,A321,MRO_BLR,01-09-2023,0,0,9,9,0,417,30
P057,intermittent,21,A321,MRO_BLR,01-10-2023,0,0,9,9,0,425,15
P057,intermittent,21,A321,MRO_BLR,01-11-2023,0,0,9,9,0,418,60
P057,intermittent,21,A321,MRO_BLR,01-12-2023,0,0,9,9,0,470,60
P058,intermittent,32,A320,BASE_HYD,01-01-2018,3,3,24,21,0,626,45
P058,intermittent,32,A320,BASE_HYD,01-02-2018,0,0,21,21,0,624,45
P058,intermittent,32,A320,BASE_HYD,01-03-2018,0,0,21,21,0,625,45
P058,intermittent,32,A320,BASE_HYD,01-04-2018,0,0,21,21,0,612,30
P058,intermittent,32,A320,BASE_HYD,01-05-2018,1,1,21,20,0,626,30
P058,intermittent,32,A320,BASE_HYD,01-06-2018,0,0,20,20,0,723,60
P058,intermittent,32,A320,BASE_HYD,01-07-2018,1,1,20,19,0,729,45
P058,intermittent,32,A320,BASE_HYD,01-08-2018,0,0,19,19,0,717,45
P058,intermittent,32,A320,BASE_HYD,01-09-2018,0,0,19,19,0,626,30
P058,intermittent,32,A320,BASE_HYD,01-10-2018,0,0,19,19,0,628,15
P058,intermittent,32,A320,BASE_HYD,01-11-2018,1,1,19,18,0,634,45
P058,intermittent,32,A320,BASE_HYD,01-12-2018,0,0,18,18,0,725,45
P058,intermittent,32,A320,BASE_HYD,01-01-2019,0,0,18,18,0,629,60
P058,intermittent,32,A320,BASE_HYD,01-02-2019,0,0,18,18,0,633,60
P058,intermittent,32,A320,BASE_HYD,01-03-2019,0,0,18,18,0,630,45
P058,intermittent,32,A320,BASE_HYD,01-04-2019,0,0,18,18,0,623,60
P058,intermittent,32,A320,BASE_HYD,01-05-2019,0,0,18,18,0,638,45
P058,intermittent,32,A320,BASE_HYD,01-06-2019,0,0,18,18,0,707,15
P058,intermittent,32,A320,BASE_HYD,01-07-2019,0,0,18,18,0,728,15
P058,intermittent,32,A320,BASE_HYD,01-08-2019,0,0,18,18,0,724,45
P058,intermittent,32,A320,BASE_HYD,01-09-2019,1,1,18,17,0,635,60
P058,intermittent,32,A320,BASE_HYD,01-10-2019,0,0,17,17,0,626,45
P058,intermittent,32,A320,BASE_HYD,01-11-2019,1,1,17,16,0,624,60
P058,intermittent,32,A320,BASE_HYD,01-12-2019,0,0,16,16,0,713,45
P058,intermittent,32,A320,BASE_HYD,01-01-2020,0,0,16,16,0,619,60
P058,intermittent,32,A320,BASE_HYD,01-02-2020,0,0,16,16,0,624,45
P058,intermittent,32,A320,BASE_HYD,01-03-2020,2,2,16,14,0,620,45
P058,intermittent,32,A320,BASE_HYD,01-04-2020,3,3,14,11,0,621,30
P058,intermittent,32,A320,BASE_HYD,01-05-2020,0,0,11,11,0,619,60
P058,intermittent,32,A320,BASE_HYD,01-06-2020,0,0,11,11,0,726,15
P058,intermittent,32,A320,BASE_HYD,01-07-2020,0,0,11,11,0,714,15
P058,intermittent,32,A320,BASE_HYD,01-08-2020,3,3,11,8,0,722,30
P058,intermittent,32,A320,BASE_HYD,01-09-2020,0,0,8,8,0,624,15
P058,intermittent,32,A320,BASE_HYD,01-10-2020,0,0,8,8,0,627,45
P058,intermittent,32,A320,BASE_HYD,01-11-2020,0,0,8,8,0,624,45
P058,intermittent,32,A320,BASE_HYD,01-12-2020,0,0,8,8,0,725,15
P058,intermittent,32,A320,BASE_HYD,01-01-2021,0,0,8,8,0,627,15
P058,intermittent,32,A320,BASE_HYD,01-02-2021,0,0,8,8,0,631,60
P058,intermittent,32,A320,BASE_HYD,01-03-2021,0,0,8,8,0,619,45
P058,intermittent,32,A320,BASE_HYD,01-04-2021,0,0,8,8,0,618,30
P058,intermittent,32,A320,BASE_HYD,01-05-2021,0,0,8,8,0,621,30
P058,intermittent,32,A320,BASE_HYD,01-06-2021,0,0,8,8,0,718,15
P058,intermittent,32,A320,BASE_HYD,01-07-2021,0,0,8,8,0,721,30
P058,intermittent,32,A320,BASE_HYD,01-08-2021,0,0,8,8,0,712,60
P058,intermittent,32,A320,BASE_HYD,01-09-2021,0,0,8,8,0,625,45
P058,intermittent,32,A320,BASE_HYD,01-10-2021,0,0,8,8,0,622,15
P058,intermittent,32,A320,BASE_HYD,01-11-2021,0,0,8,8,0,622,60
P058,intermittent,32,A320,BASE_HYD,01-12-2021,0,0,8,8,0,717,15
P058,intermittent,32,A320,BASE_HYD,01-01-2022,0,0,8,8,0,631,15
P058,intermittent,32,A320,BASE_HYD,01-02-2022,0,0,8,8,0,626,15
P058,intermittent,32,A320,BASE_HYD,01-03-2022,0,0,8,8,0,628,15
P058,intermittent,32,A320,BASE_HYD,01-04-2022,0,0,8,8,0,624,45
P058,intermittent,32,A320,BASE_HYD,01-05-2022,0,0,8,8,0,632,60
P058,intermittent,32,A320,BASE_HYD,01-06-2022,0,0,8,8,0,721,30
P058,intermittent,32,A320,BASE_HYD,01-07-2022,0,0,8,8,0,704,45
P058,intermittent,32,A320,BASE_HYD,01-08-2022,0,0,8,8,0,720,60
P058,intermittent,32,A320,BASE_HYD,01-09-2022,0,0,8,8,0,624,45
P058,intermittent,32,A320,BASE_HYD,01-10-2022,0,0,8,8,0,625,45
P058,intermittent,32,A320,BASE_HYD,01-11-2022,0,0,8,8,0,612,15
P058,intermittent,32,A320,BASE_HYD,01-12-2022,0,0,8,8,0,704,30
P058,intermittent,32,A320,BASE_HYD,01-01-2023,0,0,8,8,0,619,60
P058,intermittent,32,A320,BASE_HYD,01-02-2023,0,0,8,8,0,609,45
P058,intermittent,32,A320,BASE_HYD,01-03-2023,0,0,8,8,0,624,30
P058,intermittent,32,A320,BASE_HYD,01-04-2023,0,0,8,8,0,620,60
P058,intermittent,32,A320,BASE_HYD,01-05-2023,0,0,8,8,0,632,45
P058,intermittent,32,A320,BASE_HYD,01-06-2023,0,0,8,8,0,715,60
P058,intermittent,32,A320,BASE_HYD,01-07-2023,0,0,8,8,0,717,15
P058,intermittent,32,A320,BASE_HYD,01-08-2023,0,0,8,8,0,717,15
P058,intermittent,32,A320,BASE_HYD,01-09-2023,0,0,8,8,0,620,60
P058,intermittent,32,A320,BASE_HYD,01-10-2023,0,0,8,8,0,620,60
P058,intermittent,32,A320,BASE_HYD,01-11-2023,3,3,8,5,0,619,30
P058,intermittent,32,A320,BASE_HYD,01-12-2023,3,3,5,2,0,695,30
P058,intermittent,32,A320,LINE_DEL,01-01-2018,0,0,20,20,0,626,45
P058,intermittent,32,A320,LINE_DEL,01-02-2018,0,0,20,20,0,624,30
P058,intermittent,32,A320,LINE_DEL,01-03-2018,0,0,20,20,0,625,15
P058,intermittent,32,A320,LINE_DEL,01-04-2018,0,0,20,20,0,612,30
P058,intermittent,32,A320,LINE_DEL,01-05-2018,0,0,20,20,0,626,45
P058,intermittent,32,A320,LINE_DEL,01-06-2018,0,0,20,20,0,723,45
P058,intermittent,32,A320,LINE_DEL,01-07-2018,2,2,20,18,0,729,45
P058,intermittent,32,A320,LINE_DEL,01-08-2018,0,0,18,18,0,717,60
P058,intermittent,32,A320,LINE_DEL,01-09-2018,0,0,18,18,0,626,30
P058,intermittent,32,A320,LINE_DEL,01-10-2018,0,0,18,18,0,628,45
P058,intermittent,32,A320,LINE_DEL,01-11-2018,0,0,18,18,0,634,45
P058,intermittent,32,A320,LINE_DEL,01-12-2018,0,0,18,18,0,725,60
P058,intermittent,32,A320,LINE_DEL,01-01-2019,0,0,18,18,0,629,60
P058,intermittent,32,A320,LINE_DEL,01-02-2019,0,0,18,18,0,633,60
P058,intermittent,32,A320,LINE_DEL,01-03-2019,0,0,18,18,0,630,60
P058,intermittent,32,A320,LINE_DEL,01-04-2019,0,0,18,18,0,623,15
P058,intermittent,32,A320,LINE_DEL,01-05-2019,2,2,18,16,0,638,45
P058,intermittent,32,A320,LINE_DEL,01-06-2019,0,0,16,16,0,707,45
P058,intermittent,32,A320,LINE_DEL,01-07-2019,0,0,16,16,0,728,30
P058,intermittent,32,A320,LINE_DEL,01-08-2019,0,0,16,16,0,724,45
P058,intermittent,32,A320,LINE_DEL,01-09-2019,0,0,16,16,0,635,60
P058,intermittent,32,A320,LINE_DEL,01-10-2019,0,0,16,16,0,626,45
P058,intermittent,32,A320,LINE_DEL,01-11-2019,0,0,16,16,0,624,60
P058,intermittent,32,A320,LINE_DEL,01-12-2019,0,0,16,16,0,713,60
P058,intermittent,32,A320,LINE_DEL,01-01-2020,0,0,16,16,0,619,15
P058,intermittent,32,A320,LINE_DEL,01-02-2020,0,0,16,16,0,624,45
P058,intermittent,32,A320,LINE_DEL,01-03-2020,0,0,16,16,0,620,60
P058,intermittent,32,A320,LINE_DEL,01-04-2020,0,0,16,16,0,621,45
P058,intermittent,32,A320,LINE_DEL,01-05-2020,0,0,16,16,0,619,15
P058,intermittent,32,A320,LINE_DEL,01-06-2020,0,0,16,16,0,726,15
P058,intermittent,32,A320,LINE_DEL,01-07-2020,0,0,16,16,0,714,30
P058,intermittent,32,A320,LINE_DEL,01-08-2020,4,4,16,12,0,722,15
P058,intermittent,32,A320,LINE_DEL,01-09-2020,0,0,12,12,0,624,15
P058,intermittent,32,A320,LINE_DEL,01-10-2020,0,0,12,12,0,627,15
P058,intermittent,32,A320,LINE_DEL,01-11-2020,0,0,12,12,0,624,30
P058,intermittent,32,A320,LINE_DEL,01-12-2020,0,0,12,12,0,725,15
P058,intermittent,32,A320,LINE_DEL,01-01-2021,3,3,12,9,0,627,15
P058,intermittent,32,A320,LINE_DEL,01-02-2021,0,0,9,9,0,631,45
P058,intermittent,32,A320,LINE_DEL,01-03-2021,0,0,9,9,0,619,15
P058,intermittent,32,A320,LINE_DEL,01-04-2021,0,0,9,9,0,618,15
P058,intermittent,32,A320,LINE_DEL,01-05-2021,0,0,9,9,0,621,30
P058,intermittent,32,A320,LINE_DEL,01-06-2021,0,0,9,9,0,718,15
P058,intermittent,32,A320,LINE_DEL,01-07-2021,0,0,9,9,0,721,15
P058,intermittent,32,A320,LINE_DEL,01-08-2021,0,0,9,9,0,712,45
P058,intermittent,32,A320,LINE_DEL,01-09-2021,0,0,9,9,0,625,60
P058,intermittent,32,A320,LINE_DEL,01-10-2021,0,0,9,9,0,622,60
P058,intermittent,32,A320,LINE_DEL,01-11-2021,0,0,9,9,0,622,15
P058,intermittent,32,A320,LINE_DEL,01-12-2021,0,0,9,9,0,717,15
P058,intermittent,32,A320,LINE_DEL,01-01-2022,0,0,9,9,0,631,15
P058,intermittent,32,A320,LINE_DEL,01-02-2022,0,0,9,9,0,626,45
P058,intermittent,32,A320,LINE_DEL,01-03-2022,0,0,9,9,0,628,60
P058,intermittent,32,A320,LINE_DEL,01-04-2022,0,0,9,9,0,624,15
P058,intermittent,32,A320,LINE_DEL,01-05-2022,0,0,9,9,0,632,60
P058,intermittent,32,A320,LINE_DEL,01-06-2022,0,0,9,9,0,721,60
P058,intermittent,32,A320,LINE_DEL,01-07-2022,0,0,9,9,0,704,60
P058,intermittent,32,A320,LINE_DEL,01-08-2022,0,0,9,9,0,720,30
P058,intermittent,32,A320,LINE_DEL,01-09-2022,0,0,9,9,0,624,30
P058,intermittent,32,A320,LINE_DEL,01-10-2022,0,0,9,9,0,625,45
P058,intermittent,32,A320,LINE_DEL,01-11-2022,5,5,9,4,0,612,60
P058,intermittent,32,A320,LINE_DEL,01-12-2022,2,2,4,2,0,704,30
P058,intermittent,32,A320,LINE_DEL,01-01-2023,0,0,21,21,0,619,60
P058,intermittent,32,A320,LINE_DEL,01-02-2023,0,0,21,21,0,609,60
P058,intermittent,32,A320,LINE_DEL,01-03-2023,0,0,21,21,0,624,30
P058,intermittent,32,A320,LINE_DEL,01-04-2023,0,0,21,21,0,620,60
P058,intermittent,32,A320,LINE_DEL,01-05-2023,0,0,21,21,0,632,60
P058,intermittent,32,A320,LINE_DEL,01-06-2023,0,0,21,21,0,715,45
P058,intermittent,32,A320,LINE_DEL,01-07-2023,0,0,21,21,0,717,30
P058,intermittent,32,A320,LINE_DEL,01-08-2023,0,0,21,21,0,717,60
P058,intermittent,32,A320,LINE_DEL,01-09-2023,0,0,21,21,0,620,45
P058,intermittent,32,A320,LINE_DEL,01-10-2023,0,0,21,21,0,620,30
P058,intermittent,32,A320,LINE_DEL,01-11-2023,0,0,21,21,0,619,15
P058,intermittent,32,A320,LINE_DEL,01-12-2023,0,0,21,21,0,695,45
P058,intermittent,32,A320,MRO_BLR,01-01-2018,0,0,17,17,0,626,30
P058,intermittent,32,A320,MRO_BLR,01-02-2018,0,0,17,17,0,624,15
P058,intermittent,32,A320,MRO_BLR,01-03-2018,0,0,17,17,0,625,45
P058,intermittent,32,A320,MRO_BLR,01-04-2018,0,0,17,17,0,612,45
P058,intermittent,32,A320,MRO_BLR,01-05-2018,0,0,17,17,0,626,30
P058,intermittent,32,A320,MRO_BLR,01-06-2018,0,0,17,17,0,723,60
P058,intermittent,32,A320,MRO_BLR,01-07-2018,0,0,17,17,0,729,60
P058,intermittent,32,A320,MRO_BLR,01-08-2018,2,2,17,15,0,717,45
P058,intermittent,32,A320,MRO_BLR,01-09-2018,0,0,15,15,0,626,60
P058,intermittent,32,A320,MRO_BLR,01-10-2018,0,0,15,15,0,628,60
P058,intermittent,32,A320,MRO_BLR,01-11-2018,0,0,15,15,0,634,45
P058,intermittent,32,A320,MRO_BLR,01-12-2018,0,0,15,15,0,725,60
P058,intermittent,32,A320,MRO_BLR,01-01-2019,0,0,15,15,0,629,45
P058,intermittent,32,A320,MRO_BLR,01-02-2019,2,2,15,13,0,633,60
P058,intermittent,32,A320,MRO_BLR,01-03-2019,0,0,13,13,0,630,30
P058,intermittent,32,A320,MRO_BLR,01-04-2019,0,0,13,13,0,623,30
P058,intermittent,32,A320,MRO_BLR,01-05-2019,0,0,13,13,0,638,45
P058,intermittent,32,A320,MRO_BLR,01-06-2019,0,0,13,13,0,707,45
P058,intermittent,32,A320,MRO_BLR,01-07-2019,0,0,13,13,0,728,30
P058,intermittent,32,A320,MRO_BLR,01-08-2019,0,0,13,13,0,724,45
P058,intermittent,32,A320,MRO_BLR,01-09-2019,0,0,13,13,0,635,15
P058,intermittent,32,A320,MRO_BLR,01-10-2019,0,0,13,13,0,626,15
P058,intermittent,32,A320,MRO_BLR,01-11-2019,0,0,13,13,0,624,45
P058,intermittent,32,A320,MRO_BLR,01-12-2019,0,0,13,13,0,713,15
P058,intermittent,32,A320,MRO_BLR,01-01-2020,0,0,13,13,0,619,15
P058,intermittent,32,A320,MRO_BLR,01-02-2020,0,0,13,13,0,624,60
P058,intermittent,32,A320,MRO_BLR,01-03-2020,0,0,13,13,0,620,30
P058,intermittent,32,A320,MRO_BLR,01-04-2020,0,0,13,13,0,621,30
P058,intermittent,32,A320,MRO_BLR,01-05-2020,0,0,13,13,0,619,30
P058,intermittent,32,A320,MRO_BLR,01-06-2020,0,0,13,13,0,726,60
P058,intermittent,32,A320,MRO_BLR,01-07-2020,0,0,13,13,0,714,30
P058,intermittent,32,A320,MRO_BLR,01-08-2020,0,0,13,13,0,722,15
P058,intermittent,32,A320,MRO_BLR,01-09-2020,0,0,13,13,0,624,60
P058,intermittent,32,A320,MRO_BLR,01-10-2020,4,4,13,9,0,627,30
P058,intermittent,32,A320,MRO_BLR,01-11-2020,0,0,9,9,0,624,30
P058,intermittent,32,A320,MRO_BLR,01-12-2020,0,0,9,9,0,725,15
P058,intermittent,32,A320,MRO_BLR,01-01-2021,0,0,9,9,0,627,60
P058,intermittent,32,A320,MRO_BLR,01-02-2021,0,0,9,9,0,631,60
P058,intermittent,32,A320,MRO_BLR,01-03-2021,0,0,9,9,0,619,15
P058,intermittent,32,A320,MRO_BLR,01-04-2021,0,0,9,9,0,618,30
P058,intermittent,32,A320,MRO_BLR,01-05-2021,0,0,9,9,0,621,60
P058,intermittent,32,A320,MRO_BLR,01-06-2021,1,1,9,8,0,718,60
P058,intermittent,32,A320,MRO_BLR,01-07-2021,4,4,8,4,0,721,30
P058,intermittent,32,A320,MRO_BLR,01-08-2021,0,0,27,27,0,712,30
P058,intermittent,32,A320,MRO_BLR,01-09-2021,0,0,27,27,0,625,15
P058,intermittent,32,A320,MRO_BLR,01-10-2021,0,0,27,27,0,622,45
P058,intermittent,32,A320,MRO_BLR,01-11-2021,0,0,27,27,0,622,30
P058,intermittent,32,A320,MRO_BLR,01-12-2021,0,0,27,27,0,717,60
P058,intermittent,32,A320,MRO_BLR,01-01-2022,0,0,27,27,0,631,45
P058,intermittent,32,A320,MRO_BLR,01-02-2022,0,0,27,27,0,626,30
P058,intermittent,32,A320,MRO_BLR,01-03-2022,0,0,27,27,0,628,60
P058,intermittent,32,A320,MRO_BLR,01-04-2022,0,0,27,27,0,624,60
P058,intermittent,32,A320,MRO_BLR,01-05-2022,0,0,27,27,0,632,60
P058,intermittent,32,A320,MRO_BLR,01-06-2022,0,0,27,27,0,721,60
P058,intermittent,32,A320,MRO_BLR,01-07-2022,0,0,27,27,0,704,45
P058,intermittent,32,A320,MRO_BLR,01-08-2022,0,0,27,27,0,720,30
P058,intermittent,32,A320,MRO_BLR,01-09-2022,0,0,27,27,0,624,45
P058,intermittent,32,A320,MRO_BLR,01-10-2022,0,0,27,27,0,625,15
P058,intermittent,32,A320,MRO_BLR,01-11-2022,0,0,27,27,0,612,60
P058,intermittent,32,A320,MRO_BLR,01-12-2022,2,2,27,25,0,704,60
P058,intermittent,32,A320,MRO_BLR,01-01-2023,0,0,25,25,0,619,30
P058,intermittent,32,A320,MRO_BLR,01-02-2023,0,0,25,25,0,609,30
P058,intermittent,32,A320,MRO_BLR,01-03-2023,0,0,25,25,0,624,15
P058,intermittent,32,A320,MRO_BLR,01-04-2023,0,0,25,25,0,620,30
P058,intermittent,32,A320,MRO_BLR,01-05-2023,0,0,25,25,0,632,15
P058,intermittent,32,A320,MRO_BLR,01-06-2023,0,0,25,25,0,715,15
P058,intermittent,32,A320,MRO_BLR,01-07-2023,0,0,25,25,0,717,30
P058,intermittent,32,A320,MRO_BLR,01-08-2023,0,0,25,25,0,717,45
P058,intermittent,32,A320,MRO_BLR,01-09-2023,0,0,25,25,0,620,15
P058,intermittent,32,A320,MRO_BLR,01-10-2023,0,0,25,25,0,620,15
P058,intermittent,32,A320,MRO_BLR,01-11-2023,0,0,25,25,0,619,60
P058,intermittent,32,A320,MRO_BLR,01-12-2023,0,0,25,25,0,695,60
P059,intermittent,27,B737,BASE_HYD,01-01-2018,0,0,23,23,0,628,45
P059,intermittent,27,B737,BASE_HYD,01-02-2018,0,0,23,23,0,623,15
P059,intermittent,27,B737,BASE_HYD,01-03-2018,0,0,23,23,0,633,15
P059,intermittent,27,B737,BASE_HYD,01-04-2018,0,0,23,23,0,627,60
P059,intermittent,27,B737,BASE_HYD,01-05-2018,0,0,23,23,0,621,30
P059,intermittent,27,B737,BASE_HYD,01-06-2018,0,0,23,23,0,722,60
P059,intermittent,27,B737,BASE_HYD,01-07-2018,0,0,23,23,0,715,45
P059,intermittent,27,B737,BASE_HYD,01-08-2018,0,0,23,23,0,728,15
P059,intermittent,27,B737,BASE_HYD,01-09-2018,0,0,23,23,0,626,45
P059,intermittent,27,B737,BASE_HYD,01-10-2018,0,0,23,23,0,631,45
P059,intermittent,27,B737,BASE_HYD,01-11-2018,1,1,23,22,0,623,60
P059,intermittent,27,B737,BASE_HYD,01-12-2018,0,0,22,22,0,720,15
P059,intermittent,27,B737,BASE_HYD,01-01-2019,0,0,22,22,0,628,45
P059,intermittent,27,B737,BASE_HYD,01-02-2019,0,0,22,22,0,624,45
P059,intermittent,27,B737,BASE_HYD,01-03-2019,0,0,22,22,0,620,15
P059,intermittent,27,B737,BASE_HYD,01-04-2019,0,0,22,22,0,630,15
P059,intermittent,27,B737,BASE_HYD,01-05-2019,0,0,22,22,0,627,60
P059,intermittent,27,B737,BASE_HYD,01-06-2019,0,0,22,22,0,711,60
P059,intermittent,27,B737,BASE_HYD,01-07-2019,0,0,22,22,0,716,15
P059,intermittent,27,B737,BASE_HYD,01-08-2019,0,0,22,22,0,713,45
P059,intermittent,27,B737,BASE_HYD,01-09-2019,0,0,22,22,0,622,45
P059,intermittent,27,B737,BASE_HYD,01-10-2019,0,0,22,22,0,622,45
P059,intermittent,27,B737,BASE_HYD,01-11-2019,0,0,22,22,0,624,45
P059,intermittent,27,B737,BASE_HYD,01-12-2019,0,0,22,22,0,709,15
P059,intermittent,27,B737,BASE_HYD,01-01-2020,1,1,22,21,0,621,15
P059,intermittent,27,B737,BASE_HYD,01-02-2020,0,0,21,21,0,629,15
P059,intermittent,27,B737,BASE_HYD,01-03-2020,0,0,21,21,0,634,30
P059,intermittent,27,B737,BASE_HYD,01-04-2020,0,0,21,21,0,616,45
P059,intermittent,27,B737,BASE_HYD,01-05-2020,0,0,21,21,0,630,30
P059,intermittent,27,B737,BASE_HYD,01-06-2020,0,0,21,21,0,733,15
P059,intermittent,27,B737,BASE_HYD,01-07-2020,0,0,21,21,0,715,60
P059,intermittent,27,B737,BASE_HYD,01-08-2020,0,0,21,21,0,720,30
P059,intermittent,27,B737,BASE_HYD,01-09-2020,0,0,21,21,0,630,30
P059,intermittent,27,B737,BASE_HYD,01-10-2020,0,0,21,21,0,621,60
P059,intermittent,27,B737,BASE_HYD,01-11-2020,2,2,21,19,0,629,45
P059,intermittent,27,B737,BASE_HYD,01-12-2020,0,0,19,19,0,715,30
P059,intermittent,27,B737,BASE_HYD,01-01-2021,4,4,19,15,0,627,15
P059,intermittent,27,B737,BASE_HYD,01-02-2021,0,0,15,15,0,631,30
P059,intermittent,27,B737,BASE_HYD,01-03-2021,0,0,15,15,0,629,60
P059,intermittent,27,B737,BASE_HYD,01-04-2021,0,0,15,15,0,619,60
P059,intermittent,27,B737,BASE_HYD,01-05-2021,0,0,15,15,0,625,30
P059,intermittent,27,B737,BASE_HYD,01-06-2021,1,1,15,14,0,711,45
P059,intermittent,27,B737,BASE_HYD,01-07-2021,0,0,14,14,0,706,15
P059,intermittent,27,B737,BASE_HYD,01-08-2021,0,0,14,14,0,713,30
P059,intermittent,27,B737,BASE_HYD,01-09-2021,2,2,14,12,0,626,45
P059,intermittent,27,B737,BASE_HYD,01-10-2021,0,0,12,12,0,620,60
P059,intermittent,27,B737,BASE_HYD,01-11-2021,0,0,12,12,0,630,30
P059,intermittent,27,B737,BASE_HYD,01-12-2021,0,0,12,12,0,715,15
P059,intermittent,27,B737,BASE_HYD,01-01-2022,0,0,12,12,0,613,30
P059,intermittent,27,B737,BASE_HYD,01-02-2022,0,0,12,12,0,618,15
P059,intermittent,27,B737,BASE_HYD,01-03-2022,1,1,12,11,0,616,30
P059,intermittent,27,B737,BASE_HYD,01-04-2022,0,0,11,11,0,628,30
P059,intermittent,27,B737,BASE_HYD,01-05-2022,5,5,11,6,0,623,60
P059,intermittent,27,B737,BASE_HYD,01-06-2022,0,0,6,6,0,712,30
P059,intermittent,27,B737,BASE_HYD,01-07-2022,0,0,6,6,0,718,45
P059,intermittent,27,B737,BASE_HYD,01-08-2022,0,0,6,6,0,707,60
P059,intermittent,27,B737,BASE_HYD,01-09-2022,0,0,6,6,0,612,15
P059,intermittent,27,B737,BASE_HYD,01-10-2022,2,2,6,4,0,612,60
P059,intermittent,27,B737,BASE_HYD,01-11-2022,0,0,4,4,0,608,15
P059,intermittent,27,B737,BASE_HYD,01-12-2022,2,2,25,23,0,705,15
P059,intermittent,27,B737,BASE_HYD,01-01-2023,0,0,23,23,0,621,60
P059,intermittent,27,B737,BASE_HYD,01-02-2023,2,2,23,21,0,622,30
P059,intermittent,27,B737,BASE_HYD,01-03-2023,0,0,21,21,0,612,60
P059,intermittent,27,B737,BASE_HYD,01-04-2023,1,1,21,20,0,605,15
P059,intermittent,27,B737,BASE_HYD,01-05-2023,0,0,20,20,0,615,15
P059,intermittent,27,B737,BASE_HYD,01-06-2023,0,0,20,20,0,714,60
P059,intermittent,27,B737,BASE_HYD,01-07-2023,3,3,20,17,0,716,30
P059,intermittent,27,B737,BASE_HYD,01-08-2023,1,1,17,16,0,712,15
P059,intermittent,27,B737,BASE_HYD,01-09-2023,1,1,16,15,0,611,30
P059,intermittent,27,B737,BASE_HYD,01-10-2023,0,0,15,15,0,622,30
P059,intermittent,27,B737,BASE_HYD,01-11-2023,0,0,15,15,0,620,15
P059,intermittent,27,B737,BASE_HYD,01-12-2023,3,3,15,12,0,715,45
P059,intermittent,27,B737,LINE_DEL,01-01-2018,0,0,20,20,0,628,45
P059,intermittent,27,B737,LINE_DEL,01-02-2018,0,0,20,20,0,623,60
P059,intermittent,27,B737,LINE_DEL,01-03-2018,0,0,20,20,0,633,60
P059,intermittent,27,B737,LINE_DEL,01-04-2018,0,0,20,20,0,627,45
P059,intermittent,27,B737,LINE_DEL,01-05-2018,0,0,20,20,0,621,15
P059,intermittent,27,B737,LINE_DEL,01-06-2018,0,0,20,20,0,722,15
P059,intermittent,27,B737,LINE_DEL,01-07-2018,0,0,20,20,0,715,15
P059,intermittent,27,B737,LINE_DEL,01-08-2018,0,0,20,20,0,728,45
P059,intermittent,27,B737,LINE_DEL,01-09-2018,0,0,20,20,0,626,60
P059,intermittent,27,B737,LINE_DEL,01-10-2018,0,0,20,20,0,631,60
P059,intermittent,27,B737,LINE_DEL,01-11-2018,0,0,20,20,0,623,15
P059,intermittent,27,B737,LINE_DEL,01-12-2018,0,0,20,20,0,720,15
P059,intermittent,27,B737,LINE_DEL,01-01-2019,4,4,20,16,0,628,30
P059,intermittent,27,B737,LINE_DEL,01-02-2019,1,1,16,15,0,624,30
P059,intermittent,27,B737,LINE_DEL,01-03-2019,0,0,15,15,0,620,15
P059,intermittent,27,B737,LINE_DEL,01-04-2019,0,0,15,15,0,630,30
P059,intermittent,27,B737,LINE_DEL,01-05-2019,0,0,15,15,0,627,45
P059,intermittent,27,B737,LINE_DEL,01-06-2019,0,0,15,15,0,711,30
P059,intermittent,27,B737,LINE_DEL,01-07-2019,0,0,15,15,0,716,45
P059,intermittent,27,B737,LINE_DEL,01-08-2019,0,0,15,15,0,713,60
P059,intermittent,27,B737,LINE_DEL,01-09-2019,1,1,15,14,0,622,15
P059,intermittent,27,B737,LINE_DEL,01-10-2019,0,0,14,14,0,622,45
P059,intermittent,27,B737,LINE_DEL,01-11-2019,0,0,14,14,0,624,60
P059,intermittent,27,B737,LINE_DEL,01-12-2019,0,0,14,14,0,709,60
P059,intermittent,27,B737,LINE_DEL,01-01-2020,0,0,14,14,0,621,30
P059,intermittent,27,B737,LINE_DEL,01-02-2020,0,0,14,14,0,629,45
P059,intermittent,27,B737,LINE_DEL,01-03-2020,0,0,14,14,0,634,30
P059,intermittent,27,B737,LINE_DEL,01-04-2020,1,1,14,13,0,616,60
P059,intermittent,27,B737,LINE_DEL,01-05-2020,0,0,13,13,0,630,15
P059,intermittent,27,B737,LINE_DEL,01-06-2020,0,0,13,13,0,733,15
P059,intermittent,27,B737,LINE_DEL,01-07-2020,0,0,13,13,0,715,30
P059,intermittent,27,B737,LINE_DEL,01-08-2020,2,2,13,11,0,720,30
P059,intermittent,27,B737,LINE_DEL,01-09-2020,0,0,11,11,0,630,60
P059,intermittent,27,B737,LINE_DEL,01-10-2020,0,0,11,11,0,621,30
P059,intermittent,27,B737,LINE_DEL,01-11-2020,0,0,11,11,0,629,45
P059,intermittent,27,B737,LINE_DEL,01-12-2020,0,0,11,11,0,715,30
P059,intermittent,27,B737,LINE_DEL,01-01-2021,0,0,11,11,0,627,60
P059,intermittent,27,B737,LINE_DEL,01-02-2021,0,0,11,11,0,631,15
P059,intermittent,27,B737,LINE_DEL,01-03-2021,0,0,11,11,0,629,15
P059,intermittent,27,B737,LINE_DEL,01-04-2021,0,0,11,11,0,619,45
P059,intermittent,27,B737,LINE_DEL,01-05-2021,0,0,11,11,0,625,30
P059,intermittent,27,B737,LINE_DEL,01-06-2021,0,0,11,11,0,711,15
P059,intermittent,27,B737,LINE_DEL,01-07-2021,0,0,11,11,0,706,60
P059,intermittent,27,B737,LINE_DEL,01-08-2021,4,4,11,7,0,713,15
P059,intermittent,27,B737,LINE_DEL,01-09-2021,0,0,7,7,0,626,60
P059,intermittent,27,B737,LINE_DEL,01-10-2021,0,0,7,7,0,620,30
P059,intermittent,27,B737,LINE_DEL,01-11-2021,0,0,7,7,0,630,45
P059,intermittent,27,B737,LINE_DEL,01-12-2021,0,0,7,7,0,715,60
P059,intermittent,27,B737,LINE_DEL,01-01-2022,3,3,7,4,0,613,30
P059,intermittent,27,B737,LINE_DEL,01-02-2022,2,2,20,18,0,618,30
P059,intermittent,27,B737,LINE_DEL,01-03-2022,0,0,18,18,0,616,30
P059,intermittent,27,B737,LINE_DEL,01-04-2022,0,0,18,18,0,628,45
P059,intermittent,27,B737,LINE_DEL,01-05-2022,1,1,18,17,0,623,45
P059,intermittent,27,B737,LINE_DEL,01-06-2022,0,0,17,17,0,712,60
P059,intermittent,27,B737,LINE_DEL,01-07-2022,2,2,17,15,0,718,15
P059,intermittent,27,B737,LINE_DEL,01-08-2022,0,0,15,15,0,707,15
P059,intermittent,27,B737,LINE_DEL,01-09-2022,0,0,15,15,0,612,15
P059,intermittent,27,B737,LINE_DEL,01-10-2022,0,0,15,15,0,612,15
P059,intermittent,27,B737,LINE_DEL,01-11-2022,0,0,15,15,0,608,15
P059,intermittent,27,B737,LINE_DEL,01-12-2022,2,2,15,13,0,705,30
P059,intermittent,27,B737,LINE_DEL,01-01-2023,0,0,13,13,0,621,60
P059,intermittent,27,B737,LINE_DEL,01-02-2023,0,0,13,13,0,622,15
P059,intermittent,27,B737,LINE_DEL,01-03-2023,0,0,13,13,0,612,15
P059,intermittent,27,B737,LINE_DEL,01-04-2023,0,0,13,13,0,605,30
P059,intermittent,27,B737,LINE_DEL,01-05-2023,0,0,13,13,0,615,45
P059,intermittent,27,B737,LINE_DEL,01-06-2023,0,0,13,13,0,714,45
P059,intermittent,27,B737,LINE_DEL,01-07-2023,2,2,13,11,0,716,15
P059,intermittent,27,B737,LINE_DEL,01-08-2023,0,0,11,11,0,712,15
P059,intermittent,27,B737,LINE_DEL,01-09-2023,0,0,11,11,0,611,60
P059,intermittent,27,B737,LINE_DEL,01-10-2023,0,0,11,11,0,622,60
P059,intermittent,27,B737,LINE_DEL,01-11-2023,0,0,11,11,0,620,45
P059,intermittent,27,B737,LINE_DEL,01-12-2023,0,0,11,11,0,715,15
P059,intermittent,27,B737,MRO_BLR,01-01-2018,1,1,29,28,0,628,45
P059,intermittent,27,B737,MRO_BLR,01-02-2018,0,0,28,28,0,623,45
P059,intermittent,27,B737,MRO_BLR,01-03-2018,0,0,28,28,0,633,60
P059,intermittent,27,B737,MRO_BLR,01-04-2018,0,0,28,28,0,627,45
P059,intermittent,27,B737,MRO_BLR,01-05-2018,0,0,28,28,0,621,60
P059,intermittent,27,B737,MRO_BLR,01-06-2018,0,0,28,28,0,722,60
P059,intermittent,27,B737,MRO_BLR,01-07-2018,3,3,28,25,0,715,45
P059,intermittent,27,B737,MRO_BLR,01-08-2018,0,0,25,25,0,728,15
P059,intermittent,27,B737,MRO_BLR,01-09-2018,3,3,25,22,0,626,15
P059,intermittent,27,B737,MRO_BLR,01-10-2018,0,0,22,22,0,631,45
P059,intermittent,27,B737,MRO_BLR,01-11-2018,0,0,22,22,0,623,45
P059,intermittent,27,B737,MRO_BLR,01-12-2018,0,0,22,22,0,720,15
P059,intermittent,27,B737,MRO_BLR,01-01-2019,0,0,22,22,0,628,15
P059,intermittent,27,B737,MRO_BLR,01-02-2019,2,2,22,20,0,624,30
P059,intermittent,27,B737,MRO_BLR,01-03-2019,0,0,20,20,0,620,60
P059,intermittent,27,B737,MRO_BLR,01-04-2019,0,0,20,20,0,630,60
P059,intermittent,27,B737,MRO_BLR,01-05-2019,0,0,20,20,0,627,15
P059,intermittent,27,B737,MRO_BLR,01-06-2019,0,0,20,20,0,711,45
P059,intermittent,27,B737,MRO_BLR,01-07-2019,0,0,20,20,0,716,60
P059,intermittent,27,B737,MRO_BLR,01-08-2019,0,0,20,20,0,713,30
P059,intermittent,27,B737,MRO_BLR,01-09-2019,0,0,20,20,0,622,60
P059,intermittent,27,B737,MRO_BLR,01-10-2019,0,0,20,20,0,622,45
P059,intermittent,27,B737,MRO_BLR,01-11-2019,0,0,20,20,0,624,60
P059,intermittent,27,B737,MRO_BLR,01-12-2019,0,0,20,20,0,709,30
P059,intermittent,27,B737,MRO_BLR,01-01-2020,1,1,20,19,0,621,15
P059,intermittent,27,B737,MRO_BLR,01-02-2020,0,0,19,19,0,629,30
P059,intermittent,27,B737,MRO_BLR,01-03-2020,3,3,19,16,0,634,30
P059,intermittent,27,B737,MRO_BLR,01-04-2020,0,0,16,16,0,616,15
P059,intermittent,27,B737,MRO_BLR,01-05-2020,6,6,16,10,0,630,15
P059,intermittent,27,B737,MRO_BLR,01-06-2020,0,0,10,10,0,733,45
P059,intermittent,27,B737,MRO_BLR,01-07-2020,0,0,10,10,0,715,45
P059,intermittent,27,B737,MRO_BLR,01-08-2020,0,0,10,10,0,720,45
P059,intermittent,27,B737,MRO_BLR,01-09-2020,0,0,10,10,0,630,15
P059,intermittent,27,B737,MRO_BLR,01-10-2020,0,0,10,10,0,621,15
P059,intermittent,27,B737,MRO_BLR,01-11-2020,0,0,10,10,0,629,60
P059,intermittent,27,B737,MRO_BLR,01-12-2020,0,0,10,10,0,715,15
P059,intermittent,27,B737,MRO_BLR,01-01-2021,0,0,10,10,0,627,60
P059,intermittent,27,B737,MRO_BLR,01-02-2021,0,0,10,10,0,631,30
P059,intermittent,27,B737,MRO_BLR,01-03-2021,0,0,10,10,0,629,30
P059,intermittent,27,B737,MRO_BLR,01-04-2021,0,0,10,10,0,619,45
P059,intermittent,27,B737,MRO_BLR,01-05-2021,0,0,10,10,0,625,45
P059,intermittent,27,B737,MRO_BLR,01-06-2021,0,0,10,10,0,711,15
P059,intermittent,27,B737,MRO_BLR,01-07-2021,0,0,10,10,0,706,15
P059,intermittent,27,B737,MRO_BLR,01-08-2021,0,0,10,10,0,713,60
P059,intermittent,27,B737,MRO_BLR,01-09-2021,0,0,10,10,0,626,15
P059,intermittent,27,B737,MRO_BLR,01-10-2021,0,0,10,10,0,620,45
P059,intermittent,27,B737,MRO_BLR,01-11-2021,0,0,10,10,0,630,15
P059,intermittent,27,B737,MRO_BLR,01-12-2021,0,0,10,10,0,715,15
P059,intermittent,27,B737,MRO_BLR,01-01-2022,0,0,10,10,0,613,45
P059,intermittent,27,B737,MRO_BLR,01-02-2022,2,2,10,8,0,618,60
P059,intermittent,27,B737,MRO_BLR,01-03-2022,0,0,8,8,0,616,15
P059,intermittent,27,B737,MRO_BLR,01-04-2022,1,1,8,7,0,628,45
P059,intermittent,27,B737,MRO_BLR,01-05-2022,0,0,7,7,0,623,15
P059,intermittent,27,B737,MRO_BLR,01-06-2022,0,0,7,7,0,712,30
P059,intermittent,27,B737,MRO_BLR,01-07-2022,0,0,7,7,0,718,60
P059,intermittent,27,B737,MRO_BLR,01-08-2022,0,0,7,7,0,707,60
P059,intermittent,27,B737,MRO_BLR,01-09-2022,0,0,7,7,0,612,45
P059,intermittent,27,B737,MRO_BLR,01-10-2022,1,1,7,6,0,612,45
P059,intermittent,27,B737,MRO_BLR,01-11-2022,0,0,6,6,0,608,15
P059,intermittent,27,B737,MRO_BLR,01-12-2022,0,0,6,6,0,705,30
P059,intermittent,27,B737,MRO_BLR,01-01-2023,0,0,6,6,0,621,15
P059,intermittent,27,B737,MRO_BLR,01-02-2023,0,0,6,6,0,622,15
P059,intermittent,27,B737,MRO_BLR,01-03-2023,1,1,6,5,0,612,15
P059,intermittent,27,B737,MRO_BLR,01-04-2023,0,0,5,5,0,605,60
P059,intermittent,27,B737,MRO_BLR,01-05-2023,2,2,5,3,0,615,30
P059,intermittent,27,B737,MRO_BLR,01-06-2023,0,0,20,20,0,714,15
P059,intermittent,27,B737,MRO_BLR,01-07-2023,0,0,20,20,0,716,30
P059,intermittent,27,B737,MRO_BLR,01-08-2023,0,0,20,20,0,712,30
P059,intermittent,27,B737,MRO_BLR,01-09-2023,0,0,20,20,0,611,60
P059,intermittent,27,B737,MRO_BLR,01-10-2023,0,0,20,20,0,622,15
P059,intermittent,27,B737,MRO_BLR,01-11-2023,2,2,20,18,0,620,15
P059,intermittent,27,B737,MRO_BLR,01-12-2023,3,3,18,15,0,715,15
P060,intermittent,49,A320,BASE_HYD,01-01-2018,0,0,29,29,0,549,15
P060,intermittent,49,A320,BASE_HYD,01-02-2018,0,0,29,29,0,552,60
P060,intermittent,49,A320,BASE_HYD,01-03-2018,0,0,29,29,0,559,30
P060,intermittent,49,A320,BASE_HYD,01-04-2018,1,1,29,28,0,550,15
P060,intermittent,49,A320,BASE_HYD,01-05-2018,0,0,28,28,0,554,30
P060,intermittent,49,A320,BASE_HYD,01-06-2018,2,2,28,26,0,636,45
P060,intermittent,49,A320,BASE_HYD,01-07-2018,1,1,26,25,0,634,45
P060,intermittent,49,A320,BASE_HYD,01-08-2018,0,0,25,25,0,631,45
P060,intermittent,49,A320,BASE_HYD,01-09-2018,0,0,25,25,0,555,15
P060,intermittent,49,A320,BASE_HYD,01-10-2018,0,0,25,25,0,550,30
P060,intermittent,49,A320,BASE_HYD,01-11-2018,0,0,25,25,0,552,45
P060,intermittent,49,A320,BASE_HYD,01-12-2018,0,0,25,25,0,644,60
P060,intermittent,49,A320,BASE_HYD,01-01-2019,0,0,25,25,0,549,45
P060,intermittent,49,A320,BASE_HYD,01-02-2019,0,0,25,25,0,556,60
P060,intermittent,49,A320,BASE_HYD,01-03-2019,0,0,25,25,0,559,60
P060,intermittent,49,A320,BASE_HYD,01-04-2019,0,0,25,25,0,553,45
P060,intermittent,49,A320,BASE_HYD,01-05-2019,0,0,25,25,0,556,45
P060,intermittent,49,A320,BASE_HYD,01-06-2019,0,0,25,25,0,631,30
P060,intermittent,49,A320,BASE_HYD,01-07-2019,2,2,25,23,0,641,30
P060,intermittent,49,A320,BASE_HYD,01-08-2019,0,0,23,23,0,640,60
P060,intermittent,49,A320,BASE_HYD,01-09-2019,0,0,23,23,0,561,15
P060,intermittent,49,A320,BASE_HYD,01-10-2019,0,0,23,23,0,560,60
P060,intermittent,49,A320,BASE_HYD,01-11-2019,0,0,23,23,0,555,45
P060,intermittent,49,A320,BASE_HYD,01-12-2019,1,1,23,22,0,654,45
P060,intermittent,49,A320,BASE_HYD,01-01-2020,3,3,22,19,0,557,45
P060,intermittent,49,A320,BASE_HYD,01-02-2020,0,0,19,19,0,559,30
P060,intermittent,49,A320,BASE_HYD,01-03-2020,0,0,19,19,0,549,60
P060,intermittent,49,A320,BASE_HYD,01-04-2020,0,0,19,19,0,550,60
P060,intermittent,49,A320,BASE_HYD,01-05-2020,0,0,19,19,0,552,30
P060,intermittent,49,A320,BASE_HYD,01-06-2020,0,0,19,19,0,628,15
P060,intermittent,49,A320,BASE_HYD,01-07-2020,0,0,19,19,0,635,30
P060,intermittent,49,A320,BASE_HYD,01-08-2020,0,0,19,19,0,634,60
P060,intermittent,49,A320,BASE_HYD,01-09-2020,1,1,19,18,0,558,15
P060,intermittent,49,A320,BASE_HYD,01-10-2020,0,0,18,18,0,558,30
P060,intermittent,49,A320,BASE_HYD,01-11-2020,0,0,18,18,0,552,60
P060,intermittent,49,A320,BASE_HYD,01-12-2020,0,0,18,18,0,632,30
P060,intermittent,49,A320,BASE_HYD,01-01-2021,0,0,18,18,0,560,45
P060,intermittent,49,A320,BASE_HYD,01-02-2021,0,0,18,18,0,542,15
P060,intermittent,49,A320,BASE_HYD,01-03-2021,0,0,18,18,0,541,60
P060,intermittent,49,A320,BASE_HYD,01-04-2021,0,0,18,18,0,553,30
P060,intermittent,49,A320,BASE_HYD,01-05-2021,0,0,18,18,0,550,45
P060,intermittent,49,A320,BASE_HYD,01-06-2021,4,4,18,14,0,631,15
P060,intermittent,49,A320,BASE_HYD,01-07-2021,0,0,14,14,0,621,15
P060,intermittent,49,A320,BASE_HYD,01-08-2021,3,3,14,11,0,627,30
P060,intermittent,49,A320,BASE_HYD,01-09-2021,0,0,11,11,0,558,15
P060,intermittent,49,A320,BASE_HYD,01-10-2021,0,0,11,11,0,557,45
P060,intermittent,49,A320,BASE_HYD,01-11-2021,0,0,11,11,0,554,30
P060,intermittent,49,A320,BASE_HYD,01-12-2021,2,2,11,9,0,627,60
P060,intermittent,49,A320,BASE_HYD,01-01-2022,0,0,9,9,0,547,30
P060,intermittent,49,A320,BASE_HYD,01-02-2022,0,0,9,9,0,546,15
P060,intermittent,49,A320,BASE_HYD,01-03-2022,0,0,9,9,0,545,30
P060,intermittent,49,A320,BASE_HYD,01-04-2022,0,0,9,9,0,545,30
P060,intermittent,49,A320,BASE_HYD,01-05-2022,0,0,9,9,0,548,60
P060,intermittent,49,A320,BASE_HYD,01-06-2022,0,0,9,9,0,621,15
P060,intermittent,49,A320,BASE_HYD,01-07-2022,0,0,9,9,0,638,60
P060,intermittent,49,A320,BASE_HYD,01-08-2022,4,4,9,5,0,630,45
P060,intermittent,49,A320,BASE_HYD,01-09-2022,0,0,5,5,0,546,60
P060,intermittent,49,A320,BASE_HYD,01-10-2022,0,0,5,5,0,540,30
P060,intermittent,49,A320,BASE_HYD,01-11-2022,0,0,5,5,0,553,30
P060,intermittent,49,A320,BASE_HYD,01-12-2022,0,0,5,5,0,624,15
P060,intermittent,49,A320,BASE_HYD,01-01-2023,0,0,5,5,0,549,30
P060,intermittent,49,A320,BASE_HYD,01-02-2023,0,0,5,5,0,542,45
P060,intermittent,49,A320,BASE_HYD,01-03-2023,1,1,5,4,0,547,45
P060,intermittent,49,A320,BASE_HYD,01-04-2023,0,0,4,4,0,540,45
P060,intermittent,49,A320,BASE_HYD,01-05-2023,5,5,20,15,0,546,45
P060,intermittent,49,A320,BASE_HYD,01-06-2023,0,0,15,15,0,628,45
P060,intermittent,49,A320,BASE_HYD,01-07-2023,2,2,15,13,0,630,15
P060,intermittent,49,A320,BASE_HYD,01-08-2023,2,2,13,11,0,634,30
P060,intermittent,49,A320,BASE_HYD,01-09-2023,0,0,11,11,0,549,45
P060,intermittent,49,A320,BASE_HYD,01-10-2023,0,0,11,11,0,555,30
P060,intermittent,49,A320,BASE_HYD,01-11-2023,0,0,11,11,0,539,15
P060,intermittent,49,A320,BASE_HYD,01-12-2023,0,0,11,11,0,642,30
P060,intermittent,49,A320,LINE_DEL,01-01-2018,0,0,25,25,0,549,30
P060,intermittent,49,A320,LINE_DEL,01-02-2018,0,0,25,25,0,552,60
P060,intermittent,49,A320,LINE_DEL,01-03-2018,0,0,25,25,0,559,60
P060,intermittent,49,A320,LINE_DEL,01-04-2018,0,0,25,25,0,550,15
P060,intermittent,49,A320,LINE_DEL,01-05-2018,0,0,25,25,0,554,30
P060,intermittent,49,A320,LINE_DEL,01-06-2018,0,0,25,25,0,636,30
P060,intermittent,49,A320,LINE_DEL,01-07-2018,0,0,25,25,0,634,15
P060,intermittent,49,A320,LINE_DEL,01-08-2018,0,0,25,25,0,631,60
P060,intermittent,49,A320,LINE_DEL,01-09-2018,0,0,25,25,0,555,45
P060,intermittent,49,A320,LINE_DEL,01-10-2018,0,0,25,25,0,550,30
P060,intermittent,49,A320,LINE_DEL,01-11-2018,0,0,25,25,0,552,15
P060,intermittent,49,A320,LINE_DEL,01-12-2018,2,2,25,23,0,644,15
P060,intermittent,49,A320,LINE_DEL,01-01-2019,0,0,23,23,0,549,45
P060,intermittent,49,A320,LINE_DEL,01-02-2019,0,0,23,23,0,556,30
P060,intermittent,49,A320,LINE_DEL,01-03-2019,0,0,23,23,0,559,15
P060,intermittent,49,A320,LINE_DEL,01-04-2019,0,0,23,23,0,553,30
P060,intermittent,49,A320,LINE_DEL,01-05-2019,0,0,23,23,0,556,30
P060,intermittent,49,A320,LINE_DEL,01-06-2019,1,1,23,22,0,631,60
P060,intermittent,49,A320,LINE_DEL,01-07-2019,0,0,22,22,0,641,45
P060,intermittent,49,A320,LINE_DEL,01-08-2019,0,0,22,22,0,640,30
P060,intermittent,49,A320,LINE_DEL,01-09-2019,0,0,22,22,0,561,15
P060,intermittent,49,A320,LINE_DEL,01-10-2019,0,0,22,22,0,560,15
P060,intermittent,49,A320,LINE_DEL,01-11-2019,0,0,22,22,0,555,45
P060,intermittent,49,A320,LINE_DEL,01-12-2019,0,0,22,22,0,654,60
P060,intermittent,49,A320,LINE_DEL,01-01-2020,0,0,22,22,0,557,15
P060,intermittent,49,A320,LINE_DEL,01-02-2020,0,0,22,22,0,559,30
P060,intermittent,49,A320,LINE_DEL,01-03-2020,1,1,22,21,0,549,15
P060,intermittent,49,A320,LINE_DEL,01-04-2020,3,3,21,18,0,550,15
P060,intermittent,49,A320,LINE_DEL,01-05-2020,1,1,18,17,0,552,45
P060,intermittent,49,A320,LINE_DEL,01-06-2020,0,0,17,17,0,628,60
P060,intermittent,49,A320,LINE_DEL,01-07-2020,3,3,17,14,0,635,60
P060,intermittent,49,A320,LINE_DEL,01-08-2020,4,4,14,10,0,634,60
P060,intermittent,49,A320,LINE_DEL,01-09-2020,0,0,10,10,0,558,45
P060,intermittent,49,A320,LINE_DEL,01-10-2020,0,0,10,10,0,558,60
P060,intermittent,49,A320,LINE_DEL,01-11-2020,0,0,10,10,0,552,30
P060,intermittent,49,A320,LINE_DEL,01-12-2020,0,0,10,10,0,632,45
P060,intermittent,49,A320,LINE_DEL,01-01-2021,1,1,10,9,0,560,30
P060,intermittent,49,A320,LINE_DEL,01-02-2021,0,0,9,9,0,542,30
P060,intermittent,49,A320,LINE_DEL,01-03-2021,0,0,9,9,0,541,30
P060,intermittent,49,A320,LINE_DEL,01-04-2021,0,0,9,9,0,553,60
P060,intermittent,49,A320,LINE_DEL,01-05-2021,0,0,9,9,0,550,45
P060,intermittent,49,A320,LINE_DEL,01-06-2021,0,0,9,9,0,631,15
P060,intermittent,49,A320,LINE_DEL,01-07-2021,0,0,9,9,0,621,45
P060,intermittent,49,A320,LINE_DEL,01-08-2021,0,0,9,9,0,627,45
P060,intermittent,49,A320,LINE_DEL,01-09-2021,0,0,9,9,0,558,60
P060,intermittent,49,A320,LINE_DEL,01-10-2021,0,0,9,9,0,557,60
P060,intermittent,49,A320,LINE_DEL,01-11-2021,0,0,9,9,0,554,45
P060,intermittent,49,A320,LINE_DEL,01-12-2021,0,0,9,9,0,627,60
P060,intermittent,49,A320,LINE_DEL,01-01-2022,3,3,9,6,0,547,60
P060,intermittent,49,A320,LINE_DEL,01-02-2022,0,0,6,6,0,546,45
P060,intermittent,49,A320,LINE_DEL,01-03-2022,0,0,6,6,0,545,15
P060,intermittent,49,A320,LINE_DEL,01-04-2022,0,0,6,6,0,545,60
P060,intermittent,49,A320,LINE_DEL,01-05-2022,0,0,6,6,0,548,30
P060,intermittent,49,A320,LINE_DEL,01-06-2022,0,0,6,6,0,621,15
P060,intermittent,49,A320,LINE_DEL,01-07-2022,2,2,6,4,0,638,30
P060,intermittent,49,A320,LINE_DEL,01-08-2022,0,0,18,18,0,630,30
P060,intermittent,49,A320,LINE_DEL,01-09-2022,0,0,18,18,0,546,60
P060,intermittent,49,A320,LINE_DEL,01-10-2022,2,2,18,16,0,540,60
P060,intermittent,49,A320,LINE_DEL,01-11-2022,0,0,16,16,0,553,60
P060,intermittent,49,A320,LINE_DEL,01-12-2022,0,0,16,16,0,624,15
P060,intermittent,49,A320,LINE_DEL,01-01-2023,1,1,16,15,0,549,15
P060,intermittent,49,A320,LINE_DEL,01-02-2023,0,0,15,15,0,542,30
P060,intermittent,49,A320,LINE_DEL,01-03-2023,0,0,15,15,0,547,30
P060,intermittent,49,A320,LINE_DEL,01-04-2023,0,0,15,15,0,540,15
P060,intermittent,49,A320,LINE_DEL,01-05-2023,0,0,15,15,0,546,60
P060,intermittent,49,A320,LINE_DEL,01-06-2023,1,1,15,14,0,628,60
P060,intermittent,49,A320,LINE_DEL,01-07-2023,3,3,14,11,0,630,60
P060,intermittent,49,A320,LINE_DEL,01-08-2023,0,0,11,11,0,634,45
P060,intermittent,49,A320,LINE_DEL,01-09-2023,1,1,11,10,0,549,30
P060,intermittent,49,A320,LINE_DEL,01-10-2023,0,0,10,10,0,555,30
P060,intermittent,49,A320,LINE_DEL,01-11-2023,0,0,10,10,0,539,60
P060,intermittent,49,A320,LINE_DEL,01-12-2023,0,0,10,10,0,642,15
P060,intermittent,49,A320,MRO_BLR,01-01-2018,0,0,21,21,0,549,15
P060,intermittent,49,A320,MRO_BLR,01-02-2018,0,0,21,21,0,552,30
P060,intermittent,49,A320,MRO_BLR,01-03-2018,0,0,21,21,0,559,45
P060,intermittent,49,A320,MRO_BLR,01-04-2018,0,0,21,21,0,550,45
P060,intermittent,49,A320,MRO_BLR,01-05-2018,0,0,21,21,0,554,60
P060,intermittent,49,A320,MRO_BLR,01-06-2018,0,0,21,21,0,636,45
P060,intermittent,49,A320,MRO_BLR,01-07-2018,0,0,21,21,0,634,45
P060,intermittent,49,A320,MRO_BLR,01-08-2018,0,0,21,21,0,631,45
P060,intermittent,49,A320,MRO_BLR,01-09-2018,0,0,21,21,0,555,60
P060,intermittent,49,A320,MRO_BLR,01-10-2018,1,1,21,20,0,550,60
P060,intermittent,49,A320,MRO_BLR,01-11-2018,0,0,20,20,0,552,30
P060,intermittent,49,A320,MRO_BLR,01-12-2018,1,1,20,19,0,644,60
P060,intermittent,49,A320,MRO_BLR,01-01-2019,0,0,19,19,0,549,30
P060,intermittent,49,A320,MRO_BLR,01-02-2019,1,1,19,18,0,556,30
P060,intermittent,49,A320,MRO_BLR,01-03-2019,0,0,18,18,0,559,15
P060,intermittent,49,A320,MRO_BLR,01-04-2019,0,0,18,18,0,553,60
P060,intermittent,49,A320,MRO_BLR,01-05-2019,0,0,18,18,0,556,45
P060,intermittent,49,A320,MRO_BLR,01-06-2019,0,0,18,18,0,631,45
P060,intermittent,49,A320,MRO_BLR,01-07-2019,0,0,18,18,0,641,60
P060,intermittent,49,A320,MRO_BLR,01-08-2019,0,0,18,18,0,640,30
P060,intermittent,49,A320,MRO_BLR,01-09-2019,0,0,18,18,0,561,15
P060,intermittent,49,A320,MRO_BLR,01-10-2019,0,0,18,18,0,560,45
P060,intermittent,49,A320,MRO_BLR,01-11-2019,0,0,18,18,0,555,15
P060,intermittent,49,A320,MRO_BLR,01-12-2019,0,0,18,18,0,654,45
P060,intermittent,49,A320,MRO_BLR,01-01-2020,0,0,18,18,0,557,15
P060,intermittent,49,A320,MRO_BLR,01-02-2020,0,0,18,18,0,559,60
P060,intermittent,49,A320,MRO_BLR,01-03-2020,0,0,18,18,0,549,15
P060,intermittent,49,A320,MRO_BLR,01-04-2020,0,0,18,18,0,550,30
P060,intermittent,49,A320,MRO_BLR,01-05-2020,0,0,18,18,0,552,45
P060,intermittent,49,A320,MRO_BLR,01-06-2020,0,0,18,18,0,628,60
P060,intermittent,49,A320,MRO_BLR,01-07-2020,0,0,18,18,0,635,60
P060,intermittent,49,A320,MRO_BLR,01-08-2020,0,0,18,18,0,634,15
P060,intermittent,49,A320,MRO_BLR,01-09-2020,0,0,18,18,0,558,60
P060,intermittent,49,A320,MRO_BLR,01-10-2020,0,0,18,18,0,558,30
P060,intermittent,49,A320,MRO_BLR,01-11-2020,0,0,18,18,0,552,30
P060,intermittent,49,A320,MRO_BLR,01-12-2020,0,0,18,18,0,632,45
P060,intermittent,49,A320,MRO_BLR,01-01-2021,0,0,18,18,0,560,60
P060,intermittent,49,A320,MRO_BLR,01-02-2021,0,0,18,18,0,542,45
P060,intermittent,49,A320,MRO_BLR,01-03-2021,0,0,18,18,0,541,30
P060,intermittent,49,A320,MRO_BLR,01-04-2021,0,0,18,18,0,553,15
P060,intermittent,49,A320,MRO_BLR,01-05-2021,0,0,18,18,0,550,60
P060,intermittent,49,A320,MRO_BLR,01-06-2021,0,0,18,18,0,631,30
P060,intermittent,49,A320,MRO_BLR,01-07-2021,1,1,18,17,0,621,60
P060,intermittent,49,A320,MRO_BLR,01-08-2021,0,0,17,17,0,627,30
P060,intermittent,49,A320,MRO_BLR,01-09-2021,1,1,17,16,0,558,15
P060,intermittent,49,A320,MRO_BLR,01-10-2021,0,0,16,16,0,557,60
P060,intermittent,49,A320,MRO_BLR,01-11-2021,0,0,16,16,0,554,15
P060,intermittent,49,A320,MRO_BLR,01-12-2021,0,0,16,16,0,627,60
P060,intermittent,49,A320,MRO_BLR,01-01-2022,0,0,16,16,0,547,15
P060,intermittent,49,A320,MRO_BLR,01-02-2022,0,0,16,16,0,546,30
P060,intermittent,49,A320,MRO_BLR,01-03-2022,0,0,16,16,0,545,15
P060,intermittent,49,A320,MRO_BLR,01-04-2022,0,0,16,16,0,545,60
P060,intermittent,49,A320,MRO_BLR,01-05-2022,0,0,16,16,0,548,15
P060,intermittent,49,A320,MRO_BLR,01-06-2022,0,0,16,16,0,621,45
P060,intermittent,49,A320,MRO_BLR,01-07-2022,0,0,16,16,0,638,60
P060,intermittent,49,A320,MRO_BLR,01-08-2022,0,0,16,16,0,630,30
P060,intermittent,49,A320,MRO_BLR,01-09-2022,0,0,16,16,0,546,15
P060,intermittent,49,A320,MRO_BLR,01-10-2022,0,0,16,16,0,540,60
P060,intermittent,49,A320,MRO_BLR,01-11-2022,0,0,16,16,0,553,45
P060,intermittent,49,A320,MRO_BLR,01-12-2022,0,0,16,16,0,624,60
P060,intermittent,49,A320,MRO_BLR,01-01-2023,2,2,16,14,0,549,30
P060,intermittent,49,A320,MRO_BLR,01-02-2023,0,0,14,14,0,542,30
P060,intermittent,49,A320,MRO_BLR,01-03-2023,0,0,14,14,0,547,30
P060,intermittent,49,A320,MRO_BLR,01-04-2023,0,0,14,14,0,540,15
P060,intermittent,49,A320,MRO_BLR,01-05-2023,0,0,14,14,0,546,45
P060,intermittent,49,A320,MRO_BLR,01-06-2023,0,0,14,14,0,628,60
P060,intermittent,49,A320,MRO_BLR,01-07-2023,0,0,14,14,0,630,45
P060,intermittent,49,A320,MRO_BLR,01-08-2023,2,2,14,12,0,634,45
P060,intermittent,49,A320,MRO_BLR,01-09-2023,5,5,12,7,0,549,45
P060,intermittent,49,A320,MRO_BLR,01-10-2023,0,0,7,7,0,555,15
P060,intermittent,49,A320,MRO_BLR,01-11-2023,0,0,7,7,0,539,60
P060,intermittent,49,A320,MRO_BLR,01-12-2023,0,0,7,7,0,642,15
